Date,Open,High,Low,Close,Volume,Dividends,Stock Splits,Capital Gains,Ticker
2024-05-09 00:00:00-04:00,505.08770969254925,507.8504891521531,504.4336447297941,507.8114013671875,43643700,0.0,0.0,0.0,SPY
2024-05-10 00:00:00-04:00,509.4124099670415,510.2227068337735,507.24518313883544,508.4654846191406,52233200,0.0,0.0,0.0,SPY
2024-05-13 00:00:00-04:00,510.1445741767588,510.2519464031073,507.391566976992,508.53375244140625,36716400,0.0,0.0,0.0,SPY
2024-05-14 00:00:00-04:00,508.72906418826113,511.3844713761404,508.19214341702855,510.8670349121094,57535900,0.0,0.0,0.0,SPY
2024-05-15 00:00:00-04:00,513.3370109807618,517.4860367605042,512.7024302627835,517.1931762695312,59504900,0.0,0.0,0.0,SPY
2024-05-16 00:00:00-04:00,517.2906355349904,518.891685229184,515.9824462519231,516.12890625,50244800,0.0,0.0,0.0,SPY
2024-05-17 00:00:00-04:00,516.2460410203236,516.9391936348987,514.7914513506761,516.870849609375,59187600,0.0,0.0,0.0,SPY
2024-05-20 00:00:00-04:00,516.9880819887991,518.930792527948,516.5975616577482,517.4664306640625,37764200,0.0,0.0,0.0,SPY
2024-05-21 00:00:00-04:00,516.7050565718225,518.8918276886369,516.5000244352296,518.735595703125,33437000,0.0,0.0,0.0,SPY
2024-05-22 00:00:00-04:00,518.0423461143242,518.7549830261315,515.0647631915122,517.2418212890625,48390000,0.0,0.0,0.0,SPY
2024-05-23 00:00:00-04:00,520.2975559093766,520.4049281460258,512.2532779910508,513.4638671875,57211200,0.0,0.0,0.0,SPY
2024-05-24 00:00:00-04:00,515.3090169926944,517.671564163704,514.3620914027401,516.8612670898438,41291100,0.0,0.0,0.0,SPY
2024-05-28 00:00:00-04:00,517.6713823915322,517.9056707197677,514.5864271763583,517.2222900390625,36269600,0.0,0.0,0.0,SPY
2024-05-29 00:00:00-04:00,513.1904592530791,514.7817371522767,512.8878268689698,513.6004638671875,45190300,0.0,0.0,0.0,SPY
2024-05-30 00:00:00-04:00,512.0581664345199,512.7220034469959,508.94395393500866,510.1935119628906,46377600,0.0,0.0,0.0,SPY
2024-05-31 00:00:00-04:00,511.15011057316815,514.967187107586,506.04432903435765,514.8402709960938,90785800,0.0,0.0,0.0,SPY
2024-06-03 00:00:00-04:00,516.4511771729021,516.7342656913833,510.18366530067414,515.2601318359375,46835700,0.0,0.0,0.0,SPY
2024-06-04 00:00:00-04:00,513.9519821715993,516.5780734778808,512.4876203186922,515.8361206054688,34632700,0.0,0.0,0.0,SPY
2024-06-05 00:00:00-04:00,518.1596136281009,521.9864628385163,516.1680432425981,521.9669189453125,47610400,0.0,0.0,0.0,SPY
2024-06-06 00:00:00-04:00,522.2694966184689,522.6990451286446,520.0241537818829,521.9570922851562,30808500,0.0,0.0,0.0,SPY
2024-06-07 00:00:00-04:00,520.980911626184,524.1342115774243,519.8875261250549,521.3226318359375,43224500,0.0,0.0,0.0,SPY
2024-06-10 00:00:00-04:00,520.5122904328304,523.255525898201,519.916797584573,522.933349609375,35686100,0.0,0.0,0.0,SPY
2024-06-11 00:00:00-04:00,521.3812301755825,524.2513821567796,519.4092035615838,524.1928100585938,36383400,0.0,0.0,0.0,SPY
2024-06-12 00:00:00-04:00,528.7615900630306,531.1924214122917,527.4631724257194,528.4979858398438,63251300,0.0,0.0,0.0,SPY
2024-06-13 00:00:00-04:00,530.2453924252503,530.4211086780596,526.7699763935087,529.56201171875,44760900,0.0,0.0,0.0,SPY
2024-06-14 00:00:00-04:00,528.0293342324846,529.9134725597781,527.0237772162169,529.8842163085938,40089900,0.0,0.0,0.0,SPY
2024-06-17 00:00:00-04:00,529.2008114818414,535.49757872361,528.7419471638832,534.1015014648438,55839500,0.0,0.0,0.0,SPY
2024-06-18 00:00:00-04:00,534.16013957423,535.585473259027,533.7403629842298,535.4585571289062,41376400,0.0,0.0,0.0,SPY
2024-06-20 00:00:00-04:00,536.3859370269113,537.0497738552268,532.2271402161125,534.00390625,70328200,0.0,0.0,0.0,SPY
2024-06-21 00:00:00-04:00,533.1803062748603,534.4045446160707,531.828742363983,533.2880249023438,64338600,1.759,0.0,0.0,SPY
2024-06-24 00:00:00-04:00,533.1117619254674,535.6777608035513,531.4369822915095,531.5545043945312,45528700,0.0,0.0,0.0,SPY
2024-06-25 00:00:00-04:00,532.7788478393535,533.9639323519827,531.2608038949288,533.6015625,37936200,0.0,0.0,0.0,SPY
2024-06-26 00:00:00-04:00,532.4848968900385,534.9823310545671,531.8385253727439,534.2673950195312,38550600,0.0,0.0,0.0,SPY
2024-06-27 00:00:00-04:00,534.1302894973802,535.6875469780335,533.3859430174333,535.1096801757812,35041500,0.0,0.0,0.0,SPY
2024-06-28 00:00:00-04:00,535.883439640916,538.9391939081404,531.76024266257,533.0040283203125,76144500,0.0,0.0,0.0,SPY
2024-07-01 00:00:00-04:00,534.3848928648134,534.6297405125247,531.339002473828,534.1008911132812,40297800,0.0,0.0,0.0,SPY
2024-07-02 00:00:00-04:00,532.4947501316359,537.6953125,532.4457925507478,537.6953125,40434800,0.0,0.0,0.0,SPY
2024-07-03 00:00:00-04:00,537.3819778344747,540.4572795070011,537.3428237195677,540.0949096679688,32789900,0.0,0.0,0.0,SPY
2024-07-05 00:00:00-04:00,540.3983822148235,543.6107523683424,539.7617544001083,543.209228515625,41488400,0.0,0.0,0.0,SPY
2024-07-08 00:00:00-04:00,543.9928578751316,544.7861620751073,542.7686193086706,543.836181640625,36110500,0.0,0.0,0.0,SPY
2024-07-09 00:00:00-04:00,544.7959245684453,545.6969473479489,544.0711849559792,544.364990234375,27289700,0.0,0.0,0.0,SPY
2024-07-10 00:00:00-04:00,545.5892370725392,550.0944108163902,545.2954317896393,549.7516479492188,38701200,0.0,0.0,0.0,SPY
2024-07-11 00:00:00-04:00,549.8690290838814,550.7407010140586,544.3746624818856,545.01123046875,53054200,0.0,0.0,0.0,SPY
2024-07-12 00:00:00-04:00,546.1376269625789,552.0531251206323,545.667538567234,548.448974609375,53084400,0.0,0.0,0.0,SPY
2024-07-15 00:00:00-04:00,550.4469707289841,553.1990561394715,548.0964091939553,549.957275390625,40584300,0.0,0.0,0.0,SPY
2024-07-16 00:00:00-04:00,551.2696499606263,553.5124331903285,550.51549997726,553.2186279296875,36475300,0.0,0.0,0.0,SPY
2024-07-17 00:00:00-04:00,547.2835053633577,548.9582849622979,545.1386373621594,545.4618530273438,57119000,0.0,0.0,0.0,SPY
2024-07-18 00:00:00-04:00,546.9994907975359,547.9886849352189,539.0859974733345,541.27001953125,56270400,0.0,0.0,0.0,SPY
2024-07-19 00:00:00-04:00,541.0350233261719,542.6608454522978,536.6179614633988,537.6757202148438,65509100,0.0,0.0,0.0,SPY
2024-07-22 00:00:00-04:00,541.6031583779978,543.8263948114603,539.6639835581032,543.2191772460938,43346700,0.0,0.0,0.0,SPY
2024-07-23 00:00:00-04:00,543.1112299862826,545.2659012148495,541.8772480700306,542.366943359375,34439600,0.0,0.0,0.0,SPY
2024-07-24 00:00:00-04:00,537.5483785668235,537.8519873002513,529.1549928867055,530.0756225585938,74515300,0.0,0.0,0.0,SPY
2024-07-25 00:00:00-04:00,530.1930703849662,536.1771923025162,526.373482961852,527.3136596679688,61158300,0.0,0.0,0.0,SPY
2024-07-26 00:00:00-04:00,531.1040247828195,535.9128068838628,530.3302678617441,533.219482421875,53763800,0.0,0.0,0.0,SPY
2024-07-29 00:00:00-04:00,534.7668786438925,535.775619885458,531.534841817287,533.5328369140625,39515800,0.0,0.0,0.0,SPY
2024-07-30 00:00:00-04:00,535.0018639723148,536.0596224497041,527.4213910684044,530.8296508789062,46853600,0.0,0.0,0.0,SPY
2024-07-31 00:00:00-04:00,537.665950025587,542.0928156342903,536.2948387521341,539.458251953125,65663400,0.0,0.0,0.0,SPY
2024-08-01 00:00:00-04:00,541.1819427118934,543.4345294348678,528.3127341764186,531.8189697265625,76428700,0.0,0.0,0.0,SPY
2024-08-02 00:00:00-04:00,524.7085367838448,525.9229716163323,517.705869778205,521.9172973632812,82789100,0.0,0.0,0.0,SPY
2024-08-05 00:00:00-04:00,501.0954700551791,512.7893973566776,499.75367969518885,506.7171630859375,146267400,0.0,0.0,0.0,SPY
2024-08-06 00:00:00-04:00,508.5192787931633,518.832292941033,507.19712508166475,511.3889465332031,84826300,0.0,0.0,0.0,SPY
2024-08-07 00:00:00-04:00,517.5786469147923,520.6344013211964,507.3734111313128,507.9708251953125,70698300,0.0,0.0,0.0,SPY
2024-08-08 00:00:00-04:00,513.1124804789883,520.3403875727178,511.08519462973396,519.713623046875,63276600,0.0,0.0,0.0,SPY
2024-08-09 00:00:00-04:00,518.8910375919244,523.4941863094633,517.66679909137,522.0054931640625,45619600,0.0,0.0,0.0,SPY
2024-08-12 00:00:00-04:00,523.2003538167259,524.6889871074426,520.0075304089534,522.2797241210938,42542100,0.0,0.0,0.0,SPY
2024-08-13 00:00:00-04:00,525.4723832838852,531.1038783333645,525.2275356730382,530.8687744140625,52333100,0.0,0.0,0.0,SPY
2024-08-14 00:00:00-04:00,531.6622865517797,533.7288466275766,528.9885687226673,532.5437622070312,42446900,0.0,0.0,0.0,SPY
2024-08-15 00:00:00-04:00,538.1752594686596,541.9556937145602,537.5680419380651,541.6716918945312,60846800,0.0,0.0,0.0,SPY
2024-08-16 00:00:00-04:00,540.0556546584454,543.5814973816967,539.8989784334714,542.8861083984375,44430700,0.0,0.0,0.0,SPY
2024-08-19 00:00:00-04:00,543.2974116195307,548.0768432617188,542.4453464492109,548.0768432617188,39121800,0.0,0.0,0.0,SPY
2024-08-20 00:00:00-04:00,547.6264067744836,549.2815796690877,545.843908289735,547.1856689453125,33732300,0.0,0.0,0.0,SPY
2024-08-21 00:00:00-04:00,548.2336427512126,550.5253838963663,543.2974745420673,549.0661010742188,41514600,0.0,0.0,0.0,SPY
2024-08-22 00:00:00-04:00,550.9660777475402,551.5732952522009,543.5422788578662,544.7567138671875,56121500,0.0,0.0,0.0,SPY
2024-08-23 00:00:00-04:00,547.9985298599797,551.4851585059275,545.8046443878154,550.544921875,50639400,0.0,0.0,0.0,SPY
2024-08-26 00:00:00-04:00,551.5732410031779,552.2881770773529,547.528352675827,549.2324829101562,35788600,0.0,0.0,0.0,SPY
2024-08-27 00:00:00-04:00,547.9593482100599,550.4763897351174,546.8134777136145,549.9866943359375,32693900,0.0,0.0,0.0,SPY
2024-08-28 00:00:00-04:00,549.6439450462528,550.0748793992682,543.601060631449,546.7938842773438,41066000,0.0,0.0,0.0,SPY
2024-08-29 00:00:00-04:00,548.7623394799141,552.0628809883677,545.6968421488655,546.8427124023438,38715200,0.0,0.0,0.0,SPY
2024-08-30 00:00:00-04:00,549.212987410433,552.5722906161151,545.6577940930898,552.06298828125,62700100,0.0,0.0,0.0,SPY
2024-09-03 00:00:00-04:00,548.9190687874888,549.2520879225416,538.18498513228,540.7020263671875,60600100,0.0,0.0,0.0,SPY
2024-09-04 00:00:00-04:00,538.860854815549,543.0036589607188,538.136115154692,539.5953979492188,47224900,0.0,0.0,0.0,SPY
2024-09-05 00:00:00-04:00,539.5364855369387,542.3864857940848,535.8245570186228,538.2828369140625,44264300,0.0,0.0,0.0,SPY
2024-09-06 00:00:00-04:00,538.6061519080256,540.2319142524223,528.3225490242058,529.2235717773438,68493800,0.0,0.0,0.0,SPY
2024-09-09 00:00:00-04:00,533.4251872668898,536.4221205223048,531.4957564364314,535.1488647460938,40445800,0.0,0.0,0.0,SPY
2024-09-10 00:00:00-04:00,537.05860555086,537.8323623685915,532.1812595780266,537.479736328125,36394600,0.0,0.0,0.0,SPY
2024-09-11 00:00:00-04:00,537.3916883108078,543.9144040618945,528.8318231688719,542.9937744140625,75248600,0.0,0.0,0.0,SPY
2024-09-12 00:00:00-04:00,543.5715745845557,547.8711135710835,541.3483388424467,547.5675048828125,51819600,0.0,0.0,0.0,SPY
2024-09-13 00:00:00-04:00,548.1747207597754,551.4263046450518,547.920069645679,550.4273071289062,39310500,0.0,0.0,0.0,SPY
2024-09-16 00:00:00-04:00,550.1628688432331,551.5046291897925,548.3608236054457,551.240234375,36656100,0.0,0.0,0.0,SPY
2024-09-17 00:00:00-04:00,553.4537083801224,554.9032473896473,549.2325364902464,551.465576171875,49321000,0.0,0.0,0.0,SPY
2024-09-18 00:00:00-04:00,552.1217580784818,556.969754476821,549.2717571625421,549.8300170898438,59044900,0.0,0.0,0.0,SPY
2024-09-19 00:00:00-04:00,559.2419348303403,561.0733907935877,556.3723270388496,559.2125244140625,75315500,0.0,0.0,0.0,SPY
2024-09-20 00:00:00-04:00,557.8430941207945,559.2871857073619,555.2200568119598,558.245849609375,77503100,1.746,0.0,0.0,SPY
2024-09-23 00:00:00-04:00,559.3166610051752,560.2892222272916,558.0984411315784,559.6408081054688,44116900,0.0,0.0,0.0,SPY
2024-09-24 00:00:00-04:00,560.4364946014963,561.3010067117204,557.6071931426925,561.2420654296875,46805700,0.0,0.0,0.0,SPY
2024-09-25 00:00:00-04:00,561.0849426444706,561.8217386948093,558.8941616149112,560.0042724609375,38428600,0.0,0.0,0.0,SPY
2024-09-26 00:00:00-04:00,564.2678851150425,564.5920921622151,559.866775948692,562.2244873046875,48336000,0.0,0.0,0.0,SPY
2024-09-27 00:00:00-04:00,563.295359810012,564.1107043094071,560.3776161208616,561.4091186523438,42100900,0.0,0.0,0.0,SPY
2024-09-30 00:00:00-04:00,560.3776493545987,564.2679545173111,558.0788790007499,563.6588745117188,63557400,0.0,0.0,0.0,SPY
2024-10-01 00:00:00-04:00,563.3052513338224,563.9536055755817,556.0355051968223,558.609375,72668800,0.0,0.0,0.0,SPY
2024-10-02 00:00:00-04:00,557.715374727311,559.866821742494,555.3183290115846,558.8450927734375,38097800,0.0,0.0,0.0,SPY
2024-10-03 00:00:00-04:00,557.3714411111998,559.7684865712154,555.5343678239607,557.8233642578125,40846500,0.0,0.0,0.0,SPY
2024-10-04 00:00:00-04:00,562.273664576873,563.2658929623027,558.09848649286,562.892578125,42939100,0.0,0.0,0.0,SPY
2024-10-07 00:00:00-04:00,561.2420924631317,561.8905065573382,556.6543259021896,557.8037109375,49964700,0.0,0.0,0.0,SPY
2024-10-08 00:00:00-04:00,560.3775771285751,563.6784689445017,559.5032914013763,563.0791625976562,37398700,0.0,0.0,0.0,SPY
2024-10-09 00:00:00-04:00,563.0692766676514,567.5392201781847,562.4700303371761,566.979248046875,37912200,0.0,0.0,0.0,SPY
2024-10-10 00:00:00-04:00,565.6334738441669,567.4116060358193,564.3759797176003,565.9871215820312,44138100,0.0,0.0,0.0,SPY
2024-10-11 00:00:00-04:00,565.9084606662699,570.1131388058892,565.7709110163313,569.3763427734375,42268000,0.0,0.0,0.0,SPY
2024-10-14 00:00:00-04:00,570.9874382986001,574.9661849382893,570.5060744728205,574.0328979492188,36217200,0.0,0.0,0.0,SPY
2024-10-15 00:00:00-04:00,574.2981309420833,574.6026708937048,568.3545951743074,569.5728149414062,54203600,0.0,0.0,0.0,SPY
2024-10-16 00:00:00-04:00,569.5729286407808,572.5692210133667,568.7673576490918,572.0485229492188,30725400,0.0,0.0,0.0,SPY
2024-10-17 00:00:00-04:00,575.594918349773,575.801242846272,571.9109378019983,572.0975952148438,34393700,0.0,0.0,0.0,SPY
2024-10-18 00:00:00-04:00,573.787292295603,575.0840605235142,572.3235337539761,574.2981567382812,37416800,0.0,0.0,0.0,SPY
2024-10-21 00:00:00-04:00,573.5711395635755,574.5535342943244,570.378356688641,573.3550415039062,36439000,0.0,0.0,0.0,SPY
2024-10-22 00:00:00-04:00,570.8204209471064,574.2096946097226,570.1622332957213,573.0504760742188,34183800,0.0,0.0,0.0,SPY
2024-10-23 00:00:00-04:00,571.0268424499369,571.4689321263772,564.3072352656649,567.8143920898438,49314600,0.0,0.0,0.0,SPY
2024-10-24 00:00:00-04:00,569.7693209618997,569.8479293354313,566.4193810527883,569.0423583984375,34979900,0.0,0.0,0.0,SPY
2024-10-25 00:00:00-04:00,571.2723713678375,574.1704478252901,567.9027646254573,568.8458251953125,47268200,0.0,0.0,0.0,SPY
2024-10-28 00:00:00-04:00,572.3234997428319,572.4512158459117,570.2997691348281,570.6043090820312,30174700,0.0,0.0,0.0,SPY
2024-10-29 00:00:00-04:00,569.6415908764491,572.6477165136779,568.2466070737139,571.52783203125,42899700,0.0,0.0,0.0,SPY
2024-10-30 00:00:00-04:00,571.0562623128328,573.0505525749719,569.0914726763393,569.798828125,41435800,0.0,0.0,0.0,SPY
2024-10-31 00:00:00-04:00,565.4272457494502,565.4960205925304,558.4325983696156,558.6290893554688,60182500,0.0,0.0,0.0,SPY
2024-11-01 00:00:00-04:00,561.2617936558026,565.4173043933644,560.5741053167588,560.9866943359375,45667500,0.0,0.0,0.0,SPY
2024-11-04 00:00:00-05:00,561.1241962515347,562.4209644478059,557.892139281839,559.7783203125,38217000,0.0,0.0,0.0,SPY
2024-11-05 00:00:00-05:00,560.6920242782184,566.5863933486033,560.4759261934032,566.547119140625,39478300,0.0,0.0,0.0,SPY
2024-11-06 00:00:00-05:00,578.8270097230293,581.508928254242,575.0840880526238,580.6345825195312,68182000,0.0,0.0,0.0,SPY
2024-11-07 00:00:00-05:00,582.6387786486675,586.1459356042433,582.5601702684252,585.1242065429688,47233200,0.0,0.0,0.0,SPY
2024-11-08 00:00:00-05:00,585.674356571417,589.0832980878612,585.674356571417,587.6588134765625,46444900,0.0,0.0,0.0,SPY
2024-11-11 00:00:00-05:00,589.2502526004109,589.6039003558736,586.4897254702406,588.21875,37586800,0.0,0.0,0.0,SPY
2024-11-12 00:00:00-05:00,588.1400498376755,588.739296212128,583.9059310932324,586.3914184570312,43006100,0.0,0.0,0.0,SPY
2024-11-13 00:00:00-05:00,586.8531544283672,588.6803942959151,584.4856094336134,586.6763305664062,47388600,0.0,0.0,0.0,SPY
2024-11-14 00:00:00-05:00,586.804069200042,587.2854330583992,582.2163022724781,582.9039306640625,38904100,0.0,0.0,0.0,SPY
2024-11-15 00:00:00-05:00,579.3377611991996,579.8093514182389,573.580942771995,575.4376831054688,75988800,0.0,0.0,0.0,SPY
2024-11-18 00:00:00-05:00,575.8994574754852,579.1119076957027,575.0350052053479,577.7955322265625,37001700,0.0,0.0,0.0,SPY
2024-11-19 00:00:00-05:00,574.4160398519082,580.6345552744816,573.7480186357969,579.9075927734375,49412000,0.0,0.0,0.0,SPY
2024-11-20 00:00:00-05:00,579.9862433981077,580.3889988810581,574.3374733314436,580.1041259765625,50032600,0.0,0.0,0.0,SPY
2024-11-21 00:00:00-05:00,582.9531779300596,584.6428684357575,577.1079160795289,583.2183837890625,46750300,0.0,0.0,0.0,SPY
2024-11-22 00:00:00-05:00,583.2084127301733,585.6546259064262,582.7074417987914,585.02587890625,38226400,0.0,0.0,0.0,SPY
2024-11-25 00:00:00-05:00,588.965270737662,590.2816460152659,584.7213185752529,587.0103149414062,42441400,0.0,0.0,0.0,SPY
2024-11-26 00:00:00-05:00,588.2579731618996,590.7434606979054,587.5408441710033,590.075439453125,45621300,0.0,0.0,0.0,SPY
2024-11-27 00:00:00-05:00,589.8887838542881,590.2718722436573,586.7647756879834,588.2874755859375,34000200,0.0,0.0,0.0,SPY
2024-11-29 00:00:00-05:00,589.1028202958577,592.7278593888155,588.8277809402925,591.9419555664062,30177400,0.0,0.0,0.0,SPY
2024-12-02 00:00:00-05:00,592.354515594293,593.6807844427898,591.8633182342458,593.0029296875,31746000,0.0,0.0,0.0,SPY
2024-12-03 00:00:00-05:00,592.7672715983962,593.5236748962523,591.7357689481371,593.278076171875,26906600,0.0,0.0,0.0,SPY
2024-12-04 00:00:00-05:00,594.9677449089698,597.2075737883222,594.2997236656325,596.9619750976562,42787600,0.0,0.0,0.0,SPY
2024-12-05 00:00:00-05:00,596.9620090763937,597.7675800229049,595.6259665136723,595.9796142578125,28762200,0.0,0.0,0.0,SPY
2024-12-06 00:00:00-05:00,596.7459547224977,598.3472631909667,596.333365657436,597.1094360351562,31241500,0.0,0.0,0.0,SPY
2024-12-09 00:00:00-05:00,596.9914414878755,597.1584317989794,593.445010988573,594.034423828125,34742700,0.0,0.0,0.0,SPY
2024-12-10 00:00:00-05:00,594.7123228135097,595.134745373381,591.529373321926,592.1875610351562,37234500,0.0,0.0,0.0,SPY
2024-12-11 00:00:00-05:00,595.115147903942,597.7184581352288,594.8400485801485,596.7655639648438,28677700,0.0,0.0,0.0,SPY
2024-12-12 00:00:00-05:00,595.9010621562538,596.4708079758578,593.690673828125,593.690673828125,31543800,0.0,0.0,0.0,SPY
2024-12-13 00:00:00-05:00,595.7242620650901,596.4413911194437,592.197438164754,593.5728149414062,35904700,0.0,0.0,0.0,SPY
2024-12-16 00:00:00-05:00,595.3311685679445,597.0798598573732,594.5550983663578,596.1072387695312,43695200,0.0,0.0,0.0,SPY
2024-12-17 00:00:00-05:00,593.553151685944,594.5158794594372,592.2760503625989,593.6513671875,55773500,0.0,0.0,0.0,SPY
2024-12-18 00:00:00-05:00,593.3467745348553,595.7339866328443,575.5752867073982,575.9584350585938,108248700,0.0,0.0,0.0,SPY
2024-12-19 00:00:00-05:00,580.948961299734,582.5601031255708,575.5359564813775,575.7815551757812,85919500,0.0,0.0,0.0,SPY
2024-12-20 00:00:00-05:00,573.451443984787,587.2315284125533,572.6036951737447,582.6973266601562,125716700,1.966,0.0,0.0,SPY
2024-12-23 00:00:00-05:00,582.4410536479828,586.7879698949739,579.257197549177,586.1867065429688,57635800,0.0,0.0,0.0,SPY
2024-12-24 00:00:00-05:00,587.5370230202848,592.7415539521577,586.9554328723399,592.7020874023438,33160100,0.0,0.0,0.0,SPY
2024-12-26 00:00:00-05:00,590.9278604962976,593.8652307760627,589.5281816588665,592.7415771484375,41219100,0.0,0.0,0.0,SPY
2024-12-27 00:00:00-05:00,588.9958066290322,589.2324254266508,582.31278453499,586.5020141601562,64969300,0.0,0.0,0.0,SPY
2024-12-30 00:00:00-05:00,579.4839049805771,583.278830614674,576.0536238226567,579.8091430664062,56578800,0.0,0.0,0.0,SPY
2024-12-31 00:00:00-05:00,581.4749602926895,582.194563069081,576.0634704063194,577.6997680664062,57052700,0.0,0.0,0.0,SPY
2025-01-02 00:00:00-05:00,580.9624149327,582.6775253068124,572.1995172748154,576.2803344726562,50204000,0.0,0.0,0.0,SPY
2025-01-03 00:00:00-05:00,579.129057366777,584.1265095290074,578.0447499447286,583.48583984375,37888500,0.0,0.0,0.0,SPY
2025-01-06 00:00:00-05:00,587.7441288005318,591.1250770135647,585.1122630331895,586.8471069335938,47679400,0.0,0.0,0.0,SPY
2025-01-07 00:00:00-05:00,588.8776099950986,589.2029082453815,578.3897946667151,580.2133178710938,60393100,0.0,0.0,0.0,SPY
2025-01-08 00:00:00-05:00,580.2822309005052,582.1353537217743,576.832277161694,581.0609130859375,47304700,0.0,0.0,0.0,SPY
2025-01-10 00:00:00-05:00,577.5025797313914,577.5715860296085,570.2773736421228,572.1896362304688,73105000,0.0,0.0,0.0,SPY
2025-01-13 00:00:00-05:00,567.5371468067242,573.4316201868376,567.123109023982,573.0767822265625,47910100,0.0,0.0,0.0,SPY
2025-01-14 00:00:00-05:00,576.0043111010004,576.6351742776535,570.0802375478183,573.8653564453125,48420600,0.0,0.0,0.0,SPY
2025-01-15 00:00:00-05:00,581.8889752343268,585.4473419377294,580.7751281246863,584.303955078125,56900200,0.0,0.0,0.0,SPY
2025-01-16 00:00:00-05:00,585.6740294157521,585.8514484014332,582.4803673486446,583.1802368164062,43319700,0.0,0.0,0.0,SPY
2025-01-17 00:00:00-05:00,588.4242094250709,590.7898562052613,587.0934767089387,589.0353393554688,58070600,0.0,0.0,0.0,SPY
2025-01-21 00:00:00-05:00,592.0810894520482,594.4369296257112,590.1096871636119,594.4270629882812,42532900,0.0,0.0,0.0,SPY
2025-01-22 00:00:00-05:00,597.2560318658977,599.1288881406504,596.7040416210903,597.7686157226562,48196000,0.0,0.0,0.0,SPY
2025-01-23 00:00:00-05:00,597.1377792345874,601.0313110351562,596.8618141810588,601.0313110351562,41152100,0.0,0.0,0.0,SPY
2025-01-24 00:00:00-05:00,601.0903888692611,602.0465502262632,598.1234189150732,599.2766723632812,34604700,0.0,0.0,0.0,SPY
2025-01-27 00:00:00-05:00,586.3049484329972,591.1151752666312,586.1373960687419,590.7997436523438,70361100,0.0,0.0,0.0,SPY
2025-01-28 00:00:00-05:00,592.0318399526346,596.7139205737208,588.7100317776161,595.8760986328125,44433300,0.0,0.0,0.0,SPY
2025-01-29 00:00:00-05:00,595.0874967960807,595.4916679771449,590.6518414168764,593.204833984375,37177400,0.0,0.0,0.0,SPY
2025-01-30 00:00:00-05:00,595.3240968992558,597.9263022497843,592.130374590218,596.3886108398438,39281300,0.0,0.0,0.0,SPY
2025-01-31 00:00:00-05:00,598.8134974486875,601.2383441338676,592.4557124803268,593.2147216796875,66566900,0.0,0.0,0.0,SPY
2025-02-03 00:00:00-05:00,584.1954832564219,591.7065212004032,582.0466619706364,589.2225952148438,65857200,0.0,0.0,0.0,SPY
2025-02-04 00:00:00-05:00,589.2817005882882,593.6877555909119,588.7395770202528,593.1752319335938,33457800,0.0,0.0,0.0,SPY
2025-02-05 00:00:00-05:00,592.0515554519985,595.7282015036632,590.021013481686,595.580322265625,30653100,0.0,0.0,0.0,SPY
2025-02-06 00:00:00-05:00,597.32497036233,597.7784145043308,594.0130292694355,597.6502685546875,35771500,0.0,0.0,0.0,SPY
2025-02-07 00:00:00-05:00,598.2122352633725,599.4344951653416,591.4700123634921,592.1797485351562,50788500,0.0,0.0,0.0,SPY
2025-02-10 00:00:00-05:00,595.3930719758379,596.8420237335293,594.1214790365186,596.2012939453125,26048700,0.0,0.0,0.0,SPY
2025-02-11 00:00:00-05:00,593.93424024475,597.1969087784863,593.8159609148958,596.65478515625,30056700,0.0,0.0,0.0,SPY
2025-02-12 00:00:00-05:00,590.6321148502618,595.9055917033094,589.9519786805068,594.7326049804688,45076100,0.0,0.0,0.0,SPY
2025-02-13 00:00:00-05:00,595.8366651794477,601.2186155981716,594.5749988790903,601.0115966796875,40921300,0.0,0.0,0.0,SPY
2025-02-14 00:00:00-05:00,601.2186143347305,602.2535886001177,600.3610590723445,600.9820556640625,26910400,0.0,0.0,0.0,SPY
2025-02-18 00:00:00-05:00,602.1450746766837,602.746337890625,599.6808220007749,602.746337890625,26749000,0.0,0.0,0.0,SPY
2025-02-19 00:00:00-05:00,601.3565473981581,604.4614697835945,600.8439635712302,604.165771484375,31011100,0.0,0.0,0.0,SPY
2025-02-20 00:00:00-05:00,602.7956695963146,602.9336821985821,598.3403412349714,601.6522827148438,36554000,0.0,0.0,0.0,SPY
2025-02-21 00:00:00-05:00,601.435409514207,601.5734221193063,590.8982614234848,591.361572265625,76519800,0.0,0.0,0.0,SPY
2025-02-24 00:00:00-05:00,593.4119363420369,594.4075043153588,587.9609790870905,588.6707153320312,50737200,0.0,0.0,0.0,SPY
2025-02-25 00:00:00-05:00,588.6114660308307,589.3408752561445,581.129967827771,585.7430419921875,58266500,0.0,0.0,0.0,SPY
2025-02-26 00:00:00-05:00,587.4088352242034,591.006668217937,583.3970246238699,586.0386962890625,43321600,0.0,0.0,0.0,SPY
2025-02-27 00:00:00-05:00,588.3157720956499,589.4690858850936,576.2902648713853,576.6845092773438,74196700,0.0,0.0,0.0,SPY
2025-02-28 00:00:00-05:00,577.1871598716435,586.2161558854355,574.1117771132394,585.6838989257812,88744100,0.0,0.0,0.0,SPY
2025-03-03 00:00:00-05:00,587.6553155599406,588.798762606637,571.6081318173137,575.4227905273438,74249200,0.0,0.0,0.0,SPY
2025-03-04 00:00:00-05:00,571.4208567458912,577.0196322682823,564.0675042327628,568.611572265625,109648200,0.0,0.0,0.0,SPY
2025-03-05 00:00:00-05:00,568.4439889843314,576.5168836727693,564.8856223320056,574.722900390625,71230500,0.0,0.0,0.0,SPY
2025-03-06 00:00:00-05:00,567.2513477016495,571.874289065213,561.9680033325571,564.52099609375,80094900,0.0,0.0,0.0,SPY
2025-03-07 00:00:00-05:00,562.7368791286215,569.1340707451673,557.5422141835529,567.68505859375,81158800,0.0,0.0,0.0,SPY
2025-03-10 00:00:00-04:00,559.4741670846696,561.3962362827218,547.6457527585567,552.5643920898438,99326600,0.0,0.0,0.0,SPY
2025-03-11 00:00:00-04:00,551.4012894751355,555.9552243228402,544.1268096197261,547.9710083007812,88102100,0.0,0.0,0.0,SPY
2025-03-12 00:00:00-04:00,554.1315858671662,555.0581473332891,545.7728595599632,550.8787841796875,69588200,0.0,0.0,0.0,SPY
2025-03-13 00:00:00-04:00,550.5042540653316,551.1153839968962,541.8202288918889,543.5353393554688,74079400,0.0,0.0,0.0,SPY
2025-03-14 00:00:00-04:00,548.1582415612112,555.7678855775432,543.6043071486545,554.762451171875,62660300,0.0,0.0,0.0,SPY
2025-03-17 00:00:00-04:00,554.742702735982,561.5637976935186,554.3089918436672,559.0404052734375,49008700,0.0,0.0,0.0,SPY
2025-03-18 00:00:00-04:00,556.7240886177484,556.9409741907108,551.0661727165913,552.9981689453125,66041400,0.0,0.0,0.0,SPY
2025-03-19 00:00:00-04:00,554.7821880592443,562.7860764826731,553.5993346617712,559.0206909179688,66556000,0.0,0.0,0.0,SPY
2025-03-20 00:00:00-04:00,555.2750866351008,562.4115538615378,554.5554838320709,557.4041748046875,62958200,0.0,0.0,0.0,SPY
2025-03-21 00:00:00-04:00,552.9413292589383,558.4877328401925,551.7054963570508,557.5880126953125,83763000,1.696,0.0,0.0,SPY
2025-03-24 00:00:00-04:00,564.3307537296456,568.6314886589248,563.7375780431137,567.5736083984375,58766800,0.0,0.0,0.0,SPY
2025-03-25 00:00:00-04:00,568.7797678649376,569.8771730865459,567.1880294433175,568.93798828125,38355700,0.0,0.0,0.0,SPY
2025-03-26 00:00:00-04:00,568.6710483477373,569.7981425644431,560.7617168790538,562.1458740234375,51848300,0.0,0.0,0.0,SPY
2025-03-27 00:00:00-04:00,560.7517966033342,564.4296669577193,558.5371935416607,560.6529541015625,42164200,0.0,0.0,0.0,SPY
2025-03-28 00:00:00-04:00,559.120558969836,559.8521624781242,548.7790863172526,549.3623657226562,71662700,0.0,0.0,0.0,SPY
2025-03-31 00:00:00-04:00,543.5984015371023,554.3550955683165,540.6719276036363,553.050048828125,95328200,0.0,0.0,0.0,SPY
2025-04-01 00:00:00-04:00,551.1320571376683,556.559825628618,547.4047657676659,554.6121215820312,54609600,0.0,0.0,0.0,SPY
2025-04-02 00:00:00-04:00,548.7592465118332,560.9890444564371,548.52197624234,558.1219482421875,76014500,0.0,0.0,0.0,SPY
2025-04-03 00:00:00-04:00,538.9319060881811,541.7594774009829,530.6172485351562,530.6172485351562,125986000,0.0,0.0,0.0,SPY
2025-04-04 00:00:00-04:00,517.7349036725598,519.9099817661254,499.3358369172059,499.5533447265625,217965100,0.0,0.0,0.0,SPY
2025-04-07 00:00:00-04:00,483.64569927250346,517.2405628900261,476.33944038650816,498.6635437011719,256611400,0.0,0.0,0.0,SPY
2025-04-08 00:00:00-04:00,515.9454474877983,519.0300819148135,483.6160734043612,490.8531188964844,165816600,0.0,0.0,0.0,SPY
2025-04-09 00:00:00-04:00,487.84755542038147,542.4021606445312,487.46196103833506,542.4021606445312,241867300,0.0,0.0,0.0,SPY
2025-04-10 00:00:00-04:00,526.1385259148457,527.4534689848499,503.5475251856576,518.6345825195312,162331200,0.0,0.0,0.0,SPY
2025-04-11 00:00:00-04:00,517.0824330937988,530.3503195313269,514.1757514102393,527.8885498046875,97866300,0.0,0.0,0.0,SPY
2025-04-14 00:00:00-04:00,537.883883195208,538.1113174755011,527.8093712828247,533.009765625,68034000,0.0,0.0,0.0,SPY
2025-04-15 00:00:00-04:00,533.5535570239268,537.0732068479572,530.7259857198238,531.5169067382812,56892900,0.0,0.0,0.0,SPY
2025-04-16 00:00:00-04:00,525.6541223320015,531.7937621429162,514.3931980244283,519.7023315429688,83484800,0.0,0.0,0.0,SPY
2025-04-17 00:00:00-04:00,521.6599483491107,525.1499093262158,517.9721816819745,520.44384765625,79868100,0.0,0.0,0.0,SPY
2025-04-21 00:00:00-04:00,515.2533374613439,515.7872559194974,502.69729269891565,508.0558776855469,69368100,0.0,0.0,0.0,SPY
2025-04-22 00:00:00-04:00,514.2448892796023,523.3010457814191,513.3056442523776,521.2742919921875,75948100,0.0,0.0,0.0,SPY
2025-04-23 00:00:00-04:00,534.3049123051696,539.2482437222484,527.8291602174767,529.3516845703125,90590700,0.0,0.0,0.0,SPY
2025-04-24 00:00:00-04:00,530.6369834977514,541.2256220112762,529.3814182452572,540.4940185546875,64150400,0.0,0.0,0.0,SPY
2025-04-25 00:00:00-04:00,540.4544620384363,544.8045575926888,537.5279880397045,544.3992309570312,61119600,0.0,0.0,0.0,SPY
2025-04-28 00:00:00-04:00,545.1407299494361,547.2762226232229,538.8429303961163,544.6068115234375,47613800,0.0,0.0,0.0,SPY
2025-04-29 00:00:00-04:00,542.6888783318544,549.1547955800734,542.3329728897722,548.03759765625,47775100,0.0,0.0,0.0,SPY
2025-04-30 00:00:00-04:00,541.3640897959557,550.2126665027023,535.3826699025942,548.2550659179688,93101500,0.0,0.0,0.0,SPY
2025-05-01 00:00:00-04:00,554.0189320097116,557.6770094036193,551.5373699314374,552.1404418945312,63186100,0.0,0.0,0.0,SPY
2025-05-02 00:00:00-04:00,558.3294653880318,561.9381212948161,556.0061238656243,560.3364868164062,60717300,0.0,0.0,0.0,SPY
2025-05-05 00:00:00-04:00,556.194064255589,560.2278400664005,555.3339293144951,557.1234130859375,38659200,0.0,0.0,0.0,SPY
2025-05-06 00:00:00-04:00,551.6066009560054,556.9651555946843,550.6476235760448,552.4667358398438,48264700,0.0,0.0,0.0,SPY
2025-05-07 00:00:00-04:00,553.8014947566288,557.4298834610689,549.738030089525,554.7901611328125,55588000,0.0,0.0,0.0,SPY
2025-05-08 00:00:00-04:00,558.8337754612519,563.8463212534109,555.333918196641,558.6558227539062,65130800,0.0,0.0,0.0,SPY
2025-05-09 00:00:00-04:00,560.0596697605964,561.068128702691,556.381860066797,557.9439697265625,37603400,0.0,0.0,0.0,SPY
2025-05-12 00:00:00-04:00,574.8797762427796,576.3924646775216,570.4999916854949,576.382568359375,78993600,0.0,0.0,0.0,SPY
2025-05-13 00:00:00-04:00,576.7977862928067,582.403567726764,576.2342995973956,580.18896484375,67947200,0.0,0.0,0.0,SPY
2025-05-14 00:00:00-04:00,581.1479585868793,582.3046813078995,578.9036666864055,580.9304809570312,66283500,0.0,0.0,0.0,SPY
2025-05-15 00:00:00-04:00,578.9235156986,584.2721745648568,578.4687074145315,583.7680053710938,71268100,0.0,0.0,0.0,SPY
2025-05-16 00:00:00-04:00,584.5489375445604,587.7621029517821,582.6012939394769,587.4655151367188,76052100,0.0,0.0,0.0,SPY
2025-05-19 00:00:00-04:00,581.4346564328234,588.7903364922698,581.4346564328234,588.108154296875,68168500,0.0,0.0,0.0,SPY
2025-05-20 00:00:00-04:00,586.3681289429425,587.317209981726,582.917632829089,586.1307983398438,60614500,0.0,0.0,0.0,SPY
2025-05-21 00:00:00-04:00,581.7708648204313,585.8639582409971,575.2258980125081,576.2540893554688,95197700,0.0,0.0,0.0,SPY
2025-05-22 00:00:00-04:00,576.05638769199,579.9715286968509,574.8205545855405,576.4815673828125,70860400,0.0,0.0,0.0,SPY
2025-05-23 00:00:00-04:00,569.4519785383726,575.215919785119,569.0762805285291,572.5465087890625,76029000,0.0,0.0,0.0,SPY
2025-05-27 00:00:00-04:00,579.4276923460704,584.6082943415249,571.8742669840636,584.4501342773438,72588500,0.0,0.0,0.0,SPY
2025-05-28 00:00:00-04:00,584.8555180607121,586.051826179252,580.3373051792158,581.0689086914062,68445500,0.0,0.0,0.0,SPY
2025-05-29 00:00:00-04:00,586.3384441000501,586.4768718669775,579.4276761926377,583.362548828125,69973300,0.0,0.0,0.0,SPY
2025-05-30 00:00:00-04:00,582.2552747565533,584.430352826958,576.6297607292682,582.7100830078125,90601200,0.0,0.0,0.0,SPY
2025-06-02 00:00:00-04:00,581.0985213264464,586.0714814983527,578.4291102147669,585.992431640625,61630500,0.0,0.0,0.0,SPY
2025-06-03 00:00:00-04:00,585.6266079138771,590.3128764026674,585.1421107506463,589.3341064453125,63606200,0.0,0.0,0.0,SPY
2025-06-04 00:00:00-04:00,590.1943197189499,591.1730898063917,588.7409487228937,589.1759643554688,57314200,0.0,0.0,0.0,SPY
2025-06-05 00:00:00-04:00,590.8566609128592,592.2111289512687,584.3512195951713,586.3285522460938,92278700,0.0,0.0,0.0,SPY
2025-06-06 00:00:00-04:00,591.8750084630755,594.0204580272924,590.0954209877331,592.349609375,66588700,0.0,0.0,0.0,SPY
2025-06-09 00:00:00-04:00,592.9230088207169,594.4356974397457,591.7069684086109,592.8834838867188,53016400,0.0,0.0,0.0,SPY
2025-06-10 00:00:00-04:00,593.4173023897237,596.6304681071312,592.3001649023746,596.2449340820312,66247000,0.0,0.0,0.0,SPY
2025-06-11 00:00:00-04:00,597.3423151819753,598.2024500657004,592.4780937113569,594.5443725585938,73658200,0.0,0.0,0.0,SPY
2025-06-12 00:00:00-04:00,593.2097458920864,596.9073486328125,592.725309003214,596.9073486328125,64129000,0.0,0.0,0.0,SPY
2025-06-13 00:00:00-04:00,591.7168252456129,595.0288334634262,588.731033484191,590.2338256835938,89506000,0.0,0.0,0.0,SPY
2025-06-16 00:00:00-04:00,593.5952983788304,597.5993850121447,593.4172853343232,595.8494262695312,79984100,0.0,0.0,0.0,SPY
2025-06-17 00:00:00-04:00,593.4074309844862,594.9299553868199,589.9965201271316,590.7578125,82209400,0.0,0.0,0.0,SPY
2025-06-18 00:00:00-04:00,591.6574895866379,594.4059506456396,589.7097855095001,590.6688232421875,76605000,0.0,0.0,0.0,SPY
2025-06-20 00:00:00-04:00,593.3471074282096,594.4180406328666,587.8735160730708,589.2816162109375,94051400,1.761,0.0,0.0,SPY
2025-06-23 00:00:00-04:00,590.0351674928282,595.4889076465048,586.9116980815279,595.1022338867188,87426000,0.0,0.0,0.0,SPY
2025-06-24 00:00:00-04:00,599.2471080685161,602.7374608387837,598.3348024442159,601.676513671875,67735300,0.0,0.0,0.0,SPY
2025-06-25 00:00:00-04:00,602.7969444947229,603.4910690166892,600.4468830082857,602.0136108398438,62114800,0.0,0.0,0.0,SPY
2025-06-26 00:00:00-04:00,603.8678512919777,607.1599344481853,603.2530708764845,606.7236328125,78548400,0.0,0.0,0.0,SPY
2025-06-27 00:00:00-04:00,607.7252035075089,611.2056913389495,605.692457719191,609.7380981445312,86258400,0.0,0.0,0.0,SPY
2025-06-30 00:00:00-04:00,612.1873634601734,614.0118537505704,609.867018033134,612.6533813476562,92502500,0.0,0.0,0.0,SPY
2025-07-01 00:00:00-04:00,611.1758893553448,613.625146088841,610.3429883405835,612.455078125,70030100,0.0,0.0,0.0,SPY
2025-07-02 00:00:00-04:00,612.0484833566157,615.2711481262035,611.4237773441516,615.2315063476562,66510400,0.0,0.0,0.0,SPY
2025-07-03 00:00:00-04:00,617.214676143094,621.0124795190609,617.194824993195,620.0803833007812,51065800,0.0,0.0,0.0,SPY
2025-07-07 00:00:00-04:00,618.1169852960921,618.7813935886118,612.6731706581298,615.4595336914062,74814500,0.0,0.0,0.0,SPY
2025-07-08 00:00:00-04:00,616.1238907210633,616.8775081543645,614.3093261623386,615.1224365234375,59024600,0.0,0.0,0.0,SPY
2025-07-09 00:00:00-04:00,617.5319680301938,619.4655183729625,615.6875662931247,618.8110961914062,66113300,0.0,0.0,0.0,SPY
2025-07-10 00:00:00-04:00,618.9499658515675,621.5974919629854,617.7699723301522,620.5563354492188,57529000,0.0,0.0,0.0,SPY
2025-07-11 00:00:00-04:00,617.5022136064131,619.6043777491163,616.3024294765994,618.3748168945312,63670200,0.0,0.0,0.0,SPY
2025-07-14 00:00:00-04:00,617.9186632768227,619.9018415613931,616.5701165685465,619.5548095703125,51898500,0.0,0.0,0.0,SPY
2025-07-15 00:00:00-04:00,622.2420420602726,622.5791484786782,616.8279435196437,616.9072875976562,74317300,0.0,0.0,0.0,SPY
2025-07-16 00:00:00-04:00,618.4937831556223,619.4754466932056,612.8516386863737,618.9697265625,88987500,0.0,0.0,0.0,SPY
2025-07-17 00:00:00-04:00,619.1482908768893,623.1146474859103,618.9301097920578,622.7576293945312,68885700,0.0,0.0,0.0,SPY
2025-07-18 00:00:00-04:00,624.0069566966004,624.1755098834977,621.190877778705,622.3014526367188,65621600,0.0,0.0,0.0,SPY
2025-07-21 00:00:00-04:00,623.4815063476562,626.2281670376054,623.0551302914085,623.4815063476562,63375000,0.0,0.0,0.0,SPY
2025-07-22 00:00:00-04:00,623.8087114591411,624.4334174667899,620.9232136557434,623.5707397460938,60046300,0.0,0.0,0.0,SPY
2025-07-23 00:00:00-04:00,626.2381323551606,628.8757934570312,624.4334327911965,628.8757934570312,70511000,0.0,0.0,0.0,SPY
2025-07-24 00:00:00-04:00,629.2624021105368,630.7994135925716,628.6575473006669,629.0839233398438,71307100,0.0,0.0,0.0,SPY
2025-07-25 00:00:00-04:00,629.748350781943,632.2173979677802,629.5004535059064,631.7413940429688,56865400,0.0,0.0,0.0,SPY
2025-07-28 00:00:00-04:00,632.1182610848412,632.6735486135409,630.1945756243812,631.5828247070312,54917100,0.0,0.0,0.0,SPY
2025-07-29 00:00:00-04:00,632.9809077241022,633.2982235137306,629.0046860832861,629.9169311523438,60556300,0.0,0.0,0.0,SPY
2025-07-30 00:00:00-04:00,630.5713386132512,632.3165451544952,626.2281734095909,629.1236572265625,80418900,0.0,0.0,0.0,SPY
2025-07-31 00:00:00-04:00,634.0816044685715,634.4682782312485,625.4646925404661,626.763671875,103385200,0.0,0.0,0.0,SPY
2025-08-01 00:00:00-04:00,621.0322789916852,621.0719812920488,614.0812292944926,616.4907836914062,140103600,0.0,0.0,0.0,SPY
2025-08-04 00:00:00-04:00,620.4075271113948,625.9108344398344,620.3183179857707,625.8612670898438,73218000,0.0,0.0,0.0,SPY
2025-08-05 00:00:00-04:00,626.476110377079,627.2892207726588,621.7660617410078,622.688232421875,68051400,0.0,0.0,0.0,SPY
2025-08-06 00:00:00-04:00,623.7590952688204,628.1121858315174,622.8468502662965,627.457763671875,64357500,0.0,0.0,0.0,SPY
2025-08-07 00:00:00-04:00,630.8886206499576,631.6223868787783,623.8185857342208,626.9321899414062,74205800,0.0,0.0,0.0,SPY
2025-08-08 00:00:00-04:00,628.727047311219,632.2868791777582,628.4097315038053,631.82080078125,64051600,0.0,0.0,0.0,SPY
2025-08-11 00:00:00-04:00,632.0984361099556,633.5758942477272,629.3219380955197,630.5713500976562,58742300,0.0,0.0,0.0,SPY
2025-08-12 00:00:00-04:00,632.9214074238032,637.4430514601922,631.4340237207567,637.284423828125,64730800,0.0,0.0,0.0,SPY
2025-08-13 00:00:00-04:00,639.4856719739724,640.7549350171026,637.2744477443421,639.4658813476562,60092800,0.0,0.0,0.0,SPY
2025-08-14 00:00:00-04:00,637.3835851461316,640.1897994624859,636.9374184340268,639.5254516601562,59327500,0.0,0.0,0.0,SPY
2025-08-15 00:00:00-04:00,640.5566774831647,640.6558727131268,637.11589211782,638.0281372070312,68592500,0.0,0.0,0.0,SPY
2025-08-18 00:00:00-04:00,637.4529805837014,638.5834067295413,636.7787072305159,637.8892822265625,43804900,0.0,0.0,0.0,SPY
2025-08-19 00:00:00-04:00,637.7108075589789,638.6924711313014,633.1098193903536,634.4286499023438,69750700,0.0,0.0,0.0,SPY
2025-08-20 00:00:00-04:00,634.0221697813646,634.2799321395609,627.626407225106,632.7429809570312,88890300,0.0,0.0,0.0,SPY
2025-08-21 00:00:00-04:00,630.9283690027011,632.604096553562,628.4791123479844,630.2044677734375,54805800,0.0,0.0,0.0,SPY
2025-08-22 00:00:00-04:00,632.3958390332336,641.0623176031913,631.8901189367884,639.88232421875,84083200,0.0,0.0,0.0,SPY
2025-08-25 00:00:00-04:00,638.6230864860744,639.8625729858918,636.9472983174492,637.0662841796875,51274300,0.0,0.0,0.0,SPY
2025-08-26 00:00:00-04:00,636.798516612414,640.0806740325912,636.1738106528877,639.7335815429688,51581600,0.0,0.0,0.0,SPY
2025-08-27 00:00:00-04:00,639.148612992103,641.9250504526357,638.9998504138363,641.1912841796875,48341100,0.0,0.0,0.0,SPY
2025-08-28 00:00:00-04:00,641.7961126896905,644.0172625669782,639.9121297324674,643.4619750976562,61519500,0.0,0.0,0.0,SPY
2025-08-29 00:00:00-04:00,642.0242015644989,642.3911452321481,637.7306640961879,639.6245727539062,74522200,0.0,0.0,0.0,SPY
2025-09-02 00:00:00-04:00,632.13804448044,635.1028861742022,629.5797276837342,634.884765625,81983500,0.0,0.0,0.0,SPY
2025-09-03 00:00:00-04:00,637.2645539172183,638.7916398746721,635.0731807265284,638.3255615234375,70820900,0.0,0.0,0.0,SPY
2025-09-04 00:00:00-04:00,638.999797688006,643.6900550422279,638.09747828346,643.6602783203125,65219200,0.0,0.0,0.0,SPY
2025-09-05 00:00:00-04:00,646.0004708304714,646.7243720544352,637.9190556866993,641.796142578125,85178900,0.0,0.0,0.0,SPY
2025-09-08 00:00:00-04:00,643.1644862104067,644.3742563254497,641.7861629025881,643.3727416992188,63133100,0.0,0.0,0.0,SPY
2025-09-09 00:00:00-04:00,643.5115612591451,645.3856792185645,641.7762803015634,644.8601684570312,66133900,0.0,0.0,0.0,SPY
2025-09-10 00:00:00-04:00,648.122479271532,649.0446498954948,645.1576374702139,646.724365234375,78034500,0.0,0.0,0.0,SPY
2025-09-11 00:00:00-04:00,648.6778210448584,652.7929404681626,648.092817304151,652.0988159179688,69934400,0.0,0.0,0.0,SPY
2025-09-12 00:00:00-04:00,652.0689585463732,653.5662677492645,651.3748946038203,651.8805541992188,72780100,0.0,0.0,0.0,SPY
2025-09-15 00:00:00-04:00,654.0918582328915,655.4800466805781,653.7943936028013,655.3511352539062,63772400,0.0,0.0,0.0,SPY
2025-09-16 00:00:00-04:00,655.9064595692537,656.213910313041,653.6655188822047,654.4488525390625,61169000,0.0,0.0,0.0,SPY
2025-09-17 00:00:00-04:00,654.4587170331596,656.1542956225366,648.7967216101163,653.6356811523438,101952200,0.0,0.0,0.0,SPY
2025-09-18 00:00:00-04:00,656.3229972048737,659.2977648370164,654.7166275252608,656.6898803710938,90459200,0.0,0.0,0.0,SPY
2025-09-19 00:00:00-04:00,658.5800832029405,660.7874850308027,656.6311583459587,659.9423217773438,97945600,1.831,0.0,0.0,SPY
2025-09-22 00:00:00-04:00,658.4508309420254,663.5119788762895,658.4209716621773,663.0645751953125,69452200,0.0,0.0,0.0,SPY
2025-09-23 00:00:00-04:00,662.9452156846509,663.5617612775759,658.2320617574377,659.4551391601562,81708900,0.0,0.0,0.0,SPY
2025-09-24 00:00:00-04:00,660.7477220570149,660.8471316064555,655.9350982101993,657.3569946289062,68082200,0.0,0.0,0.0,SPY
2025-09-25 00:00:00-04:00,654.2149171420698,655.6765652531099,650.7048739536411,654.3242797851562,89622100,0.0,0.0,0.0,SPY
2025-09-26 00:00:00-04:00,655.7760789419195,658.619871988132,654.1553026157394,658.072998046875,69179200,0.0,0.0,0.0,SPY
2025-09-29 00:00:00-04:00,660.5985670660314,661.5134019828115,658.112721358766,659.9224243164062,73499000,0.0,0.0,0.0,SPY
2025-09-30 00:00:00-04:00,659.1766647693167,662.8756347075731,657.8641309647478,662.4082641601562,86288000,0.0,0.0,0.0,SPY
2025-10-01 00:00:00-04:00,659.4152702620313,665.5801794564833,659.3059076216911,664.6654052734375,72545400,0.0,0.0,0.0,SPY
2025-10-02 00:00:00-04:00,666.6540464714482,666.7733621981591,663.004842335434,665.4309692382812,56896000,0.0,0.0,0.0,SPY
2025-10-03 00:00:00-04:00,666.1966948783695,668.8714672806448,664.377038831869,665.421142578125,70494400,0.0,0.0,0.0,SPY
2025-10-06 00:00:00-04:00,667.8174482099862,668.7024238148077,665.669704301124,667.8074951171875,54623300,0.0,0.0,0.0,SPY
2025-10-07 00:00:00-04:00,668.7322238208072,669.1796881705657,663.8898014056139,665.3316040039062,72020100,0.0,0.0,0.0,SPY
2025-10-08 00:00:00-04:00,666.4552183740389,669.398481470165,665.6299006256374,669.2990112304688,60702200,0.0,0.0,0.0,SPY
2025-10-09 00:00:00-04:00,669.7166839203261,670.1243359074817,665.4211353124821,667.3600463867188,66501900,0.0,0.0,0.0,SPY
2025-10-10 00:00:00-04:00,668.324542434099,670.1342452495495,649.14378031214,649.32275390625,159422600,0.0,0.0,0.0,SPY
2025-10-13 00:00:00-04:00,656.9095884512618,661.3642043859337,656.0345659370097,659.2860107421875,79560500,0.0,0.0,0.0,SPY
2025-10-14 00:00:00-04:00,653.4492417720955,662.0602448848334,649.4718888267987,658.4805908203125,88779600,0.0,0.0,0.0,SPY
2025-10-15 00:00:00-04:00,663.0446129876665,666.4352795829697,655.1992699391986,661.4039306640625,81702600,0.0,0.0,0.0,SPY
2025-10-16 00:00:00-04:00,663.0445999065358,664.9239136533134,653.3895542222015,656.8995971679688,110563300,0.0,0.0,0.0,SPY
2025-10-17 00:00:00-04:00,655.7660892614911,661.9906565438909,654.4138037793879,660.62841796875,96500900,0.0,0.0,0.0,SPY
2025-10-20 00:00:00-04:00,663.5418206897375,668.4041493887289,663.4921159142255,667.499267578125,60493400,0.0,0.0,0.0,SPY
2025-10-21 00:00:00-04:00,667.638493864759,669.1797060532549,666.1867381348511,667.4893188476562,56249000,0.0,0.0,0.0,SPY
2025-10-22 00:00:00-04:00,668.1953369980629,668.1953369980629,659.5445816579371,664.0191040039062,80564000,0.0,0.0,0.0,SPY
2025-10-23 00:00:00-04:00,664.3372592841532,668.9012985038863,664.019063764971,667.9566650390625,65604500,0.0,0.0,0.0,SPY
2025-10-24 00:00:00-04:00,672.6300829996666,674.628651928334,671.8246714345047,673.4155883789062,74356500,0.0,0.0,0.0,SPY
2025-10-27 00:00:00-04:00,678.8645527756448,681.658640907831,678.2580209918731,681.3603515625,63339800,0.0,0.0,0.0,SPY
2025-10-28 00:00:00-04:00,683.1600908523567,685.0095454543999,680.9526890414517,683.1700439453125,61738100,0.0,0.0,0.0,SPY
2025-10-29 00:00:00-04:00,684.8206562449755,685.795149064121,679.0038013689816,683.4982299804688,85657100,0.0,0.0,0.0,SPY
2025-10-30 00:00:00-04:00,680.0279821977349,682.0564104652303,675.9810180664062,675.9810180664062,76335800,0.0,0.0,0.0,SPY
2025-10-31 00:00:00-04:00,681.1614116072222,681.2012239761448,675.3942622450203,678.1983032226562,87164100,0.0,0.0,0.0,SPY
2025-11-03 00:00:00-05:00,681.7878948104295,681.9171636388411,676.0903560257897,679.4711303710938,57315000,0.0,0.0,0.0,SPY
2025-11-04 00:00:00-05:00,672.2820616639051,676.1103005794487,670.7607556049009,671.4169921875,78427000,0.0,0.0,0.0,SPY
2025-11-05 00:00:00-05:00,671.1583975728993,677.0051112074705,670.3529860359731,673.7437133789062,74402400,0.0,0.0,0.0,SPY
2025-11-06 00:00:00-05:00,672.6399897028363,673.5448715272548,664.9338680034818,666.514892578125,85035300,0.0,0.0,0.0,SPY
2025-11-07 00:00:00-05:00,664.1284090392404,667.2805048704689,657.4663915648358,667.1710815429688,100592400,0.0,0.0,0.0,SPY
2025-11-10 00:00:00-05:00,673.4056154266486,678.3176487268574,671.2081667723378,677.5818481445312,75842900,0.0,0.0,0.0,SPY
2025-11-11 00:00:00-05:00,676.1002762110339,679.6997756663966,674.8871520395073,679.1329956054688,58953400,0.0,0.0,0.0,SPY
2025-11-12 00:00:00-05:00,680.9129156193362,681.0819968300743,677.0946904605516,679.5109252929688,62312500,0.0,0.0,0.0,SPY
2025-11-13 00:00:00-05:00,676.6472315164618,677.0051787486752,666.7237544337754,668.235107421875,103457800,0.0,0.0,0.0,SPY
2025-11-14 00:00:00-05:00,661.612768198211,671.8345335183507,659.5147291242073,668.1256713867188,96846700,0.0,0.0,0.0,SPY
2025-11-17 00:00:00-05:00,665.9083353081996,669.8956413839408,658.4209391867944,661.901123046875,90456100,0.0,0.0,0.0,SPY
2025-11-18 00:00:00-05:00,658.3512953245886,661.354216097308,652.146634691611,656.3427734375,114467500,0.0,0.0,0.0,SPY
2025-11-19 00:00:00-05:00,657.0388554539629,663.5617119214406,655.0203196831769,658.8783569335938,94703000,0.0,0.0,0.0,SPY
2025-11-20 00:00:00-05:00,669.1001291109939,671.7351497651099,648.1991802397498,648.8355712890625,165293500,0.0,0.0,0.0,SPY
2025-11-21 00:00:00-05:00,651.3412595795126,660.7874729698119,647.1650267848305,655.2987670898438,123956200,0.0,0.0,0.0,SPY
2025-11-24 00:00:00-05:00,658.9380055466532,666.2662734630499,657.8442577670318,664.9437866210938,80437900,0.0,0.0,0.0,SPY
2025-11-25 00:00:00-05:00,664.8444060411854,672.3815071629971,660.717877921785,671.1982421875,81077100,0.0,0.0,0.0,SPY
2025-11-26 00:00:00-05:00,673.7934667684052,677.8404309302599,672.8885849296569,675.8318481445312,71879600,0.0,0.0,0.0,SPY
2025-11-28 00:00:00-05:00,677.0051081523229,679.7991961322198,676.6471609574353,679.5208129882812,49212000,0.0,0.0,0.0,SPY
2025-12-01 00:00:00-05:00,674.9667014318244,679.1230277654502,674.8970904760725,676.41845703125,61201200,0.0,0.0,0.0,SPY
2025-12-02 00:00:00-05:00,678.0591325179204,679.9483994968172,675.4838303983408,677.67138671875,62953800,0.0,0.0,0.0,SPY
2025-12-03 00:00:00-05:00,676.7167950740063,681.0321891246488,675.8417725523884,680.0180053710938,57238500,0.0,0.0,0.0,SPY
2025-12-04 00:00:00-05:00,681.4199577792665,681.4895687361658,677.4824173401821,680.51513671875,61970300,0.0,0.0,0.0,SPY
2025-12-05 00:00:00-05:00,681.5890143183475,684.4925257185774,680.7040993957534,681.8078002929688,79241000,0.0,0.0,0.0,SPY
2025-12-08 00:00:00-05:00,682.7027235077143,682.7524282821314,677.7111260885928,679.7594604492188,55231500,0.0,0.0,0.0,SPY
2025-12-09 00:00:00-05:00,679.2822138612034,681.5095218770947,678.7253868572307,679.1727905273438,58310100,0.0,0.0,0.0,SPY
2025-12-10 00:00:00-05:00,678.6955405173951,685.0692222502689,677.4526176554032,683.6771850585938,85671300,0.0,0.0,0.0,SPY
2025-12-11 00:00:00-05:00,681.2609148661827,685.3476304583654,678.3076987410943,685.26806640625,86173700,0.0,0.0,0.0,SPY
2025-12-12 00:00:00-05:00,684.2737672143002,684.9797692517327,675.3247225627367,677.9000854492188,113160300,0.0,0.0,0.0,SPY
2025-12-15 00:00:00-05:00,681.8574988128718,681.8774049984522,675.4042533093998,676.8758544921875,90811000,0.0,0.0,0.0,SPY
2025-12-16 00:00:00-05:00,675.3843754405706,677.2239376857725,671.1584377196804,675.0264282226562,122030600,0.0,0.0,0.0,SPY
2025-12-17 00:00:00-05:00,676.0406154817738,676.5874893555698,667.3998140691156,667.5986938476562,110625200,0.0,0.0,0.0,SPY
2025-12-18 00:00:00-05:00,673.7635606688432,676.8857972779194,671.0788959983324,672.6399536132812,108650100,0.0,0.0,0.0,SPY
2025-12-19 00:00:00-05:00,674.747283458469,679.2350273728672,674.6275542880097,678.7363891601562,103599500,1.993,0.0,0.0,SPY
2025-12-22 00:00:00-05:00,682.0772531068674,683.4933686131409,678.7364013691785,682.96484375,69556700,0.0,0.0,0.0,SPY
2025-12-23 00:00:00-05:00,682.0572680421344,686.325640311278,682.0074163952171,686.0863037109375,64840000,0.0,0.0,0.0,SPY
2025-12-24 00:00:00-05:00,686.0763204450832,688.9484813838191,685.9267046355759,688.4996948242188,39445600,0.0,0.0,0.0,SPY
2025-12-26 00:00:00-05:00,688.758988861415,689.7761694005526,687.392725060237,688.4298706054688,41613300,0.0,0.0,0.0,SPY
2025-12-29 00:00:00-05:00,685.6674092439482,687.322922191004,684.2014421207446,685.9765625,62559500,0.0,0.0,0.0,SPY
2025-12-30 00:00:00-05:00,685.5777200962995,686.6846823672308,684.7100944386586,685.138916015625,47160700,0.0,0.0,0.0,SPY
2025-12-31 00:00:00-05:00,685.2685588951464,685.4879304984822,679.8533550408816,680.062744140625,74144800,0.0,0.0,0.0,SPY
2026-01-02 00:00:00-05:00,683.842447277036,684.999261161205,677.9684744567207,681.309326171875,89377200,0.0,0.0,0.0,SPY
2026-01-05 00:00:00-05:00,684.6701449336617,687.5522884526621,684.5106074856512,685.846923828125,71927200,0.0,0.0,0.0,SPY
2026-01-06 00:00:00-05:00,686.0563439630641,690.4344019511112,685.9067890249802,689.92578125,69273800,0.0,0.0,0.0,SPY
2026-01-07 00:00:00-05:00,690.3047811958188,692.0699799720542,687.4426026835383,687.701904296875,75588300,0.0,0.0,0.0,SPY
2026-01-08 00:00:00-05:00,686.9439569075789,688.7390423054183,685.6175622141362,687.632080078125,64019200,0.0,0.0,0.0,SPY
2026-01-09 00:00:00-05:00,688.7489932725086,693.4162394407576,687.3029303433501,692.1796264648438,80125500,0.0,0.0,0.0,SPY
2026-01-12 00:00:00-05:00,688.7988836287034,694.1941832506386,688.7490319805348,693.2666625976562,63976000,0.0,0.0,0.0,SPY
2026-01-13 00:00:00-05:00,693.595779418591,694.194181802135,689.467040360938,691.8804931640625,78309700,0.0,0.0,0.0,SPY
2026-01-14 00:00:00-05:00,689.1180078469732,689.8360176539858,684.1714948792828,688.479736328125,94676700,0.0,0.0,0.0,SPY
2026-01-15 00:00:00-05:00,692.678285342935,693.5558934557131,689.3673203481677,690.3546142578125,77862000,0.0,0.0,0.0,SPY
2026-01-16 00:00:00-05:00,691.7707369284135,692.359156800422,688.22043529661,689.7761840820312,79289200,0.0,0.0,0.0,SPY
2026-01-20 00:00:00-05:00,679.6338820353151,682.9049778344743,674.7272992054969,675.7345581054688,111623300,0.0,0.0,0.0,SPY
2026-01-21 00:00:00-05:00,677.7989248999835,686.8641332264262,676.2830453044572,683.5332641601562,127844500,0.0,0.0,0.0,SPY
2026-01-22 00:00:00-05:00,687.9711412752974,689.2476843606095,685.0491285530771,687.103515625,77112200,0.0,0.0,0.0,SPY
2026-01-23 00:00:00-05:00,686.2757685331861,689.0781127396581,685.2884137823622,687.352783203125,63059600,0.0,0.0,0.0,SPY
2026-01-26 00:00:00-05:00,688.609372319757,692.2394730275811,688.0409174669724,690.84326171875,60473800,0.0,0.0,0.0,SPY
2026-01-27 00:00:00-05:00,692.2893344912051,694.6329705879123,691.6810104865692,693.5957641601562,55506100,0.0,0.0,0.0,SPY
2026-01-28 00:00:00-05:00,695.1515053497095,695.9393926651097,692.0499903412962,693.5259399414062,61172200,0.0,0.0,0.0,SPY
2026-01-29 00:00:00-05:00,694.4933553961189,695.1615135683285,682.9648421722587,692.1497192382812,97486200,0.0,0.0,0.0,SPY
2026-01-30 00:00:00-05:00,689.9058246991844,692.3192774332931,685.2485609149509,690.0853271484375,101835100,0.0,0.0,0.0,SPY
2026-02-02 00:00:00-05:00,687.7019133171445,695.0318708971434,687.5423149981101,693.5159912109375,79286500,0.0,0.0,0.0,SPY
2026-02-03 00:00:00-05:00,694.3138377504575,695.0617950648859,682.1670182684101,687.6520385742188,107904600,0.0,0.0,0.0,SPY
2026-02-04 00:00:00-05:00,688.4697490630058,689.5667896413613,679.9031787408285,684.3211059570312,105204600,0.0,0.0,0.0,SPY
2026-02-05 00:00:00-05:00,679.0854402743204,681.8279505601881,673.9494421186707,675.7744750976562,113610800,0.0,0.0,0.0,SPY
2026-02-06 00:00:00-05:00,679.6039887472712,690.4244132010324,678.995603890688,688.739013671875,89127600,0.0,0.0,0.0,SPY
2026-02-09 00:00:00-05:00,687.5423060693106,693.9747512796714,686.4652913399738,692.0599975585938,73885200,0.0,0.0,0.0,SPY
2026-02-10 00:00:00-05:00,693.0572335194393,694.64286887948,689.7761552680904,690.2349243164062,65185700,0.0,0.0,0.0,SPY
2026-02-11 00:00:00-05:00,694.4933668556342,695.2413241987686,687.3029816841566,690.075439453125,76353900,0.0,0.0,0.0,SPY
2026-02-12 00:00:00-05:00,692.3491972008484,693.4561594586687,678.5169776231163,679.41455078125,118829000,0.0,0.0,0.0,SPY
2026-02-13 00:00:00-05:00,679.833354327075,684.410879804094,675.6747287653898,679.8931884765625,96267500,0.0,0.0,0.0,SPY
2026-02-17 00:00:00-05:00,678.287593220413,683.074507822494,673.9394826742099,680.9901733398438,81354700,0.0,0.0,0.0,SPY
2026-02-18 00:00:00-05:00,682.157061237011,687.2730943282486,680.9702998190471,684.4208374023438,73570300,0.0,0.0,0.0,SPY
2026-02-19 00:00:00-05:00,681.9775120282383,684.311104689823,679.6937101433548,682.61572265625,58649400,0.0,0.0,0.0,SPY
2026-02-20 00:00:00-05:00,680.4616860592505,688.1805961724377,679.8732661615737,687.5523071289062,100034000,0.0,0.0,0.0,SPY
2026-02-23 00:00:00-05:00,685.9566804858357,688.1207533479937,678.5169762252317,680.531494140625,90558100,0.0,0.0,0.0,SPY
2026-02-24 00:00:00-05:00,680.0427976196477,686.4751816677359,678.1479481229125,685.4779052734375,73798700,0.0,0.0,0.0,SPY
2026-02-25 00:00:00-05:00,688.3002642742074,691.7907319065998,688.2204651135966,691.26220703125,56369500,0.0,0.0,0.0,SPY
2026-02-26 00:00:00-05:00,691.391808867856,691.4117130049051,682.486077089091,687.422607421875,71671000,0.0,0.0,0.0,SPY
2026-02-27 00:00:00-05:00,681.2295779636313,684.9892686841309,679.7835149777827,684.1216430664062,83308900,0.0,0.0,0.0,SPY
2026-03-02 00:00:00-05:00,676.8515442239554,686.744509644098,676.1734035367807,684.5106201171875,87477200,0.0,0.0,0.0,SPY
2026-03-03 00:00:00-05:00,673.221445388408,680.7508704958498,667.8361281509542,678.4771118164062,105003100,0.0,0.0,0.0,SPY
2026-03-04 00:00:00-05:00,679.7735096903759,685.2186606854194,677.7689744100875,683.2639770507812,79182200,0.0,0.0,0.0,SPY
2026-03-05 00:00:00-05:00,680.2223290726917,683.6629449535216,673.7699188745959,679.4544067382812,106606500,0.0,0.0,0.0,SPY
2026-03-06 00:00:00-05:00,671.5758690877306,674.2685275228549,667.9358467743081,670.5487060546875,100687000,0.0,0.0,0.0,SPY
2026-03-09 00:00:00-04:00,664.5750801817165,678.0681991431876,660.5859743093405,676.4227294921875,102667700,0.0,0.0,0.0,SPY
2026-03-10 00:00:00-04:00,675.87413967305,681.4987932365287,672.9222404542279,675.3356323242188,81505300,0.0,0.0,0.0,SPY
2026-03-11 00:00:00-04:00,675.7345715953234,678.2277626375325,671.5061293267642,674.4879760742188,68441700,0.0,0.0,0.0,SPY
2026-03-12 00:00:00-04:00,669.3319958917509,669.8207124533001,664.0564256954588,664.2459106445312,108882200,0.0,0.0,0.0,SPY
2026-03-13 00:00:00-04:00,667.4472371497842,670.5088831921612,659.5587462493693,660.4862060546875,97200200,0.0,0.0,0.0,SPY
2026-03-16 00:00:00-04:00,666.5596317087426,670.239584206393,665.3030536555561,667.2078857421875,82023100,0.0,0.0,0.0,SPY
2026-03-17 00:00:00-04:00,670.5586914524959,672.60309589337,667.8760155087483,668.9630126953125,87128000,0.0,0.0,0.0,SPY
2026-03-18 00:00:00-04:00,666.5396583763402,667.8959397089973,659.3892034355257,659.6285400390625,82062600,0.0,0.0,0.0,SPY
2026-03-19 00:00:00-04:00,655.1806813207687,661.1743225351036,653.3855958813168,658.0029907226562,111272500,0.0,0.0,0.0,SPY
2026-03-20 00:00:00-04:00,656.510009765625,656.6900024414062,644.719970703125,648.5700073242188,163617500,1.797,0.0,0.0,SPY
2026-03-23 00:00:00-04:00,658.0700073242188,662.6199951171875,653.9400024414062,655.3800048828125,134802700,0.0,0.0,0.0,SPY
2026-03-24 00:00:00-04:00,651.3200073242188,657.030029296875,649.8800048828125,653.1799926757812,96457500,0.0,0.0,0.0,SPY
2026-03-25 00:00:00-04:00,658.6699829101562,660.8900146484375,654.239990234375,656.8200073242188,90653800,0.0,0.0,0.0,SPY
2026-03-26 00:00:00-04:00,652.0599975585938,654.8499755859375,644.8200073242188,645.0900268554688,96494400,0.0,0.0,0.0,SPY
2026-03-27 00:00:00-04:00,642.5,642.6599731445312,633.1099853515625,634.0900268554688,103649400,0.0,0.0,0.0,SPY
2026-03-30 00:00:00-04:00,640.1099853515625,640.3699951171875,629.280029296875,631.969970703125,99275900,0.0,0.0,0.0,SPY
2026-03-31 00:00:00-04:00,638.9400024414062,651.5399780273438,637.97998046875,650.3400268554688,152534100,0.0,0.0,0.0,SPY
2026-04-01 00:00:00-04:00,653.9000244140625,658.52001953125,653.0,655.239990234375,97841500,0.0,0.0,0.0,SPY
2026-04-02 00:00:00-04:00,646.4199829101562,658.2000122070312,645.1099853515625,655.8300170898438,68358700,0.0,0.0,0.0,SPY
2026-04-06 00:00:00-04:00,655.8599853515625,659.719970703125,655.52001953125,658.9299926757812,39105800,0.0,0.0,0.0,SPY
2026-04-07 00:00:00-04:00,656.6500244140625,659.6099853515625,651.0599975585938,659.219970703125,69980400,0.0,0.0,0.0,SPY
2026-04-08 00:00:00-04:00,676.3900146484375,677.0800170898438,671.4600219726562,676.010009765625,93606100,0.0,0.0,0.0,SPY
2026-04-09 00:00:00-04:00,674.8400268554688,681.1599731445312,673.77001953125,679.9099731445312,57134400,0.0,0.0,0.0,SPY
2026-04-10 00:00:00-04:00,681.3200073242188,682.030029296875,678.4500122070312,679.4600219726562,42253500,0.0,0.0,0.0,SPY
2026-04-13 00:00:00-04:00,677.4099731445312,686.2999877929688,676.5800170898438,686.0999755859375,54185800,0.0,0.0,0.0,SPY
2026-04-14 00:00:00-04:00,687.6900024414062,694.5800170898438,687.6599731445312,694.4600219726562,63480500,0.0,0.0,0.0,SPY
2026-04-15 00:00:00-04:00,695.260009765625,700.280029296875,694.2000122070312,699.9400024414062,58240400,0.0,0.0,0.0,SPY
2026-04-16 00:00:00-04:00,701.0599975585938,702.780029296875,698.530029296875,701.6599731445312,49972400,0.0,0.0,0.0,SPY
2026-04-17 00:00:00-04:00,706.1400146484375,712.3900146484375,705.760009765625,710.1400146484375,70661900,0.0,0.0,0.0,SPY
2026-04-20 00:00:00-04:00,708.780029296875,709.9099731445312,706.1400146484375,708.719970703125,43546800,0.0,0.0,0.0,SPY
2026-04-21 00:00:00-04:00,710.280029296875,711.280029296875,702.6400146484375,704.0800170898438,58941400,0.0,0.0,0.0,SPY
2026-04-22 00:00:00-04:00,709.1500244140625,711.4500122070312,708.219970703125,711.2100219726562,42518500,0.0,0.0,0.0,SPY
2026-04-23 00:00:00-04:00,709.5,712.3599853515625,702.280029296875,708.4500122070312,56174000,0.0,0.0,0.0,SPY
2026-04-24 00:00:00-04:00,710.75,714.469970703125,709.010009765625,713.9400024414062,45182000,0.0,0.0,0.0,SPY
2026-04-27 00:00:00-04:00,713.1699829101562,715.6300048828125,712.2999877929688,715.1699829101562,33135900,0.0,0.0,0.0,SPY
2026-04-28 00:00:00-04:00,711.8200073242188,712.8800048828125,709.25,711.6900024414062,43117400,0.0,0.0,0.0,SPY
2026-04-29 00:00:00-04:00,711.0,712.2000122070312,708.3699951171875,711.5800170898438,41859200,0.0,0.0,0.0,SPY
2026-04-30 00:00:00-04:00,714.6300048828125,719.7899780273438,710.4500122070312,718.6599731445312,67240900,0.0,0.0,0.0,SPY
2026-05-01 00:00:00-04:00,721.25,724.8699951171875,720.469970703125,720.6500244140625,43049800,0.0,0.0,0.0,SPY
2026-05-04 00:00:00-04:00,720.0700073242188,722.1199951171875,714.989990234375,718.010009765625,51950600,0.0,0.0,0.0,SPY
2026-05-05 00:00:00-04:00,721.77001953125,725.0399780273438,721.489990234375,723.77001953125,36933200,0.0,0.0,0.0,SPY
2026-05-06 00:00:00-04:00,728.1599731445312,734.5900268554688,727.8200073242188,733.8300170898438,53288900,0.0,0.0,0.0,SPY
2026-05-07 00:00:00-04:00,735.0499877929688,736.1300048828125,729.75,731.5800170898438,51724600,0.0,0.0,0.0,SPY
2026-05-08 00:00:00-04:00,734.9299926757812,738.0800170898438,734.5700073242188,737.6199951171875,47172700,0.0,0.0,0.0,SPY
2024-05-09 00:00:00-04:00,214.47999572753906,216.9499969482422,214.44000244140625,216.9499969482422,7732500,0.0,0.0,0.0,GLD
2024-05-10 00:00:00-04:00,219.22000122070312,219.60000610351562,218.0800018310547,218.7100067138672,8700900,0.0,0.0,0.0,GLD
2024-05-13 00:00:00-04:00,217.05999755859375,217.30999755859375,215.8000030517578,216.25999450683594,4896300,0.0,0.0,0.0,GLD
2024-05-14 00:00:00-04:00,217.30999755859375,218.3800048828125,216.97999572753906,218.08999633789062,4662700,0.0,0.0,0.0,GLD
2024-05-15 00:00:00-04:00,219.05999755859375,221.19000244140625,217.64999389648438,220.88999938964844,9297700,0.0,0.0,0.0,GLD
2024-05-16 00:00:00-04:00,220.13999938964844,220.58999633789062,219.41000366210938,220.02999877929688,4301700,0.0,0.0,0.0,GLD
2024-05-17 00:00:00-04:00,222.17999267578125,223.85000610351562,221.6699981689453,223.66000366210938,10481900,0.0,0.0,0.0,GLD
2024-05-20 00:00:00-04:00,223.7899932861328,225.66000366210938,223.02000427246094,224.55999755859375,5990900,0.0,0.0,0.0,GLD
2024-05-21 00:00:00-04:00,224.77000427246094,225.2100067138672,223.6999969482422,224.22999572753906,4002600,0.0,0.0,0.0,GLD
2024-05-22 00:00:00-04:00,223.08999633789062,223.24000549316406,219.74000549316406,220.11000061035156,8903100,0.0,0.0,0.0,GLD
2024-05-23 00:00:00-04:00,218.77999877929688,219.22999572753906,215.66000366210938,215.72000122070312,9537900,0.0,0.0,0.0,GLD
2024-05-24 00:00:00-04:00,216.9600067138672,217.2100067138672,215.74000549316406,215.9199981689453,4212400,0.0,0.0,0.0,GLD
2024-05-28 00:00:00-04:00,218.42999267578125,218.58999633789062,217.2100067138672,218.19000244140625,3809700,0.0,0.0,0.0,GLD
2024-05-29 00:00:00-04:00,216.9199981689453,217.16000366210938,216.1199951171875,216.16000366210938,4185000,0.0,0.0,0.0,GLD
2024-05-30 00:00:00-04:00,216.69000244140625,217.50999450683594,216.41000366210938,216.57000732421875,3068800,0.0,0.0,0.0,GLD
2024-05-31 00:00:00-04:00,217.77000427246094,217.9600067138672,214.64999389648438,215.3000030517578,5617200,0.0,0.0,0.0,GLD
2024-06-03 00:00:00-04:00,215.9199981689453,217.82000732421875,215.5399932861328,217.22000122070312,6172600,0.0,0.0,0.0,GLD
2024-06-04 00:00:00-04:00,216.24000549316406,216.24000549316406,214.1999969482422,215.27000427246094,5509400,0.0,0.0,0.0,GLD
2024-06-05 00:00:00-04:00,216.69000244140625,218.0800018310547,215.92999267578125,217.82000732421875,5479200,0.0,0.0,0.0,GLD
2024-06-06 00:00:00-04:00,218.36000061035156,219.97000122070312,218.10000610351562,219.42999267578125,5283900,0.0,0.0,0.0,GLD
2024-06-07 00:00:00-04:00,215.07000732421875,215.19000244140625,211.5399932861328,211.60000610351562,12195100,0.0,0.0,0.0,GLD
2024-06-10 00:00:00-04:00,213.1300048828125,214.02000427246094,212.75999450683594,213.5399932861328,4215300,0.0,0.0,0.0,GLD
2024-06-11 00:00:00-04:00,213.9499969482422,214.3800048828125,213.24000549316406,214.14999389648438,4004100,0.0,0.0,0.0,GLD
2024-06-12 00:00:00-04:00,216.47000122070312,216.5500030517578,214.1999969482422,214.72000122070312,5911900,0.0,0.0,0.0,GLD
2024-06-13 00:00:00-04:00,214.44000244140625,214.9600067138672,212.25999450683594,212.97000122070312,5861100,0.0,0.0,0.0,GLD
2024-06-14 00:00:00-04:00,215.33999633789062,216.0399932861328,214.97999572753906,215.72999572753906,7076500,0.0,0.0,0.0,GLD
2024-06-17 00:00:00-04:00,214.89999389648438,215.24000549316406,213.60000610351562,214.61000061035156,3877700,0.0,0.0,0.0,GLD
2024-06-18 00:00:00-04:00,214.3800048828125,215.8300018310547,214.0399932861328,215.47000122070312,4921400,0.0,0.0,0.0,GLD
2024-06-20 00:00:00-04:00,216.32000732421875,218.74000549316406,216.14999389648438,218.16000366210938,7290500,0.0,0.0,0.0,GLD
2024-06-21 00:00:00-04:00,217.8300018310547,217.89999389648438,214.25999450683594,214.77999877929688,8865600,0.0,0.0,0.0,GLD
2024-06-24 00:00:00-04:00,215.5500030517578,215.94000244140625,215.1999969482422,215.6300048828125,4626900,0.0,0.0,0.0,GLD
2024-06-25 00:00:00-04:00,214.9600067138672,215.30999755859375,214.1199951171875,214.55999755859375,3820900,0.0,0.0,0.0,GLD
2024-06-26 00:00:00-04:00,212.38999938964844,213.11000061035156,212.1199951171875,212.5800018310547,4690300,0.0,0.0,0.0,GLD
2024-06-27 00:00:00-04:00,214.7100067138672,215.5,214.4499969482422,214.99000549316406,4977800,0.0,0.0,0.0,GLD
2024-06-28 00:00:00-04:00,215.63999938964844,215.80999755859375,214.82000732421875,215.00999450683594,3955100,0.0,0.0,0.0,GLD
2024-07-01 00:00:00-04:00,215.25,216.0,214.49000549316406,215.57000732421875,3797900,0.0,0.0,0.0,GLD
2024-07-02 00:00:00-04:00,215.3300018310547,216.0800018310547,214.6199951171875,215.55999755859375,4921700,0.0,0.0,0.0,GLD
2024-07-03 00:00:00-04:00,217.33999633789062,218.74000549316406,217.3300018310547,217.99000549316406,5055300,0.0,0.0,0.0,GLD
2024-07-05 00:00:00-04:00,219.5800018310547,221.27999877929688,219.5800018310547,220.92999267578125,5950600,0.0,0.0,0.0,GLD
2024-07-08 00:00:00-04:00,219.63999938964844,220.0399932861328,217.41000366210938,218.19000244140625,5790800,0.0,0.0,0.0,GLD
2024-07-09 00:00:00-04:00,218.57000732421875,219.2899932861328,217.27000427246094,218.55999755859375,3901500,0.0,0.0,0.0,GLD
2024-07-10 00:00:00-04:00,220.13999938964844,220.7100067138672,219.16000366210938,219.36000061035156,5556200,0.0,0.0,0.0,GLD
2024-07-11 00:00:00-04:00,222.64999389648438,224.14999389648438,221.47999572753906,223.25,9322000,0.0,0.0,0.0,GLD
2024-07-12 00:00:00-04:00,222.02999877929688,223.6199951171875,221.86000061035156,223.11000061035156,5179300,0.0,0.0,0.0,GLD
2024-07-15 00:00:00-04:00,223.38999938964844,225.58999633789062,223.02000427246094,223.8300018310547,5719300,0.0,0.0,0.0,GLD
2024-07-16 00:00:00-04:00,225.4499969482422,228.2899932861328,225.3000030517578,228.2899932861328,11070700,0.0,0.0,0.0,GLD
2024-07-17 00:00:00-04:00,228.7899932861328,229.64999389648438,226.6699981689453,227.22999572753906,8620500,0.0,0.0,0.0,GLD
2024-07-18 00:00:00-04:00,227.7100067138672,228.32000732421875,225.57000732421875,225.77999877929688,5485500,0.0,0.0,0.0,GLD
2024-07-19 00:00:00-04:00,221.52000427246094,222.67999267578125,221.41000366210938,221.72999572753906,8666000,0.0,0.0,0.0,GLD
2024-07-22 00:00:00-04:00,221.5800018310547,221.9199981689453,220.39999389648438,221.8000030517578,5334100,0.0,0.0,0.0,GLD
2024-07-23 00:00:00-04:00,222.33999633789062,222.75,221.86000061035156,222.5800018310547,4435700,0.0,0.0,0.0,GLD
2024-07-24 00:00:00-04:00,223.47000122070312,224.8800048828125,221.74000549316406,221.8000030517578,6838800,0.0,0.0,0.0,GLD
2024-07-25 00:00:00-04:00,219.02000427246094,219.25999450683594,217.52000427246094,218.3300018310547,9777100,0.0,0.0,0.0,GLD
2024-07-26 00:00:00-04:00,219.9600067138672,221.0399932861328,219.6999969482422,220.6300048828125,6328800,0.0,0.0,0.0,GLD
2024-07-29 00:00:00-04:00,221.25999450683594,221.5500030517578,219.0500030517578,220.32000732421875,4665100,0.0,0.0,0.0,GLD
2024-07-30 00:00:00-04:00,221.41000366210938,222.9199981689453,220.36000061035156,222.52000427246094,4939500,0.0,0.0,0.0,GLD
2024-07-31 00:00:00-04:00,223.72999572753906,226.60000610351562,223.63999938964844,226.5500030517578,7316600,0.0,0.0,0.0,GLD
2024-08-01 00:00:00-04:00,226.74000549316406,227.57000732421875,225.0500030517578,225.77000427246094,7217200,0.0,0.0,0.0,GLD
2024-08-02 00:00:00-04:00,227.9499969482422,228.75999450683594,222.8699951171875,225.33999633789062,11109400,0.0,0.0,0.0,GLD
2024-08-05 00:00:00-04:00,220.55999755859375,223.10000610351562,220.24000549316406,222.47999572753906,8939000,0.0,0.0,0.0,GLD
2024-08-06 00:00:00-04:00,221.5,222.13999938964844,220.11000061035156,220.6999969482422,14362300,0.0,0.0,0.0,GLD
2024-08-07 00:00:00-04:00,221.94000244140625,222.30999755859375,220.35000610351562,220.5500030517578,5287800,0.0,0.0,0.0,GLD
2024-08-08 00:00:00-04:00,222.72999572753906,224.25,222.52000427246094,224.00999450683594,6327100,0.0,0.0,0.0,GLD
2024-08-09 00:00:00-04:00,224.82000732421875,225.27999877929688,223.82000732421875,224.55999755859375,4441000,0.0,0.0,0.0,GLD
2024-08-12 00:00:00-04:00,226.13999938964844,228.5399932861328,225.97000122070312,228.41000366210938,5561300,0.0,0.0,0.0,GLD
2024-08-13 00:00:00-04:00,228.07000732421875,228.8699951171875,227.58999633789062,228.05999755859375,6740200,0.0,0.0,0.0,GLD
2024-08-14 00:00:00-04:00,226.5500030517578,227.47999572753906,225.35000610351562,226.1999969482422,5462500,0.0,0.0,0.0,GLD
2024-08-15 00:00:00-04:00,226.50999450683594,227.5,225.1199951171875,226.91000366210938,5273300,0.0,0.0,0.0,GLD
2024-08-16 00:00:00-04:00,229.99000549316406,232.02000427246094,229.00999450683594,231.99000549316406,11924500,0.0,0.0,0.0,GLD
2024-08-19 00:00:00-04:00,230.14999389648438,231.77999877929688,229.74000549316406,231.61000061035156,5164800,0.0,0.0,0.0,GLD
2024-08-20 00:00:00-04:00,233.7100067138672,234.00999450683594,231.1300048828125,232.4600067138672,9073600,0.0,0.0,0.0,GLD
2024-08-21 00:00:00-04:00,231.69000244140625,232.8699951171875,230.47999572753906,232.14999389648438,5337400,0.0,0.0,0.0,GLD
2024-08-22 00:00:00-04:00,230.35000610351562,230.3800048828125,228.25999450683594,229.3699951171875,5765400,0.0,0.0,0.0,GLD
2024-08-23 00:00:00-04:00,231.0399932861328,232.72999572753906,230.52000427246094,232.02000427246094,5418200,0.0,0.0,0.0,GLD
2024-08-26 00:00:00-04:00,233.4499969482422,233.5,232.05999755859375,232.75999450683594,3151400,0.0,0.0,0.0,GLD
2024-08-27 00:00:00-04:00,231.69000244140625,233.47000122070312,231.57000732421875,233.38999938964844,4435600,0.0,0.0,0.0,GLD
2024-08-28 00:00:00-04:00,232.0,232.02000427246094,230.72999572753906,231.75,4961500,0.0,0.0,0.0,GLD
2024-08-29 00:00:00-04:00,231.9499969482422,233.61000061035156,231.9199981689453,232.9499969482422,5524200,0.0,0.0,0.0,GLD
2024-08-30 00:00:00-04:00,232.52999877929688,232.86000061035156,230.5500030517578,231.2899932861328,5743000,0.0,0.0,0.0,GLD
2024-09-03 00:00:00-04:00,230.3800048828125,230.5399932861328,228.52000427246094,230.2899932861328,6417900,0.0,0.0,0.0,GLD
2024-09-04 00:00:00-04:00,229.7899932861328,231.05999755859375,229.3800048828125,230.42999267578125,4696000,0.0,0.0,0.0,GLD
2024-09-05 00:00:00-04:00,232.72000122070312,232.88999938964844,231.3300018310547,232.35000610351562,4838100,0.0,0.0,0.0,GLD
2024-09-06 00:00:00-04:00,231.8300018310547,232.75999450683594,229.6199951171875,230.6300048828125,6315800,0.0,0.0,0.0,GLD
2024-09-09 00:00:00-04:00,231.25999450683594,231.6199951171875,230.38999938964844,231.60000610351562,3548800,0.0,0.0,0.0,GLD
2024-09-10 00:00:00-04:00,232.38999938964844,232.74000549316406,231.1199951171875,232.6199951171875,4378300,0.0,0.0,0.0,GLD
2024-09-11 00:00:00-04:00,231.72000122070312,232.8699951171875,231.08999633789062,232.25,4637300,0.0,0.0,0.0,GLD
2024-09-12 00:00:00-04:00,234.6300048828125,236.4499969482422,234.4199981689453,236.3300018310547,9930200,0.0,0.0,0.0,GLD
2024-09-13 00:00:00-04:00,238.1300048828125,238.97999572753906,237.75999450683594,238.67999267578125,7455100,0.0,0.0,0.0,GLD
2024-09-16 00:00:00-04:00,238.72999572753906,239.27999877929688,238.0500030517578,238.66000366210938,4713500,0.0,0.0,0.0,GLD
2024-09-17 00:00:00-04:00,238.0800018310547,238.60000610351562,236.61000061035156,237.33999633789062,5257100,0.0,0.0,0.0,GLD
2024-09-18 00:00:00-04:00,238.19000244140625,240.2899932861328,235.3000030517578,235.50999450683594,11081100,0.0,0.0,0.0,GLD
2024-09-19 00:00:00-04:00,238.24000549316406,239.52000427246094,237.38999938964844,239.1699981689453,6108200,0.0,0.0,0.0,GLD
2024-09-20 00:00:00-04:00,241.11000061035156,242.6300048828125,240.47000122070312,242.2100067138672,7737400,0.0,0.0,0.0,GLD
2024-09-23 00:00:00-04:00,242.97000122070312,243.4600067138672,242.58999633789062,242.67999267578125,5426200,0.0,0.0,0.0,GLD
2024-09-24 00:00:00-04:00,243.38999938964844,246.19000244140625,243.14999389648438,246.07000732421875,8386300,0.0,0.0,0.0,GLD
2024-09-25 00:00:00-04:00,246.19000244140625,246.47000122070312,244.7899932861328,245.72999572753906,7393400,0.0,0.0,0.0,GLD
2024-09-26 00:00:00-04:00,246.44000244140625,247.3699951171875,245.19000244140625,246.97999572753906,7041100,0.0,0.0,0.0,GLD
2024-09-27 00:00:00-04:00,246.30999755859375,246.75,244.19000244140625,245.02000427246094,8329600,0.0,0.0,0.0,GLD
2024-09-30 00:00:00-04:00,243.97000122070312,244.0800018310547,242.5,243.05999755859375,6916700,0.0,0.0,0.0,GLD
2024-10-01 00:00:00-04:00,245.1999969482422,246.97999572753906,245.05999755859375,245.61000061035156,10605500,0.0,0.0,0.0,GLD
2024-10-02 00:00:00-04:00,245.61000061035156,246.07000732421875,243.99000549316406,245.66000366210938,6798800,0.0,0.0,0.0,GLD
2024-10-03 00:00:00-04:00,244.72000122070312,245.91000366210938,243.69000244140625,245.49000549316406,5674500,0.0,0.0,0.0,GLD
2024-10-04 00:00:00-04:00,245.0,246.69000244140625,244.0500030517578,245.0,5947800,0.0,0.0,0.0,GLD
2024-10-07 00:00:00-04:00,244.5800018310547,244.82000732421875,243.80999755859375,244.1699981689453,3849000,0.0,0.0,0.0,GLD
2024-10-08 00:00:00-04:00,243.7899932861328,244.0399932861328,240.6300048828125,242.3699951171875,7669800,0.0,0.0,0.0,GLD
2024-10-09 00:00:00-04:00,241.16000366210938,241.83999633789062,240.63999938964844,241.0500030517578,4120500,0.0,0.0,0.0,GLD
2024-10-10 00:00:00-04:00,241.77000427246094,243.02000427246094,241.50999450683594,242.82000732421875,4792700,0.0,0.0,0.0,GLD
2024-10-11 00:00:00-04:00,244.5,245.9199981689453,244.47000122070312,245.47000122070312,5789500,0.0,0.0,0.0,GLD
2024-10-14 00:00:00-04:00,245.16000366210938,245.86000061035156,244.25999450683594,245.07000732421875,3922900,0.0,0.0,0.0,GLD
2024-10-15 00:00:00-04:00,244.99000549316406,246.5500030517578,244.52999877929688,245.9199981689453,5640800,0.0,0.0,0.0,GLD
2024-10-16 00:00:00-04:00,247.6199951171875,248.08999633789062,246.36000061035156,247.14999389648438,5431900,0.0,0.0,0.0,GLD
2024-10-17 00:00:00-04:00,247.75,249.05999755859375,247.6199951171875,248.6300048828125,5176200,0.0,0.0,0.0,GLD
2024-10-18 00:00:00-04:00,250.0,251.3699951171875,249.89999389648438,251.27000427246094,7833600,0.0,0.0,0.0,GLD
2024-10-21 00:00:00-04:00,252.74000549316406,253.13999938964844,250.72999572753906,251.22000122070312,9258600,0.0,0.0,0.0,GLD
2024-10-22 00:00:00-04:00,253.05999755859375,253.94000244140625,252.52000427246094,253.92999267578125,5756300,0.0,0.0,0.0,GLD
2024-10-23 00:00:00-04:00,253.0800018310547,253.17999267578125,250.1999969482422,250.8699951171875,8081000,0.0,0.0,0.0,GLD
2024-10-24 00:00:00-04:00,253.27000427246094,253.32000732421875,251.39999389648438,252.8000030517578,5962200,0.0,0.0,0.0,GLD
2024-10-25 00:00:00-04:00,252.0,253.5500030517578,251.77000427246094,253.32000732421875,4424500,0.0,0.0,0.0,GLD
2024-10-28 00:00:00-04:00,253.00999450683594,253.6300048828125,252.9499969482422,253.3300018310547,4029100,0.0,0.0,0.0,GLD
2024-10-29 00:00:00-04:00,254.49000549316406,256.2900085449219,254.22999572753906,256.0899963378906,8875500,0.0,0.0,0.0,GLD
2024-10-30 00:00:00-04:00,256.760009765625,257.7099914550781,255.91000366210938,257.5,6386200,0.0,0.0,0.0,GLD
2024-10-31 00:00:00-04:00,255.52000427246094,255.60000610351562,252.1999969482422,253.50999450683594,9930800,0.0,0.0,0.0,GLD
2024-11-01 00:00:00-04:00,254.3300018310547,254.86000061035156,252.44000244140625,252.47000122070312,6473000,0.0,0.0,0.0,GLD
2024-11-04 00:00:00-05:00,253.32000732421875,253.5800018310547,252.27000427246094,252.8300018310547,4581400,0.0,0.0,0.0,GLD
2024-11-05 00:00:00-05:00,253.77999877929688,253.99000549316406,252.41000366210938,253.39999389648438,6029900,0.0,0.0,0.0,GLD
2024-11-06 00:00:00-05:00,245.63999938964844,247.35000610351562,244.9499969482422,245.6999969482422,14600200,0.0,0.0,0.0,GLD
2024-11-07 00:00:00-05:00,248.2899932861328,250.24000549316406,248.1199951171875,249.64999389648438,8821400,0.0,0.0,0.0,GLD
2024-11-08 00:00:00-05:00,249.07000732421875,249.35000610351562,247.77999877929688,247.9600067138672,6267900,0.0,0.0,0.0,GLD
2024-11-11 00:00:00-05:00,242.72999572753906,242.72999572753906,241.05999755859375,242.13999938964844,11653800,0.0,0.0,0.0,GLD
2024-11-12 00:00:00-05:00,241.2899932861328,241.66000366210938,239.38999938964844,240.0500030517578,10145500,0.0,0.0,0.0,GLD
2024-11-13 00:00:00-05:00,241.30999755859375,241.47000122070312,237.58999633789062,237.6300048828125,8431700,0.0,0.0,0.0,GLD
2024-11-14 00:00:00-05:00,236.57000732421875,237.99000549316406,236.1300048828125,237.00999450683594,8262400,0.0,0.0,0.0,GLD
2024-11-15 00:00:00-05:00,237.57000732421875,237.8800048828125,236.3300018310547,236.58999633789062,7299500,0.0,0.0,0.0,GLD
2024-11-18 00:00:00-05:00,240.4600067138672,241.5,240.4499969482422,241.08999633789062,6323400,0.0,0.0,0.0,GLD
2024-11-19 00:00:00-05:00,242.75,243.30999755859375,242.02999877929688,243.25,6579100,0.0,0.0,0.0,GLD
2024-11-20 00:00:00-05:00,243.74000549316406,245.2100067138672,243.50999450683594,244.6199951171875,6630700,0.0,0.0,0.0,GLD
2024-11-21 00:00:00-05:00,246.22999572753906,246.80999755859375,245.69000244140625,246.66000366210938,7646400,0.0,0.0,0.0,GLD
2024-11-22 00:00:00-05:00,248.1999969482422,250.38999938964844,247.86000061035156,249.83999633789062,7503000,0.0,0.0,0.0,GLD
2024-11-25 00:00:00-05:00,244.27000427246094,244.39999389648438,241.47999572753906,242.47999572753906,10733100,0.0,0.0,0.0,GLD
2024-11-26 00:00:00-05:00,242.7100067138672,243.08999633789062,241.5800018310547,242.9499969482422,4945900,0.0,0.0,0.0,GLD
2024-11-27 00:00:00-05:00,244.85000610351562,245.17999267578125,243.1999969482422,243.49000549316406,6930600,0.0,0.0,0.0,GLD
2024-11-29 00:00:00-05:00,245.25,245.80999755859375,244.72999572753906,245.58999633789062,2708500,0.0,0.0,0.0,GLD
2024-12-02 00:00:00-05:00,244.4600067138672,244.5800018310547,243.13999938964844,243.44000244140625,4765000,0.0,0.0,0.0,GLD
2024-12-03 00:00:00-05:00,244.9600067138672,245.17999267578125,243.3000030517578,243.92999267578125,3557800,0.0,0.0,0.0,GLD
2024-12-04 00:00:00-05:00,244.92999267578125,245.33999633789062,244.3699951171875,244.6699981689453,4608600,0.0,0.0,0.0,GLD
2024-12-05 00:00:00-05:00,244.16000366210938,244.3800048828125,242.14999389648438,242.86000061035156,4806200,0.0,0.0,0.0,GLD
2024-12-06 00:00:00-05:00,242.7899932861328,243.86000061035156,242.44000244140625,242.9499969482422,3540700,0.0,0.0,0.0,GLD
2024-12-09 00:00:00-05:00,246.27999877929688,247.11000061035156,245.25999450683594,245.36000061035156,4711500,0.0,0.0,0.0,GLD
2024-12-10 00:00:00-05:00,247.86000061035156,248.86000061035156,247.8300018310547,248.58999633789062,4642000,0.0,0.0,0.0,GLD
2024-12-11 00:00:00-05:00,249.35000610351562,251.25999450683594,248.97000122070312,250.9600067138672,11033800,0.0,0.0,0.0,GLD
2024-12-12 00:00:00-05:00,247.80999755859375,248.24000549316406,246.8699951171875,247.27999877929688,10149600,0.0,0.0,0.0,GLD
2024-12-13 00:00:00-05:00,245.6699981689453,245.94000244140625,244.27000427246094,244.2899932861328,6602600,0.0,0.0,0.0,GLD
2024-12-16 00:00:00-05:00,245.41000366210938,245.5399932861328,244.2899932861328,244.8800048828125,3310000,0.0,0.0,0.0,GLD
2024-12-17 00:00:00-05:00,243.8000030517578,244.5500030517578,243.22999572753906,243.94000244140625,4421300,0.0,0.0,0.0,GLD
2024-12-18 00:00:00-05:00,243.57000732421875,243.7100067138672,238.82000732421875,239.25999450683594,8015800,0.0,0.0,0.0,GLD
2024-12-19 00:00:00-05:00,239.6699981689453,240.0500030517578,238.72999572753906,239.60000610351562,8111400,0.0,0.0,0.0,GLD
2024-12-20 00:00:00-05:00,241.41000366210938,242.9600067138672,241.1699981689453,242.10000610351562,9527800,0.0,0.0,0.0,GLD
2024-12-23 00:00:00-05:00,241.60000610351562,241.6699981689453,240.64999389648438,240.9600067138672,5835500,0.0,0.0,0.0,GLD
2024-12-24 00:00:00-05:00,241.49000549316406,241.66000366210938,240.82000732421875,241.44000244140625,2421000,0.0,0.0,0.0,GLD
2024-12-26 00:00:00-05:00,242.38999938964844,243.55999755859375,242.1999969482422,243.07000732421875,4645100,0.0,0.0,0.0,GLD
2024-12-27 00:00:00-05:00,241.1999969482422,241.9499969482422,241.0500030517578,241.39999389648438,4728100,0.0,0.0,0.0,GLD
2024-12-30 00:00:00-05:00,241.0800018310547,241.0800018310547,239.5800018310547,240.6300048828125,3522500,0.0,0.0,0.0,GLD
2024-12-31 00:00:00-05:00,241.0500030517578,242.52000427246094,241.0500030517578,242.1300048828125,2522100,0.0,0.0,0.0,GLD
2025-01-02 00:00:00-05:00,244.22000122070312,245.52999877929688,244.0800018310547,245.4199981689453,6241900,0.0,0.0,0.0,GLD
2025-01-03 00:00:00-05:00,244.55999755859375,244.82000732421875,243.36000061035156,243.49000549316406,4872100,0.0,0.0,0.0,GLD
2025-01-06 00:00:00-05:00,242.3300018310547,243.7899932861328,242.0500030517578,243.19000244140625,3758900,0.0,0.0,0.0,GLD
2025-01-07 00:00:00-05:00,245.52000427246094,245.77000427246094,243.80999755859375,244.55999755859375,5090300,0.0,0.0,0.0,GLD
2025-01-08 00:00:00-05:00,245.72000122070312,246.4499969482422,244.50999450683594,245.86000061035156,6303300,0.0,0.0,0.0,GLD
2025-01-10 00:00:00-05:00,248.00999450683594,249.0399932861328,247.5500030517578,248.2100067138672,12380100,0.0,0.0,0.0,GLD
2025-01-13 00:00:00-05:00,246.33999633789062,246.7899932861328,245.14999389648438,245.74000549316406,8448600,0.0,0.0,0.0,GLD
2025-01-14 00:00:00-05:00,245.6199951171875,247.0399932861328,245.52000427246094,247.02999877929688,4914800,0.0,0.0,0.0,GLD
2025-01-15 00:00:00-05:00,248.2100067138672,248.89999389648438,247.00999450683594,248.8800048828125,6345000,0.0,0.0,0.0,GLD
2025-01-16 00:00:00-05:00,250.55999755859375,251.38999938964844,250.27000427246094,250.60000610351562,9236000,0.0,0.0,0.0,GLD
2025-01-17 00:00:00-05:00,249.6999969482422,250.80999755859375,249.14999389648438,249.27000427246094,8312900,0.0,0.0,0.0,GLD
2025-01-21 00:00:00-05:00,251.9499969482422,253.36000061035156,251.8300018310547,253.1300048828125,7668100,0.0,0.0,0.0,GLD
2025-01-22 00:00:00-05:00,254.2899932861328,254.67999267578125,253.77999877929688,254.42999267578125,5213800,0.0,0.0,0.0,GLD
2025-01-23 00:00:00-05:00,253.19000244140625,254.5399932861328,252.82000732421875,254.07000732421875,6511500,0.0,0.0,0.0,GLD
2025-01-24 00:00:00-05:00,255.9600067138672,257.07000732421875,255.61000061035156,255.64999389648438,7341300,0.0,0.0,0.0,GLD
2025-01-27 00:00:00-05:00,253.86000061035156,254.25999450683594,251.9199981689453,252.99000549316406,5799800,0.0,0.0,0.0,GLD
2025-01-28 00:00:00-05:00,254.22999572753906,255.25,253.88999938964844,255.17999267578125,5332000,0.0,0.0,0.0,GLD
2025-01-29 00:00:00-05:00,254.5500030517578,254.82000732421875,253.3000030517578,254.1999969482422,5671800,0.0,0.0,0.0,GLD
2025-01-30 00:00:00-05:00,257.20001220703125,258.2900085449219,256.45001220703125,258.04998779296875,12981200,0.0,0.0,0.0,GLD
2025-01-31 00:00:00-05:00,259.0799865722656,259.989990234375,257.8599853515625,258.55999755859375,8961100,0.0,0.0,0.0,GLD
2025-02-03 00:00:00-05:00,259.75,261.3900146484375,259.5199890136719,259.94000244140625,11521100,0.0,0.0,0.0,GLD
2025-02-04 00:00:00-05:00,261.8299865722656,262.5400085449219,261.3500061035156,262.5,9850400,0.0,0.0,0.0,GLD
2025-02-05 00:00:00-05:00,264.45001220703125,265.989990234375,263.8900146484375,264.1300048828125,12681100,0.0,0.0,0.0,GLD
2025-02-06 00:00:00-05:00,263.6600036621094,263.7200012207031,261.489990234375,263.42999267578125,8731400,0.0,0.0,0.0,GLD
2025-02-07 00:00:00-05:00,265.2200012207031,266.3500061035156,263.260009765625,263.8999938964844,9154000,0.0,0.0,0.0,GLD
2025-02-10 00:00:00-05:00,268.0,268.6600036621094,267.239990234375,268.3699951171875,13250300,0.0,0.0,0.0,GLD
2025-02-11 00:00:00-05:00,267.70001220703125,268.3599853515625,266.7099914550781,267.3900146484375,7169500,0.0,0.0,0.0,GLD
2025-02-12 00:00:00-05:00,267.1499938964844,268.42999267578125,266.3500061035156,267.6700134277344,9328600,0.0,0.0,0.0,GLD
2025-02-13 00:00:00-05:00,268.3999938964844,270.3900146484375,268.2200012207031,270.30999755859375,8347500,0.0,0.0,0.0,GLD
2025-02-14 00:00:00-05:00,270.07000732421875,270.2099914550781,265.45001220703125,266.2900085449219,11546700,0.0,0.0,0.0,GLD
2025-02-18 00:00:00-05:00,269.67999267578125,271.010009765625,269.6000061035156,270.70001220703125,8185900,0.0,0.0,0.0,GLD
2025-02-19 00:00:00-05:00,270.67999267578125,271.3299865722656,269.239990234375,270.8500061035156,9342500,0.0,0.0,0.0,GLD
2025-02-20 00:00:00-05:00,270.2300109863281,271.8399963378906,270.1700134277344,270.989990234375,7356900,0.0,0.0,0.0,GLD
2025-02-21 00:00:00-05:00,270.79998779296875,271.510009765625,269.510009765625,270.739990234375,8917400,0.0,0.0,0.0,GLD
2025-02-24 00:00:00-05:00,271.45001220703125,272.32000732421875,270.3800048828125,272.2099914550781,5374400,0.0,0.0,0.0,GLD
2025-02-25 00:00:00-05:00,271.4599914550781,271.67999267578125,266.45001220703125,268.6199951171875,10079800,0.0,0.0,0.0,GLD
2025-02-26 00:00:00-05:00,267.0799865722656,269.0799865722656,266.6600036621094,269.0299987792969,7276000,0.0,0.0,0.0,GLD
2025-02-27 00:00:00-05:00,266.489990234375,266.6700134277344,264.45001220703125,264.92999267578125,9374600,0.0,0.0,0.0,GLD
2025-02-28 00:00:00-05:00,262.55999755859375,263.3999938964844,261.25,263.2699890136719,11504500,0.0,0.0,0.0,GLD
2025-03-03 00:00:00-05:00,265.07000732421875,266.8800048828125,265.07000732421875,266.739990234375,7725600,0.0,0.0,0.0,GLD
2025-03-04 00:00:00-05:00,269.010009765625,269.3999938964844,267.5199890136719,269.05999755859375,8481300,0.0,0.0,0.0,GLD
2025-03-05 00:00:00-05:00,267.9700012207031,270.260009765625,267.9599914550781,269.6199951171875,6990400,0.0,0.0,0.0,GLD
2025-03-06 00:00:00-05:00,268.25,269.510009765625,268.1600036621094,268.25,6136400,0.0,0.0,0.0,GLD
2025-03-07 00:00:00-05:00,269.0899963378906,270.3399963378906,267.6400146484375,268.3900146484375,10431200,0.0,0.0,0.0,GLD
2025-03-10 00:00:00-04:00,267.6199951171875,268.44000244140625,265.6400146484375,266.0400085449219,7593900,0.0,0.0,0.0,GLD
2025-03-11 00:00:00-04:00,268.4700012207031,269.7300109863281,268.44000244140625,269.1600036621094,8436600,0.0,0.0,0.0,GLD
2025-03-12 00:00:00-04:00,268.4700012207031,271.2300109863281,268.3599853515625,270.3299865722656,7236200,0.0,0.0,0.0,GLD
2025-03-13 00:00:00-04:00,271.57000732421875,275.3500061035156,271.54998779296875,275.1300048828125,13741500,0.0,0.0,0.0,GLD
2025-03-14 00:00:00-04:00,276.2699890136719,276.29998779296875,274.6600036621094,275.239990234375,13365000,0.0,0.0,0.0,GLD
2025-03-17 00:00:00-04:00,275.5400085449219,276.7900085449219,275.3900146484375,276.7300109863281,8583400,0.0,0.0,0.0,GLD
2025-03-18 00:00:00-04:00,279.8999938964844,280.2099914550781,278.9700012207031,279.9599914550781,9596500,0.0,0.0,0.0,GLD
2025-03-19 00:00:00-04:00,279.8500061035156,281.4800109863281,279.05999755859375,281.1099853515625,8822200,0.0,0.0,0.0,GLD
2025-03-20 00:00:00-04:00,279.489990234375,280.8999938964844,279.42999267578125,280.75,5863300,0.0,0.0,0.0,GLD
2025-03-21 00:00:00-04:00,279.4599914550781,279.4599914550781,276.5899963378906,278.489990234375,9359300,0.0,0.0,0.0,GLD
2025-03-24 00:00:00-04:00,278.9100036621094,279.0899963378906,276.8599853515625,277.25,7870100,0.0,0.0,0.0,GLD
2025-03-25 00:00:00-04:00,278.7799987792969,279.9599914550781,278.2699890136719,278.4700012207031,5090200,0.0,0.0,0.0,GLD
2025-03-26 00:00:00-04:00,278.92999267578125,279.0199890136719,277.7799987792969,278.239990234375,3717500,0.0,0.0,0.0,GLD
2025-03-27 00:00:00-04:00,280.54998779296875,282.07000732421875,279.5899963378906,281.9700012207031,8476300,0.0,0.0,0.0,GLD
2025-03-28 00:00:00-04:00,283.82000732421875,284.6400146484375,282.8599853515625,284.05999755859375,9563700,0.0,0.0,0.0,GLD
2025-03-31 00:00:00-04:00,287.5299987792969,288.3900146484375,285.8500061035156,288.1400146484375,13925100,0.0,0.0,0.0,GLD
2025-04-01 00:00:00-04:00,288.5400085449219,289.1300048828125,285.9100036621094,287.57000732421875,15923600,0.0,0.0,0.0,GLD
2025-04-02 00:00:00-04:00,288.2799987792969,289.0299987792969,287.3599853515625,288.1600036621094,11074800,0.0,0.0,0.0,GLD
2025-04-03 00:00:00-04:00,282.7799987792969,289.0899963378906,282.45001220703125,286.4200134277344,20524400,0.0,0.0,0.0,GLD
2025-04-04 00:00:00-04:00,283.6400146484375,284.0299987792969,278.0199890136719,279.7200012207031,21517200,0.0,0.0,0.0,GLD
2025-04-07 00:00:00-04:00,278.8599853515625,280.1400146484375,272.5799865722656,273.7099914550781,19807000,0.0,0.0,0.0,GLD
2025-04-08 00:00:00-04:00,277.8699951171875,278.32000732421875,274.239990234375,275.20001220703125,12639500,0.0,0.0,0.0,GLD
2025-04-09 00:00:00-04:00,282.2200012207031,285.8699951171875,281.0400085449219,285.3800048828125,25342200,0.0,0.0,0.0,GLD
2025-04-10 00:00:00-04:00,288.80999755859375,292.8599853515625,287.2300109863281,292.3500061035156,19837800,0.0,0.0,0.0,GLD
2025-04-11 00:00:00-04:00,297.9599914550781,299.2699890136719,296.80999755859375,297.92999267578125,21080100,0.0,0.0,0.0,GLD
2025-04-14 00:00:00-04:00,295.5400085449219,296.5799865722656,294.5299987792969,296.2300109863281,12427600,0.0,0.0,0.0,GLD
2025-04-15 00:00:00-04:00,296.92999267578125,298.0199890136719,296.0899963378906,297.7799987792969,7924100,0.0,0.0,0.0,GLD
2025-04-16 00:00:00-04:00,304.6499938964844,308.05999755859375,303.79998779296875,307.4700012207031,20778100,0.0,0.0,0.0,GLD
2025-04-17 00:00:00-04:00,306.30999755859375,307.1300048828125,302.7300109863281,306.1199951171875,18287800,0.0,0.0,0.0,GLD
2025-04-21 00:00:00-04:00,315.0199890136719,316.4100036621094,313.95001220703125,315.5899963378906,20372300,0.0,0.0,0.0,GLD
2025-04-22 00:00:00-04:00,317.489990234375,317.6300048828125,310.3599853515625,311.1099853515625,35242300,0.0,0.0,0.0,GLD
2025-04-23 00:00:00-04:00,304.17999267578125,304.739990234375,300.5899963378906,303.6499938964844,25421500,0.0,0.0,0.0,GLD
2025-04-24 00:00:00-04:00,306.9800109863281,308.5,304.7099914550781,308.07000732421875,10845000,0.0,0.0,0.0,GLD
2025-04-25 00:00:00-04:00,301.7799987792969,305.3699951171875,301.010009765625,304.7300109863281,10691600,0.0,0.0,0.0,GLD
2025-04-28 00:00:00-04:00,304.1499938964844,309.1099853515625,302.9700012207031,309.07000732421875,9375500,0.0,0.0,0.0,GLD
2025-04-29 00:00:00-04:00,305.80999755859375,306.95001220703125,304.0,306.05999755859375,6852100,0.0,0.0,0.0,GLD
2025-04-30 00:00:00-04:00,304.6099853515625,306.07000732421875,303.44000244140625,303.7699890136719,8331900,0.0,0.0,0.0,GLD
2025-05-01 00:00:00-04:00,297.4100036621094,297.94000244140625,295.32000732421875,297.4599914550781,14969100,0.0,0.0,0.0,GLD
2025-05-02 00:00:00-04:00,300.1700134277344,300.8500061035156,297.0299987792969,297.9800109863281,8678400,0.0,0.0,0.0,GLD
2025-05-05 00:00:00-04:00,305.9200134277344,307.6499938964844,304.67999267578125,306.8800048828125,8924000,0.0,0.0,0.0,GLD
2025-05-06 00:00:00-04:00,313.1199951171875,315.6199951171875,311.3999938964844,315.4800109863281,11445300,0.0,0.0,0.0,GLD
2025-05-07 00:00:00-04:00,312.1000061035156,313.260009765625,310.0799865722656,310.75,7888300,0.0,0.0,0.0,GLD
2025-05-08 00:00:00-04:00,309.760009765625,310.4800109863281,303.04998779296875,304.6300048828125,11927600,0.0,0.0,0.0,GLD
2025-05-09 00:00:00-04:00,307.7900085449219,308.57000732421875,306.010009765625,306.8399963378906,6913100,0.0,0.0,0.0,GLD
2025-05-12 00:00:00-04:00,298.3299865722656,299.4700012207031,296.82000732421875,298.19000244140625,14375900,0.0,0.0,0.0,GLD
2025-05-13 00:00:00-04:00,299.0199890136719,300.29998779296875,297.239990234375,299.4599914550781,10233600,0.0,0.0,0.0,GLD
2025-05-14 00:00:00-04:00,293.6700134277344,294.79998779296875,291.9599914550781,293.1600036621094,14800600,0.0,0.0,0.0,GLD
2025-05-15 00:00:00-04:00,294.1000061035156,297.8999938964844,293.75,297.8399963378906,13497700,0.0,0.0,0.0,GLD
2025-05-16 00:00:00-04:00,292.6199951171875,294.5799865722656,291.7799987792969,294.239990234375,14173000,0.0,0.0,0.0,GLD
2025-05-19 00:00:00-04:00,297.8500061035156,298.5799865722656,296.4800109863281,298.0299987792969,11656300,0.0,0.0,0.0,GLD
2025-05-20 00:00:00-04:00,298.3500061035156,303.67999267578125,298.29998779296875,303.5799865722656,12851000,0.0,0.0,0.0,GLD
2025-05-21 00:00:00-04:00,304.54998779296875,306.4599914550781,303.6700134277344,305.82000732421875,12414500,0.0,0.0,0.0,GLD
2025-05-22 00:00:00-04:00,305.0899963378906,305.2799987792969,302.1000061035156,303.1099853515625,9704200,0.0,0.0,0.0,GLD
2025-05-23 00:00:00-04:00,308.8599853515625,310.25,307.4700012207031,309.75,13339500,0.0,0.0,0.0,GLD
2025-05-27 00:00:00-04:00,303.80999755859375,304.8800048828125,302.739990234375,304.5,9578500,0.0,0.0,0.0,GLD
2025-05-28 00:00:00-04:00,304.6400146484375,304.989990234375,303.05999755859375,303.80999755859375,8803300,0.0,0.0,0.0,GLD
2025-05-29 00:00:00-04:00,305.739990234375,306.8900146484375,304.4599914550781,305.6099853515625,9487900,0.0,0.0,0.0,GLD
2025-05-30 00:00:00-04:00,303.6400146484375,304.0199890136719,301.5,303.6000061035156,9553300,0.0,0.0,0.0,GLD
2025-06-02 00:00:00-04:00,309.2099914550781,311.7200012207031,308.7200012207031,311.6700134277344,13593200,0.0,0.0,0.0,GLD
2025-06-03 00:00:00-04:00,309.55999755859375,309.55999755859375,307.1499938964844,308.9100036621094,9315100,0.0,0.0,0.0,GLD
2025-06-04 00:00:00-04:00,309.4100036621094,311.8800048828125,308.739990234375,310.8999938964844,7462500,0.0,0.0,0.0,GLD
2025-06-05 00:00:00-04:00,311.239990234375,312.20001220703125,307.6499938964844,309.3299865722656,10817800,0.0,0.0,0.0,GLD
2025-06-06 00:00:00-04:00,309.0899963378906,309.20001220703125,305.1000061035156,305.17999267578125,7787500,0.0,0.0,0.0,GLD
2025-06-09 00:00:00-04:00,305.3900146484375,307.6099853515625,305.05999755859375,306.6199951171875,7159000,0.0,0.0,0.0,GLD
2025-06-10 00:00:00-04:00,308.30999755859375,308.6000061035156,305.8699951171875,306.7099914550781,7071700,0.0,0.0,0.0,GLD
2025-06-11 00:00:00-04:00,307.5,308.6199951171875,305.8500061035156,308.3699951171875,9248800,0.0,0.0,0.0,GLD
2025-06-12 00:00:00-04:00,311.739990234375,313.1000061035156,311.1499938964844,312.20001220703125,11531400,0.0,0.0,0.0,GLD
2025-06-13 00:00:00-04:00,317.260009765625,317.6000061035156,315.0400085449219,316.2900085449219,16592900,0.0,0.0,0.0,GLD
2025-06-16 00:00:00-04:00,314.79998779296875,314.8699951171875,311.6499938964844,311.7799987792969,12848400,0.0,0.0,0.0,GLD
2025-06-17 00:00:00-04:00,312.6600036621094,313.0,310.1199951171875,311.94000244140625,8234100,0.0,0.0,0.0,GLD
2025-06-18 00:00:00-04:00,312.8900146484375,312.9800109863281,309.8599853515625,310.260009765625,9370800,0.0,0.0,0.0,GLD
2025-06-20 00:00:00-04:00,309.3299865722656,310.8900146484375,309.25,310.1300048828125,8794700,0.0,0.0,0.0,GLD
2025-06-23 00:00:00-04:00,310.3399963378906,312.6700134277344,310.30999755859375,311.0799865722656,12687900,0.0,0.0,0.0,GLD
2025-06-24 00:00:00-04:00,305.07000732421875,306.3399963378906,303.5400085449219,306.19000244140625,12035200,0.0,0.0,0.0,GLD
2025-06-25 00:00:00-04:00,305.30999755859375,307.3599853515625,305.1199951171875,307.1199951171875,6733200,0.0,0.0,0.0,GLD
2025-06-26 00:00:00-04:00,305.7699890136719,307.2799987792969,304.8599853515625,306.7799987792969,6787500,0.0,0.0,0.0,GLD
2025-06-27 00:00:00-04:00,300.0299987792969,302.3599853515625,299.8900146484375,301.2200012207031,13301300,0.0,0.0,0.0,GLD
2025-06-30 00:00:00-04:00,302.3900146484375,304.9200134277344,301.95001220703125,304.8299865722656,8192100,0.0,0.0,0.0,GLD
2025-07-01 00:00:00-04:00,308.55999755859375,309.0,307.3599853515625,307.54998779296875,9335600,0.0,0.0,0.0,GLD
2025-07-02 00:00:00-04:00,308.0400085449219,309.3999938964844,306.9599914550781,309.25,8316400,0.0,0.0,0.0,GLD
2025-07-03 00:00:00-04:00,307.04998779296875,307.57000732421875,306.1499938964844,307.1400146484375,5275800,0.0,0.0,0.0,GLD
2025-07-07 00:00:00-04:00,305.07000732421875,307.7099914550781,304.5299987792969,307.3699951171875,7351600,0.0,0.0,0.0,GLD
2025-07-08 00:00:00-04:00,306.29998779296875,306.45001220703125,302.7699890136719,304.1600036621094,11840500,0.0,0.0,0.0,GLD
2025-07-09 00:00:00-04:00,303.5799865722656,305.5400085449219,303.2300109863281,305.5199890136719,10644100,0.0,0.0,0.0,GLD
2025-07-10 00:00:00-04:00,306.1099853515625,306.510009765625,304.82000732421875,306.20001220703125,7053700,0.0,0.0,0.0,GLD
2025-07-11 00:00:00-04:00,308.8599853515625,310.2799987792969,308.5199890136719,309.1400146484375,9187300,0.0,0.0,0.0,GLD
2025-07-14 00:00:00-04:00,309.07000732421875,309.3800048828125,307.7300109863281,308.010009765625,5772900,0.0,0.0,0.0,GLD
2025-07-15 00:00:00-04:00,307.7300109863281,308.739990234375,305.7900085449219,306.7300109863281,8149000,0.0,0.0,0.0,GLD
2025-07-16 00:00:00-04:00,307.1099853515625,311.0899963378906,305.7300109863281,308.260009765625,17693100,0.0,0.0,0.0,GLD
2025-07-17 00:00:00-04:00,305.5,307.6700134277344,305.1199951171875,307.5899963378906,6642300,0.0,0.0,0.0,GLD
2025-07-18 00:00:00-04:00,309.239990234375,309.3699951171875,308.32000732421875,308.3900146484375,5574300,0.0,0.0,0.0,GLD
2025-07-21 00:00:00-04:00,311.8800048828125,313.30999755859375,311.6099853515625,313.1300048828125,10995800,0.0,0.0,0.0,GLD
2025-07-22 00:00:00-04:00,314.4800109863281,316.239990234375,313.6199951171875,316.1000061035156,13691800,0.0,0.0,0.0,GLD
2025-07-23 00:00:00-04:00,314.0,314.9599914550781,311.4200134277344,312.17999267578125,10547500,0.0,0.0,0.0,GLD
2025-07-24 00:00:00-04:00,309.2900085449219,310.989990234375,309.05999755859375,310.2699890136719,7698800,0.0,0.0,0.0,GLD
2025-07-25 00:00:00-04:00,307.82000732421875,308.30999755859375,306.20001220703125,307.3999938964844,9376400,0.0,0.0,0.0,GLD
2025-07-28 00:00:00-04:00,306.44000244140625,306.5799865722656,304.04998779296875,305.4100036621094,9275400,0.0,0.0,0.0,GLD
2025-07-29 00:00:00-04:00,305.79998779296875,307.0299987792969,304.989990234375,306.25,5741100,0.0,0.0,0.0,GLD
2025-07-30 00:00:00-04:00,304.4200134277344,304.6499938964844,300.9599914550781,300.9599914550781,13459600,0.0,0.0,0.0,GLD
2025-07-31 00:00:00-04:00,304.5899963378906,304.6099853515625,302.8599853515625,302.9599914550781,8981000,0.0,0.0,0.0,GLD
2025-08-01 00:00:00-04:00,308.6099853515625,309.54998779296875,307.45001220703125,309.1099853515625,12843400,0.0,0.0,0.0,GLD
2025-08-04 00:00:00-04:00,310.79998779296875,311.739990234375,310.3699951171875,310.9100036621094,7639000,0.0,0.0,0.0,GLD
2025-08-05 00:00:00-04:00,310.3699951171875,312.239990234375,310.2200012207031,311.1600036621094,6997700,0.0,0.0,0.0,GLD
2025-08-06 00:00:00-04:00,310.32000732421875,311.239990234375,309.8399963378906,310.5,7418200,0.0,0.0,0.0,GLD
2025-08-07 00:00:00-04:00,311.7200012207031,313.1400146484375,310.70001220703125,313.1199951171875,10891500,0.0,0.0,0.0,GLD
2025-08-08 00:00:00-04:00,312.3500061035156,313.5299987792969,311.0,313.04998779296875,19886800,0.0,0.0,0.0,GLD
2025-08-11 00:00:00-04:00,308.6199951171875,309.6600036621094,307.6300048828125,308.54998779296875,10326700,0.0,0.0,0.0,GLD
2025-08-12 00:00:00-04:00,308.2200012207031,309.30999755859375,306.7099914550781,308.2699890136719,9697400,0.0,0.0,0.0,GLD
2025-08-13 00:00:00-04:00,309.1000061035156,310.3900146484375,308.45001220703125,309.2099914550781,4718600,0.0,0.0,0.0,GLD
2025-08-14 00:00:00-04:00,307.92999267578125,308.3399963378906,306.5199890136719,307.25,5817700,0.0,0.0,0.0,GLD
2025-08-15 00:00:00-04:00,307.3399963378906,308.0,306.8699951171875,307.42999267578125,5990100,0.0,0.0,0.0,GLD
2025-08-18 00:00:00-04:00,307.7900085449219,307.8900146484375,306.6300048828125,306.95001220703125,6150100,0.0,0.0,0.0,GLD
2025-08-19 00:00:00-04:00,306.760009765625,307.4800109863281,305.19000244140625,305.2699890136719,5029900,0.0,0.0,0.0,GLD
2025-08-20 00:00:00-04:00,307.5400085449219,308.4700012207031,307.3999938964844,308.3599853515625,6515400,0.0,0.0,0.0,GLD
2025-08-21 00:00:00-04:00,307.8599853515625,308.1499938964844,307.0299987792969,307.2900085449219,4809000,0.0,0.0,0.0,GLD
2025-08-22 00:00:00-04:00,306.5199890136719,311.0199890136719,306.42999267578125,310.5799865722656,8526500,0.0,0.0,0.0,GLD
2025-08-25 00:00:00-04:00,309.6700134277344,310.8399963378906,309.6700134277344,309.8299865722656,4044400,0.0,0.0,0.0,GLD
2025-08-26 00:00:00-04:00,310.6199951171875,312.2099914550781,310.30999755859375,312.0799865722656,11698500,0.0,0.0,0.0,GLD
2025-08-27 00:00:00-04:00,311.3900146484375,312.9100036621094,310.7699890136719,312.7099914550781,4320100,0.0,0.0,0.0,GLD
2025-08-28 00:00:00-04:00,313.32000732421875,315.0799865722656,313.07000732421875,315.0299987792969,9610200,0.0,0.0,0.0,GLD
2025-08-29 00:00:00-04:00,314.7200012207031,318.0899963378906,314.6400146484375,318.07000732421875,15642600,0.0,0.0,0.0,GLD
2025-09-02 00:00:00-04:00,320.82000732421875,325.9200134277344,320.239990234375,325.5899963378906,21247500,0.0,0.0,0.0,GLD
2025-09-03 00:00:00-04:00,327.760009765625,329.45001220703125,326.7300109863281,328.1400146484375,16062200,0.0,0.0,0.0,GLD
2025-09-04 00:00:00-04:00,327.0299987792969,327.55999755859375,325.3500061035156,326.69000244140625,11703100,0.0,0.0,0.0,GLD
2025-09-05 00:00:00-04:00,329.5299987792969,331.44000244140625,328.92999267578125,331.04998779296875,16065200,0.0,0.0,0.0,GLD
2025-09-08 00:00:00-04:00,333.6600036621094,335.6700134277344,333.2300109863281,334.82000732421875,18617300,0.0,0.0,0.0,GLD
2025-09-09 00:00:00-04:00,337.0299987792969,338.30999755859375,333.8500061035156,334.05999755859375,21641900,0.0,0.0,0.0,GLD
2025-09-10 00:00:00-04:00,335.7300109863281,336.5,326.19000244140625,335.260009765625,11945700,0.0,0.0,0.0,GLD
2025-09-11 00:00:00-04:00,333.3699951171875,335.1600036621094,332.9700012207031,334.760009765625,9082600,0.0,0.0,0.0,GLD
2025-09-12 00:00:00-04:00,335.8800048828125,336.3900146484375,335.2300109863281,335.4200134277344,9619700,0.0,0.0,0.0,GLD
2025-09-15 00:00:00-04:00,336.30999755859375,339.2799987792969,336.2300109863281,338.9100036621094,10569900,0.0,0.0,0.0,GLD
2025-09-16 00:00:00-04:00,340.0899963378906,340.8800048828125,338.6199951171875,339.5899963378906,12161500,0.0,0.0,0.0,GLD
2025-09-17 00:00:00-04:00,338.5299987792969,341.239990234375,335.5199890136719,336.9700012207031,16535300,0.0,0.0,0.0,GLD
2025-09-18 00:00:00-04:00,336.2200012207031,336.32000732421875,333.80999755859375,335.6199951171875,14913300,0.0,0.0,0.0,GLD
2025-09-19 00:00:00-04:00,336.510009765625,339.2300109863281,336.30999755859375,339.17999267578125,14982600,0.0,0.0,0.0,GLD
2025-09-22 00:00:00-04:00,342.75,345.07000732421875,341.8399963378906,345.04998779296875,12386400,0.0,0.0,0.0,GLD
2025-09-23 00:00:00-04:00,348.2300109863281,348.75,345.32000732421875,346.4599914550781,18384000,0.0,0.0,0.0,GLD
2025-09-24 00:00:00-04:00,346.70001220703125,346.8299865722656,342.1400146484375,343.32000732421875,12709100,0.0,0.0,0.0,GLD
2025-09-25 00:00:00-04:00,344.3900146484375,345.8299865722656,342.4700012207031,344.75,12639600,0.0,0.0,0.0,GLD
2025-09-26 00:00:00-04:00,345.8299865722656,348.25,345.30999755859375,346.739990234375,11698200,0.0,0.0,0.0,GLD
2025-09-29 00:00:00-04:00,351.7900085449219,352.8299865722656,351.2799987792969,352.4599914550781,15719600,0.0,0.0,0.0,GLD
2025-09-30 00:00:00-04:00,351.1300048828125,355.57000732421875,350.8699951171875,355.4700012207031,13312400,0.0,0.0,0.0,GLD
2025-10-01 00:00:00-04:00,356.1700134277344,356.9700012207031,354.7900085449219,356.0299987792969,15573600,0.0,0.0,0.0,GLD
2025-10-02 00:00:00-04:00,358.260009765625,358.6700134277344,351.3999938964844,354.7900085449219,16162100,0.0,0.0,0.0,GLD
2025-10-03 00:00:00-04:00,357.1199951171875,358.1400146484375,355.79998779296875,357.6400146484375,14464000,0.0,0.0,0.0,GLD
2025-10-06 00:00:00-04:00,362.1600036621094,365.29998779296875,361.3699951171875,364.3800048828125,17093700,0.0,0.0,0.0,GLD
2025-10-07 00:00:00-04:00,366.510009765625,367.2699890136719,364.54998779296875,366.260009765625,16836800,0.0,0.0,0.0,GLD
2025-10-08 00:00:00-04:00,371.6499938964844,373.57000732421875,370.5,372.29998779296875,28052300,0.0,0.0,0.0,GLD
2025-10-09 00:00:00-04:00,373.1400146484375,373.2200012207031,362.8299865722656,365.42999267578125,33674800,0.0,0.0,0.0,GLD
2025-10-10 00:00:00-04:00,367.5400085449219,370.30999755859375,365.44000244140625,369.1199951171875,24192800,0.0,0.0,0.0,GLD
2025-10-13 00:00:00-04:00,376.5,378.8599853515625,375.5799865722656,378.0899963378906,18514400,0.0,0.0,0.0,GLD
2025-10-14 00:00:00-04:00,378.2099914550781,382.3800048828125,377.8999938964844,380.7900085449219,18409600,0.0,0.0,0.0,GLD
2025-10-15 00:00:00-04:00,385.92999267578125,387.760009765625,384.5899963378906,387.3900146484375,20598300,0.0,0.0,0.0,GLD
2025-10-16 00:00:00-04:00,391.1499938964844,396.8699951171875,390.3999938964844,396.45001220703125,33621400,0.0,0.0,0.0,GLD
2025-10-17 00:00:00-04:00,397.1400146484375,397.2799987792969,385.2200012207031,388.989990234375,62025000,0.0,0.0,0.0,GLD
2025-10-20 00:00:00-04:00,397.45001220703125,403.29998779296875,394.20001220703125,403.1499938964844,34523000,0.0,0.0,0.0,GLD
2025-10-21 00:00:00-04:00,386.5400085449219,388.8900146484375,375.6499938964844,377.239990234375,54101400,0.0,0.0,0.0,GLD
2025-10-22 00:00:00-04:00,372.75,378.4700012207031,368.92999267578125,377.2799987792969,30524100,0.0,0.0,0.0,GLD
2025-10-23 00:00:00-04:00,381.4599914550781,382.25,378.6499938964844,378.7900085449219,13695500,0.0,0.0,0.0,GLD
2025-10-24 00:00:00-04:00,378.510009765625,380.7699890136719,376.80999755859375,377.5199890136719,13263800,0.0,0.0,0.0,GLD
2025-10-27 00:00:00-04:00,371.1300048828125,371.5899963378906,365.3399963378906,367.010009765625,23657600,0.0,0.0,0.0,GLD
2025-10-28 00:00:00-04:00,361.80999755859375,365.29998779296875,360.1199951171875,364.3800048828125,19257600,0.0,0.0,0.0,GLD
2025-10-29 00:00:00-04:00,369.6499938964844,370.0799865722656,361.3599853515625,363.0,18891800,0.0,0.0,0.0,GLD
2025-10-30 00:00:00-04:00,365.0899963378906,370.3599853515625,364.5,370.1300048828125,14812800,0.0,0.0,0.0,GLD
2025-10-31 00:00:00-04:00,370.4700012207031,370.6600036621094,365.5,368.1199951171875,11077900,0.0,0.0,0.0,GLD
2025-11-03 00:00:00-05:00,368.9100036621094,370.8399963378906,367.5400085449219,368.7799987792969,7254300,0.0,0.0,0.0,GLD
2025-11-04 00:00:00-05:00,363.4800109863281,365.739990234375,361.3900146484375,362.32000732421875,11540100,0.0,0.0,0.0,GLD
2025-11-05 00:00:00-05:00,366.3900146484375,367.1000061035156,364.6499938964844,366.510009765625,8357300,0.0,0.0,0.0,GLD
2025-11-06 00:00:00-05:00,367.1600036621094,368.17999267578125,364.70001220703125,366.07000732421875,6891100,0.0,0.0,0.0,GLD
2025-11-07 00:00:00-05:00,367.94000244140625,370.4200134277344,366.4200134277344,368.30999755859375,11060400,0.0,0.0,0.0,GLD
2025-11-10 00:00:00-05:00,375.92999267578125,378.6600036621094,374.7799987792969,378.3800048828125,13456200,0.0,0.0,0.0,GLD
2025-11-11 00:00:00-05:00,379.9800109863281,380.3999938964844,376.8699951171875,379.8699951171875,10753200,0.0,0.0,0.0,GLD
2025-11-12 00:00:00-05:00,380.07000732421875,387.4599914550781,379.44000244140625,385.989990234375,16203700,0.0,0.0,0.0,GLD
2025-11-13 00:00:00-05:00,387.2900085449219,388.17999267578125,381.2099914550781,382.8699951171875,15867900,0.0,0.0,0.0,GLD
2025-11-14 00:00:00-05:00,372.8699951171875,378.20001220703125,370.8900146484375,375.9599914550781,15198000,0.0,0.0,0.0,GLD
2025-11-17 00:00:00-05:00,374.0400085449219,375.4599914550781,368.5199890136719,371.6499938964844,13295200,0.0,0.0,0.0,GLD
2025-11-18 00:00:00-05:00,374.8299865722656,375.5400085449219,371.6199951171875,374.3500061035156,7818800,0.0,0.0,0.0,GLD
2025-11-19 00:00:00-05:00,377.7799987792969,380.1700134277344,373.0299987792969,374.9599914550781,10980400,0.0,0.0,0.0,GLD
2025-11-20 00:00:00-05:00,375.2900085449219,377.69000244140625,371.8500061035156,374.8500061035156,10506500,0.0,0.0,0.0,GLD
2025-11-21 00:00:00-05:00,374.0299987792969,377.2300109863281,372.94000244140625,374.2699890136719,13194600,0.0,0.0,0.0,GLD
2025-11-24 00:00:00-05:00,374.8800048828125,380.2799987792969,374.19000244140625,380.20001220703125,10085300,0.0,0.0,0.0,GLD
2025-11-25 00:00:00-05:00,380.260009765625,382.5199890136719,378.05999755859375,380.0799865722656,10462800,0.0,0.0,0.0,GLD
2025-11-26 00:00:00-05:00,381.05999755859375,383.7799987792969,380.4599914550781,383.1199951171875,9184100,0.0,0.0,0.0,GLD
2025-11-28 00:00:00-05:00,385.9800109863281,388.0,384.989990234375,387.8800048828125,7175400,0.0,0.0,0.0,GLD
2025-12-01 00:00:00-05:00,390.6099853515625,390.70001220703125,388.05999755859375,389.75,11177100,0.0,0.0,0.0,GLD
2025-12-02 00:00:00-05:00,388.8699951171875,388.9800109863281,382.9100036621094,387.239990234375,8103900,0.0,0.0,0.0,GLD
2025-12-03 00:00:00-05:00,388.4599914550781,390.1300048828125,385.8299865722656,386.8800048828125,7886800,0.0,0.0,0.0,GLD
2025-12-04 00:00:00-05:00,386.9200134277344,388.0,385.3999938964844,387.1300048828125,6754400,0.0,0.0,0.0,GLD
2025-12-05 00:00:00-05:00,389.1199951171875,391.739990234375,386.17999267578125,386.44000244140625,9449800,0.0,0.0,0.0,GLD
2025-12-08 00:00:00-05:00,387.0199890136719,387.239990234375,384.010009765625,385.4200134277344,6822100,0.0,0.0,0.0,GLD
2025-12-09 00:00:00-05:00,385.6199951171875,388.2099914550781,385.2699890136719,387.3999938964844,6358700,0.0,0.0,0.0,GLD
2025-12-10 00:00:00-05:00,385.95001220703125,389.760009765625,384.5,389.04998779296875,9120500,0.0,0.0,0.0,GLD
2025-12-11 00:00:00-05:00,389.0199890136719,394.0899963378906,388.5,393.239990234375,11240600,0.0,0.0,0.0,GLD
2025-12-12 00:00:00-05:00,399.1600036621094,400.3900146484375,391.4700012207031,395.44000244140625,16792100,0.0,0.0,0.0,GLD
2025-12-15 00:00:00-05:00,397.760009765625,398.7099914550781,394.07000732421875,395.79998779296875,11345000,0.0,0.0,0.0,GLD
2025-12-16 00:00:00-05:00,397.75,398.7099914550781,394.5899963378906,395.8900146484375,9201600,0.0,0.0,0.0,GLD
2025-12-17 00:00:00-05:00,398.0799865722656,399.9800109863281,397.25,399.2900085449219,10456900,0.0,0.0,0.0,GLD
2025-12-18 00:00:00-05:00,398.2799987792969,402.2099914550781,396.04998779296875,398.57000732421875,11837600,0.0,0.0,0.0,GLD
2025-12-19 00:00:00-05:00,397.9200134277344,400.6300048828125,397.1700134277344,399.0199890136719,9894800,0.0,0.0,0.0,GLD
2025-12-22 00:00:00-05:00,406.9800109863281,408.5199890136719,405.7200012207031,408.2300109863281,14202100,0.0,0.0,0.0,GLD
2025-12-23 00:00:00-05:00,410.29998779296875,413.760009765625,407.1000061035156,413.6400146484375,13193300,0.0,0.0,0.0,GLD
2025-12-24 00:00:00-05:00,412.25,412.6300048828125,408.8299865722656,411.92999267578125,6718400,0.0,0.0,0.0,GLD
2025-12-26 00:00:00-05:00,416.4800109863281,418.45001220703125,414.75,416.739990234375,10476200,0.0,0.0,0.0,GLD
2025-12-29 00:00:00-05:00,403.6600036621094,403.760009765625,395.3299865722656,398.6000061035156,20679200,0.0,0.0,0.0,GLD
2025-12-30 00:00:00-05:00,403.6000061035156,403.79998779296875,398.55999755859375,398.8900146484375,10179000,0.0,0.0,0.0,GLD
2025-12-31 00:00:00-05:00,398.6000061035156,400.1300048828125,395.5899963378906,396.30999755859375,10194700,0.0,0.0,0.0,GLD
2026-01-02 00:00:00-05:00,401.6199951171875,401.82000732421875,396.25,398.2799987792969,10372600,0.0,0.0,0.0,GLD
2026-01-05 00:00:00-05:00,406.3900146484375,409.7200012207031,406.1499938964844,408.760009765625,13410600,0.0,0.0,0.0,GLD
2026-01-06 00:00:00-05:00,410.6700134277344,413.4800109863281,410.30999755859375,413.17999267578125,11640900,0.0,0.0,0.0,GLD
2026-01-07 00:00:00-05:00,408.6300048828125,410.80999755859375,406.6499938964844,409.2300109863281,10589500,0.0,0.0,0.0,GLD
2026-01-08 00:00:00-05:00,406.9700012207031,411.6400146484375,406.3999938964844,411.489990234375,8705900,0.0,0.0,0.0,GLD
2026-01-09 00:00:00-05:00,413.2200012207031,415.2900085449219,411.79998779296875,414.4700012207031,14011200,0.0,0.0,0.0,GLD
2026-01-12 00:00:00-05:00,421.5199890136719,425.739990234375,421.5199890136719,422.2300109863281,20904100,0.0,0.0,0.0,GLD
2026-01-13 00:00:00-05:00,424.5899963378906,426.1199951171875,420.07000732421875,421.6300048828125,16681200,0.0,0.0,0.0,GLD
2026-01-14 00:00:00-05:00,426.0299987792969,426.8599853515625,422.8399963378906,425.94000244140625,18305500,0.0,0.0,0.0,GLD
2026-01-15 00:00:00-05:00,423.0199890136719,425.05999755859375,422.7900085449219,423.3299865722656,14253200,0.0,0.0,0.0,GLD
2026-01-16 00:00:00-05:00,422.79998779296875,424.79998779296875,417.0400085449219,421.2900085449219,20951600,0.0,0.0,0.0,GLD
2026-01-20 00:00:00-05:00,436.69000244140625,438.1400146484375,434.1000061035156,437.2300109863281,21308100,0.0,0.0,0.0,GLD
2026-01-21 00:00:00-05:00,446.8699951171875,448.0,437.1099853515625,443.6000061035156,38830200,0.0,0.0,0.0,GLD
2026-01-22 00:00:00-05:00,443.8399963378906,452.9800109863281,443.55999755859375,451.7900085449219,19251200,0.0,0.0,0.0,GLD
2026-01-23 00:00:00-05:00,454.1099853515625,458.75,453.45001220703125,458.0,21531900,0.0,0.0,0.0,GLD
2026-01-26 00:00:00-05:00,466.7799987792969,469.2799987792969,460.3599853515625,464.70001220703125,34156000,0.0,0.0,0.0,GLD
2026-01-27 00:00:00-05:00,465.07000732421875,476.489990234375,463.95001220703125,476.1000061035156,28386200,0.0,0.0,0.0,GLD
2026-01-28 00:00:00-05:00,483.3900146484375,495.8800048828125,481.25,494.55999755859375,44154600,0.0,0.0,0.0,GLD
2026-01-29 00:00:00-05:00,509.510009765625,509.70001220703125,468.510009765625,495.8999938964844,69970900,0.0,0.0,0.0,GLD
2026-01-30 00:00:00-05:00,466.25,470.05999755859375,430.79998779296875,444.95001220703125,86593500,0.0,0.0,0.0,GLD
2026-02-02 00:00:00-05:00,434.010009765625,440.7799987792969,422.54998779296875,427.1300048828125,41626200,0.0,0.0,0.0,GLD
2026-02-03 00:00:00-05:00,452.6300048828125,459.0,448.30999755859375,454.2900085449219,28703500,0.0,0.0,0.0,GLD
2026-02-04 00:00:00-05:00,462.4700012207031,463.1000061035156,445.7099914550781,453.9700012207031,24427900,0.0,0.0,0.0,GLD
2026-02-05 00:00:00-05:00,444.2900085449219,450.8999938964844,440.3500061035156,441.8800048828125,17718100,0.0,0.0,0.0,GLD
2026-02-06 00:00:00-05:00,450.7300109863281,456.92999267578125,450.0299987792969,455.4599914550781,12663900,0.0,0.0,0.0,GLD
2026-02-09 00:00:00-05:00,461.3900146484375,467.55999755859375,460.8500061035156,467.0299987792969,12330900,0.0,0.0,0.0,GLD
2026-02-10 00:00:00-05:00,465.9599914550781,466.75,459.5199890136719,462.3999938964844,7861600,0.0,0.0,0.0,GLD
2026-02-11 00:00:00-05:00,466.0,468.6099853515625,462.82000732421875,467.6300048828125,11209600,0.0,0.0,0.0,GLD
2026-02-12 00:00:00-05:00,464.8999938964844,466.3800048828125,448.05999755859375,451.3900146484375,20488800,0.0,0.0,0.0,GLD
2026-02-13 00:00:00-05:00,459.7300109863281,463.8399963378906,456.25,462.6199951171875,12359300,0.0,0.0,0.0,GLD
2026-02-17 00:00:00-05:00,450.260009765625,451.3699951171875,445.5299987792969,448.20001220703125,10976100,0.0,0.0,0.0,GLD
2026-02-18 00:00:00-05:00,455.80999755859375,460.510009765625,455.32000732421875,458.2799987792969,10226300,0.0,0.0,0.0,GLD
2026-02-19 00:00:00-05:00,457.3399963378906,461.510009765625,456.0299987792969,459.55999755859375,8411400,0.0,0.0,0.0,GLD
2026-02-20 00:00:00-05:00,463.25,468.6199951171875,458.3399963378906,468.6199951171875,14316300,0.0,0.0,0.0,GLD
2026-02-23 00:00:00-05:00,474.6499938964844,481.4599914550781,474.6099853515625,481.2799987792969,17441600,0.0,0.0,0.0,GLD
2026-02-24 00:00:00-05:00,470.0899963378906,475.44000244140625,469.54998779296875,474.6099853515625,14147100,0.0,0.0,0.0,GLD
2026-02-25 00:00:00-05:00,475.739990234375,479.5299987792969,472.8999938964844,473.4200134277344,12954300,0.0,0.0,0.0,GLD
2026-02-26 00:00:00-05:00,474.95001220703125,477.8299865722656,442.0400085449219,477.4800109863281,12375000,0.0,0.0,0.0,GLD
2026-02-27 00:00:00-05:00,480.75,483.8999938964844,479.1099853515625,483.75,16795100,0.0,0.0,0.0,GLD
2026-03-02 00:00:00-05:00,490.1000061035156,492.1499938964844,483.2799987792969,490.0,19916600,0.0,0.0,0.0,GLD
2026-03-03 00:00:00-05:00,472.8299865722656,473.20001220703125,458.92999267578125,468.1400146484375,22591500,0.0,0.0,0.0,GLD
2026-03-04 00:00:00-05:00,474.82000732421875,476.4200134277344,469.3900146484375,471.79998779296875,9985900,0.0,0.0,0.0,GLD
2026-03-05 00:00:00-05:00,470.45001220703125,470.6700134277344,463.9100036621094,466.1300048828125,11674800,0.0,0.0,0.0,GLD
2026-03-06 00:00:00-05:00,469.0400085449219,475.4599914550781,467.07000732421875,473.510009765625,10489800,0.0,0.0,0.0,GLD
2026-03-09 00:00:00-04:00,468.0899963378906,472.67999267578125,464.7900085449219,472.5299987792969,8829800,0.0,0.0,0.0,GLD
2026-03-10 00:00:00-04:00,479.739990234375,481.30999755859375,474.2099914550781,477.8599853515625,9616800,0.0,0.0,0.0,GLD
2026-03-11 00:00:00-04:00,476.1300048828125,477.45001220703125,473.1300048828125,476.239990234375,7522900,0.0,0.0,0.0,GLD
2026-03-12 00:00:00-04:00,475.0199890136719,475.0199890136719,466.6000061035156,466.8800048828125,11900600,0.0,0.0,0.0,GLD
2026-03-13 00:00:00-04:00,469.30999755859375,470.1000061035156,460.2200012207031,460.8399963378906,11741600,0.0,0.0,0.0,GLD
2026-03-16 00:00:00-04:00,461.2699890136719,462.79998779296875,456.9100036621094,460.42999267578125,8964100,0.0,0.0,0.0,GLD
2026-03-17 00:00:00-04:00,460.510009765625,462.2099914550781,456.8699951171875,459.2699890136719,7610100,0.0,0.0,0.0,GLD
2026-03-18 00:00:00-04:00,446.6600036621094,450.05999755859375,444.3900146484375,444.739990234375,18375600,0.0,0.0,0.0,GLD
2026-03-19 00:00:00-04:00,420.3599853515625,428.2699890136719,416.79998779296875,426.4100036621094,30206000,0.0,0.0,0.0,GLD
2026-03-20 00:00:00-04:00,428.0899963378906,428.5899963378906,411.2300109863281,413.3800048828125,27204900,0.0,0.0,0.0,GLD
2026-03-23 00:00:00-04:00,405.1199951171875,414.5400085449219,399.6400146484375,404.0400085449219,36796800,0.0,0.0,0.0,GLD
2026-03-24 00:00:00-04:00,400.239990234375,407.2900085449219,399.20001220703125,404.1300048828125,17478500,0.0,0.0,0.0,GLD
2026-03-25 00:00:00-04:00,419.7099914550781,420.6600036621094,412.25,416.2900085449219,15713200,0.0,0.0,0.0,GLD
2026-03-26 00:00:00-04:00,408.5299987792969,411.3699951171875,400.260009765625,400.6400146484375,15756300,0.0,0.0,0.0,GLD
2026-03-27 00:00:00-04:00,406.20001220703125,418.3999938964844,405.4100036621094,414.70001220703125,16580700,0.0,0.0,0.0,GLD
2026-03-30 00:00:00-04:00,419.5400085449219,420.1000061035156,412.6600036621094,414.5799865722656,13172100,0.0,0.0,0.0,GLD
2026-03-31 00:00:00-04:00,420.0799865722656,430.57000732421875,419.5899963378906,430.2900085449219,14534300,0.0,0.0,0.0,GLD
2026-04-01 00:00:00-04:00,435.0,440.19000244140625,433.760009765625,437.82000732421875,14133100,0.0,0.0,0.0,GLD
2026-04-02 00:00:00-04:00,422.2900085449219,431.6700134277344,421.1700134277344,429.4100036621094,10838600,0.0,0.0,0.0,GLD
2026-04-06 00:00:00-04:00,428.8699951171875,431.489990234375,426.7099914550781,427.6499938964844,5417300,0.0,0.0,0.0,GLD
2026-04-07 00:00:00-04:00,427.8999938964844,433.42999267578125,423.1000061035156,431.80999755859375,7263500,0.0,0.0,0.0,GLD
2026-04-08 00:00:00-04:00,439.9800109863281,440.44000244140625,431.30999755859375,434.5299987792969,9689700,0.0,0.0,0.0,GLD
2026-04-09 00:00:00-04:00,436.4700012207031,440.9100036621094,435.8699951171875,437.9100036621094,6748500,0.0,0.0,0.0,GLD
2026-04-10 00:00:00-04:00,438.5899963378906,440.3500061035156,436.0,437.1300048828125,6193300,0.0,0.0,0.0,GLD
2026-04-13 00:00:00-04:00,434.7799987792969,436.2200012207031,431.6300048828125,435.3599853515625,5549400,0.0,0.0,0.0,GLD
2026-04-14 00:00:00-04:00,439.32000732421875,445.17999267578125,439.0199890136719,445.0899963378906,8731700,0.0,0.0,0.0,GLD
2026-04-15 00:00:00-04:00,442.8800048828125,443.739990234375,439.6000061035156,440.4599914550781,6455900,0.0,0.0,0.0,GLD
2026-04-16 00:00:00-04:00,442.1499938964844,442.9800109863281,438.17999267578125,440.0799865722656,5350100,0.0,0.0,0.0,GLD
2026-04-17 00:00:00-04:00,445.6499938964844,448.70001220703125,445.32000732421875,445.92999267578125,9712000,0.0,0.0,0.0,GLD
2026-04-20 00:00:00-04:00,443.1300048828125,443.4200134277344,440.04998779296875,442.0899963378906,8473000,0.0,0.0,0.0,GLD
2026-04-21 00:00:00-04:00,438.54998779296875,440.25,428.7099914550781,429.57000732421875,9480000,0.0,0.0,0.0,GLD
2026-04-22 00:00:00-04:00,436.2699890136719,437.1700134277344,433.7799987792969,435.260009765625,5178100,0.0,0.0,0.0,GLD
2026-04-23 00:00:00-04:00,433.9599914550781,435.2900085449219,428.2200012207031,431.0400085449219,4976400,0.0,0.0,0.0,GLD
2026-04-24 00:00:00-04:00,431.3399963378906,435.2799987792969,430.6499938964844,433.25,5924100,0.0,0.0,0.0,GLD
2026-04-27 00:00:00-04:00,431.6600036621094,431.79998779296875,428.5199890136719,429.8900146484375,6105200,0.0,0.0,0.0,GLD
2026-04-28 00:00:00-04:00,420.7200012207031,422.5199890136719,418.3999938964844,421.9100036621094,7723400,0.0,0.0,0.0,GLD
2026-04-29 00:00:00-04:00,416.739990234375,419.1700134277344,414.1600036621094,417.4100036621094,6452600,0.0,0.0,0.0,GLD
2026-04-30 00:00:00-04:00,425.3399963378906,425.4599914550781,422.739990234375,423.6600036621094,6732800,0.0,0.0,0.0,GLD
2026-05-01 00:00:00-04:00,421.4100036621094,427.92999267578125,421.0799865722656,423.17999267578125,5911500,0.0,0.0,0.0,GLD
2026-05-04 00:00:00-04:00,418.8399963378906,420.8599853515625,413.2799987792969,414.7099914550781,7285700,0.0,0.0,0.0,GLD
2026-05-05 00:00:00-04:00,420.1499938964844,421.1600036621094,417.9100036621094,418.2699890136719,4279900,0.0,0.0,0.0,GLD
2026-05-06 00:00:00-04:00,430.1499938964844,433.19000244140625,429.6000061035156,430.9599914550781,7013900,0.0,0.0,0.0,GLD
2026-05-07 00:00:00-04:00,435.6099853515625,437.4200134277344,430.25,431.67999267578125,6816200,0.0,0.0,0.0,GLD
2026-05-08 00:00:00-04:00,434.04998779296875,436.20001220703125,431.70001220703125,433.7699890136719,5372100,0.0,0.0,0.0,GLD
2024-05-09 00:00:00-04:00,40.009481417278266,40.40705490112305,39.999786127024755,40.40705490112305,31594800,0.0,0.0,0.0,XLF
2024-05-10 00:00:00-04:00,40.5525110934477,40.63978350408533,40.504027242889165,40.56221008300781,34306800,0.0,0.0,0.0,XLF
2024-05-13 00:00:00-04:00,40.678573275698895,40.746451408318606,40.397361755371094,40.397361755371094,29570100,0.0,0.0,0.0,XLF
2024-05-14 00:00:00-04:00,40.55251026054469,40.63008737910955,40.397359722495594,40.60099411010742,30638300,0.0,0.0,0.0,XLF
2024-05-15 00:00:00-04:00,40.697965496480585,40.94038844330435,40.68826650712249,40.9015998840332,36138300,0.0,0.0,0.0,XLF
2024-05-16 00:00:00-04:00,40.94038844330435,41.095538981308344,40.882205604397626,40.9015998840332,36032700,0.0,0.0,0.0,XLF
2024-05-17 00:00:00-04:00,40.969474208329146,41.20220184326172,40.92099036328327,41.20220184326172,29813200,0.0,0.0,0.0,XLF
2024-05-20 00:00:00-04:00,41.11493640632163,41.173115550598574,40.62039148548229,40.63978576660156,35719600,0.0,0.0,0.0,XLF
2024-05-21 00:00:00-04:00,40.717359776116155,40.94038844330435,40.697965496480585,40.9015998840332,33413400,0.0,0.0,0.0,XLF
2024-05-22 00:00:00-04:00,40.81432425480421,40.98886905867151,40.58159661662104,40.66886901855469,38661100,0.0,0.0,0.0,XLF
2024-05-23 00:00:00-04:00,40.63009125967488,40.66887612358102,39.95130620372433,40.1064567565918,51768500,0.0,0.0,0.0,XLF
2024-05-24 00:00:00-04:00,40.18402362218983,40.35856842805097,40.18402362218983,40.348873138427734,23477300,0.0,0.0,0.0,XLF
2024-05-28 00:00:00-04:00,40.26159783324624,40.26159783324624,39.757357730337716,39.90281295776367,31004900,0.0,0.0,0.0,XLF
2024-05-29 00:00:00-04:00,39.582820892333984,39.70888186816662,39.46645890645508,39.582820892333984,40620200,0.0,0.0,0.0,XLF
2024-05-30 00:00:00-04:00,39.62160919499894,39.883426435825726,39.52463779149968,39.7961540222168,32769300,0.0,0.0,0.0,XLF
2024-05-31 00:00:00-04:00,39.87372009705776,40.416748759328954,39.75735813338542,40.377960205078125,38664000,0.0,0.0,0.0,XLF
2024-06-03 00:00:00-04:00,40.36827748310367,40.41676134147065,39.776764793415204,40.1258544921875,37855000,0.0,0.0,0.0,XLF
2024-06-04 00:00:00-04:00,39.91251123153194,40.24220656581752,39.75736070357875,39.94160079956055,27586400,0.0,0.0,0.0,XLF
2024-06-05 00:00:00-04:00,40.06766724532254,40.10645580739164,39.76706143790833,40.0579719543457,23817300,0.0,0.0,0.0,XLF
2024-06-06 00:00:00-04:00,40.12585044934729,40.24221243752036,39.883427482856206,40.038578033447266,39040200,0.0,0.0,0.0,XLF
2024-06-07 00:00:00-04:00,40.04827164281455,40.445845143201886,39.97069822031691,40.222816467285156,42273300,0.0,0.0,0.0,XLF
2024-06-10 00:00:00-04:00,40.04826700725067,40.11614513123453,39.80584407899966,40.06766128540039,31615200,0.0,0.0,0.0,XLF
2024-06-11 00:00:00-04:00,39.873725184965274,39.8931194645654,39.417972561144246,39.611907958984375,54584900,0.0,0.0,0.0,XLF
2024-06-12 00:00:00-04:00,40.019181274835596,40.06766512531622,39.514941091859605,39.573123931884766,46399800,0.0,0.0,0.0,XLF
2024-06-13 00:00:00-04:00,39.57312250434327,39.58281779445738,39.27251672367821,39.544029235839844,39497900,0.0,0.0,0.0,XLF
2024-06-14 00:00:00-04:00,39.27251731722345,39.49554598402419,39.146456349351524,39.417972564697266,29083000,0.0,0.0,0.0,XLF
2024-06-17 00:00:00-04:00,39.32100198330669,39.776758315714545,39.25312385283071,39.767059326171875,36076900,0.0,0.0,0.0,XLF
2024-06-18 00:00:00-04:00,39.71857451368126,40.01918029785156,39.67978595461143,40.01918029785156,38900300,0.0,0.0,0.0,XLF
2024-06-20 00:00:00-04:00,39.93190385920658,40.3391725910929,39.89311530405163,40.23250961303711,42869100,0.0,0.0,0.0,XLF
2024-06-21 00:00:00-04:00,40.13554501874412,40.17433358046466,39.84463820400172,40.07736587524414,42530600,0.0,0.0,0.0,XLF
2024-06-24 00:00:00-04:00,40.245783438707576,40.74228275962606,40.14843179577521,40.489166259765625,45252000,0.163,0.0,0.0,XLF
2024-06-25 00:00:00-04:00,40.411282050440235,40.537842157472035,40.070547585808995,40.18737030029297,32845400,0.0,0.0,0.0,XLF
2024-06-26 00:00:00-04:00,40.00240058537004,40.02187165668623,39.7395466931922,39.93425369262695,37978500,0.0,0.0,0.0,XLF
2024-06-27 00:00:00-04:00,39.817431262288714,39.93425397729146,39.64219533292101,39.88557815551758,25466100,0.0,0.0,0.0,XLF
2024-06-28 00:00:00-04:00,39.97319765048377,40.27498998527156,39.856371217281435,40.021873474121094,44045100,0.0,0.0,0.0,XLF
2024-07-01 00:00:00-04:00,40.18737383421068,40.45022775020931,39.94399099129278,40.109493255615234,36131100,0.0,0.0,0.0,XLF
2024-07-02 00:00:00-04:00,40.03160339728635,40.5767822265625,40.012132326912884,40.5767822265625,27033100,0.0,0.0,0.0,XLF
2024-07-03 00:00:00-04:00,40.61572808654435,40.654666517129975,40.43075475792167,40.450225830078125,21113200,0.0,0.0,0.0,XLF
2024-07-05 00:00:00-04:00,40.53784619015346,40.53784619015346,40.20684537141514,40.440494537353516,21421100,0.0,0.0,0.0,XLF
2024-07-08 00:00:00-04:00,40.4988954289229,40.74227822287971,40.28472109557507,40.333396911621094,27779300,0.0,0.0,0.0,XLF
2024-07-09 00:00:00-04:00,40.37234042836966,40.90778185061073,40.32366089693488,40.644927978515625,33140000,0.0,0.0,0.0,XLF
2024-07-10 00:00:00-04:00,40.45022167658824,40.810427190178004,40.430750606431104,40.80069351196289,28445400,0.0,0.0,0.0,XLF
2024-07-11 00:00:00-04:00,40.83963474585727,41.19010657345333,40.713074649508286,41.1219596862793,45836600,0.0,0.0,0.0,XLF
2024-07-12 00:00:00-04:00,41.07327789484069,41.43348709434034,40.966192587836424,41.25825119018555,39041200,0.0,0.0,0.0,XLF
2024-07-15 00:00:00-04:00,41.40428224024309,41.90078524982917,41.37507749158283,41.86184310913086,46561200,0.0,0.0,0.0,XLF
2024-07-16 00:00:00-04:00,41.891051403114616,42.35834598986157,41.81317082885375,42.3388786315918,52243100,0.0,0.0,0.0,XLF
2024-07-17 00:00:00-04:00,42.29019805977542,42.73802527729301,42.22205116631719,42.66014099121094,54773300,0.0,0.0,0.0,XLF
2024-07-18 00:00:00-04:00,42.514104208010245,42.942460297546944,42.04680969429203,42.1441650390625,58731300,0.0,0.0,0.0,XLF
2024-07-19 00:00:00-04:00,42.12469388819572,42.212311841455424,41.66713305298096,41.7158088684082,47220000,0.0,0.0,0.0,XLF
2024-07-22 00:00:00-04:00,41.813165303685565,42.027339639897505,41.61845832317099,41.949459075927734,29071100,0.0,0.0,0.0,XLF
2024-07-23 00:00:00-04:00,42.05655603120448,42.241525655022016,41.9592006657262,42.027347564697266,23800400,0.0,0.0,0.0,XLF
2024-07-24 00:00:00-04:00,41.90078443617116,41.988402394177456,41.45296096801758,41.45296096801758,47786900,0.0,0.0,0.0,XLF
2024-07-25 00:00:00-04:00,41.53084602785075,42.22205237484134,41.521112348675466,41.60873031616211,44862000,0.0,0.0,0.0,XLF
2024-07-26 00:00:00-04:00,41.83264529471189,42.387557893601624,41.81317422113518,42.2609977722168,32636300,0.0,0.0,0.0,XLF
2024-07-29 00:00:00-04:00,42.35834052574949,42.38754898684085,41.98840134670885,42.20257568359375,35195700,0.0,0.0,0.0,XLF
2024-07-30 00:00:00-04:00,42.465434558581926,42.83537749497304,42.44596348680058,42.68934631347656,31418700,0.0,0.0,0.0,XLF
2024-07-31 00:00:00-04:00,42.78670081083263,42.9424656682197,42.553051667888454,42.58226013183594,38694800,0.0,0.0,0.0,XLF
2024-08-01 00:00:00-04:00,42.73802514493039,42.796434645583886,41.79369860460931,41.978668212890625,47060900,0.0,0.0,0.0,XLF
2024-08-02 00:00:00-04:00,41.50164029574367,41.64766776228534,40.69360753538317,40.94672775268555,78599800,0.0,0.0,0.0,XLF
2024-08-05 00:00:00-04:00,40.05107658794546,40.13869455240103,39.5837820154248,39.75901794433594,107913600,0.0,0.0,0.0,XLF
2024-08-06 00:00:00-04:00,39.934251928507386,40.878578420127084,39.82716289786264,40.401546478271484,57668900,0.0,0.0,0.0,XLF
2024-08-07 00:00:00-04:00,40.84937352496724,41.23878754064178,40.391816327336045,40.450225830078125,43912600,0.0,0.0,0.0,XLF
2024-08-08 00:00:00-04:00,40.71307927484618,41.151169109111834,40.65466605903501,41.10249328613281,41260500,0.0,0.0,0.0,XLF
2024-08-09 00:00:00-04:00,41.0927557087163,41.38481435900576,40.92725716858559,41.27772903442383,23838800,0.0,0.0,0.0,XLF
2024-08-12 00:00:00-04:00,41.35560767840982,41.46269671172212,40.975931079376814,41.06354904174805,20509300,0.0,0.0,0.0,XLF
2024-08-13 00:00:00-04:00,41.30692617393138,41.43348626076959,41.00513018646382,41.40427780151367,24922000,0.0,0.0,0.0,XLF
2024-08-14 00:00:00-04:00,41.50164109031992,41.98840674889928,41.472432625470624,41.9105224609375,30673000,0.0,0.0,0.0,XLF
2024-08-15 00:00:00-04:00,42.309668065858595,42.53357981211529,42.163640603722705,42.29993438720703,33329000,0.0,0.0,0.0,XLF
2024-08-16 00:00:00-04:00,42.2512561304315,42.6114616394043,42.2512561304315,42.6114616394043,25338900,0.0,0.0,0.0,XLF
2024-08-19 00:00:00-04:00,42.62120008851244,42.85484923983104,42.62120008851244,42.84511184692383,24458600,0.0,0.0,0.0,XLF
2024-08-20 00:00:00-04:00,42.79643067019154,42.8353728094946,42.62119475705455,42.70881271362305,19620400,0.0,0.0,0.0,XLF
2024-08-21 00:00:00-04:00,42.776964566021874,42.825644102664754,42.416759019973455,42.64067077636719,19914100,0.0,0.0,0.0,XLF
2024-08-22 00:00:00-04:00,42.68933768249665,42.8840446472168,42.65039926053379,42.8840446472168,24738700,0.0,0.0,0.0,XLF
2024-08-23 00:00:00-04:00,43.01060738087843,43.36107919621914,42.922989427043255,43.253990173339844,32762500,0.0,0.0,0.0,XLF
2024-08-26 00:00:00-04:00,43.40002669922972,43.62393845032601,43.29293766311255,43.390289306640625,23716300,0.0,0.0,0.0,XLF
2024-08-27 00:00:00-04:00,43.47791060984253,43.63367547968445,43.40003003178529,43.61420440673828,21583500,0.0,0.0,0.0,XLF
2024-08-28 00:00:00-04:00,43.49737883474998,43.96467341367911,43.45843669140743,43.721290588378906,24726200,0.0,0.0,0.0,XLF
2024-08-29 00:00:00-04:00,43.86731970082309,44.25672997470744,43.565523674737925,44.11070251464844,33726600,0.0,0.0,0.0,XLF
2024-08-30 00:00:00-04:00,44.23726121505055,44.56826200769465,44.032820532051105,44.52932357788086,28967700,0.0,0.0,0.0,XLF
2024-09-03 00:00:00-04:00,44.295670117091035,44.665613017253115,43.993874104626336,44.19831848144531,39893900,0.0,0.0,0.0,XLF
2024-09-04 00:00:00-04:00,44.276198766317755,44.558523707116805,44.02308228700859,44.24699401855469,32006100,0.0,0.0,0.0,XLF
2024-09-05 00:00:00-04:00,44.431966252647946,44.45143732355674,43.56552402270555,43.760231018066406,39523500,0.0,0.0,0.0,XLF
2024-09-06 00:00:00-04:00,43.760232998288295,44.00361582507107,43.02034712518142,43.11770248413086,51331300,0.0,0.0,0.0,XLF
2024-09-09 00:00:00-04:00,43.526581880887974,44.00361383383571,43.46817238188865,43.760231018066406,41010900,0.0,0.0,0.0,XLF
2024-09-10 00:00:00-04:00,43.90625941081121,43.94520155345499,42.815905412875246,43.312408447265625,59115000,0.0,0.0,0.0,XLF
2024-09-11 00:00:00-04:00,43.14690188606661,43.17610663326734,42.231783907751584,43.10795974731445,59397500,0.0,0.0,0.0,XLF
2024-09-12 00:00:00-04:00,43.1858473800389,43.341612233422524,42.83537553149399,43.205318450927734,37732700,0.0,0.0,0.0,XLF
2024-09-13 00:00:00-04:00,43.331878662109375,43.5071146018341,43.2345270128078,43.331878662109375,32912300,0.0,0.0,0.0,XLF
2024-09-16 00:00:00-04:00,43.51684972498099,43.906260015601376,43.51684972498099,43.89652633666992,37063700,0.0,0.0,0.0,XLF
2024-09-17 00:00:00-04:00,43.9938828426937,44.276207841359295,43.94520701520284,44.13018035888672,27893300,0.0,0.0,0.0,XLF
2024-09-18 00:00:00-04:00,44.1496422678641,44.48064305315278,43.896525767926704,43.99387741088867,41783900,0.0,0.0,0.0,XLF
2024-09-19 00:00:00-04:00,44.44170579609893,44.597470657181766,44.13990975299528,44.48064422607422,46457700,0.0,0.0,0.0,XLF
2024-09-20 00:00:00-04:00,44.383288201219635,44.45143508911133,44.13990539768448,44.45143508911133,48699200,0.0,0.0,0.0,XLF
2024-09-23 00:00:00-04:00,44.446549713254235,44.622417435106875,44.31953061623154,44.3976936340332,31615300,0.165,0.0,0.0,XLF
2024-09-24 00:00:00-04:00,44.260909580478696,44.260909580478696,43.870087001556335,44.02641677856445,40341400,0.0,0.0,0.0,XLF
2024-09-25 00:00:00-04:00,44.04596028644326,44.10458162574594,43.625823294525844,43.762611389160156,32546900,0.0,0.0,0.0,XLF
2024-09-26 00:00:00-04:00,43.88962676094661,44.075270941198475,43.7430696855434,43.987335205078125,31445200,0.0,0.0,0.0,XLF
2024-09-27 00:00:00-04:00,44.08503497168863,44.397694503408744,44.01664093207458,44.114349365234375,23226100,0.0,0.0,0.0,XLF
2024-09-30 00:00:00-04:00,44.00687654128742,44.2999944169412,43.811463381786226,44.280452728271484,23593400,0.0,0.0,0.0,XLF
2024-10-01 00:00:00-04:00,44.16320205143978,44.270679465128694,43.752834083463526,44.045955657958984,32703000,0.0,0.0,0.0,XLF
2024-10-02 00:00:00-04:00,44.02641644187158,44.19251519802427,43.80169262209073,44.094810485839844,37709400,0.0,0.0,0.0,XLF
2024-10-03 00:00:00-04:00,43.92870745864889,44.016643189404554,43.64535857874776,43.860313415527344,23545700,0.0,0.0,0.0,XLF
2024-10-04 00:00:00-04:00,44.29022283926308,44.64196203310592,44.11435137874377,44.602882385253906,40432000,0.0,0.0,0.0,XLF
2024-10-07 00:00:00-04:00,44.602881151604564,44.62241911139228,43.870084662107416,44.05572509765625,26599300,0.0,0.0,0.0,XLF
2024-10-08 00:00:00-04:00,44.221825316611906,44.41723846574783,44.14366229327502,44.30976104736328,28763000,0.0,0.0,0.0,XLF
2024-10-09 00:00:00-04:00,44.30976291718803,44.80806665487233,44.22182718272586,44.720130920410156,28334300,0.0,0.0,0.0,XLF
2024-10-10 00:00:00-04:00,44.76898395823551,44.808067335745015,44.397699326287224,44.583343505859375,34127400,0.0,0.0,0.0,XLF
2024-10-11 00:00:00-04:00,44.866686634483536,45.531089113147125,44.83737596628233,45.443153381347656,52850300,0.0,0.0,0.0,XLF
2024-10-14 00:00:00-04:00,45.52131933663229,45.77535382005661,45.39430023132224,45.72650146484375,35850800,0.0,0.0,0.0,XLF
2024-10-15 00:00:00-04:00,46.039162234695205,46.302969432492326,45.76558605647415,45.82421112060547,42356800,0.0,0.0,0.0,XLF
2024-10-16 00:00:00-04:00,46.00008090786853,46.41044516023135,45.9121451784771,46.39090347290039,44973700,0.0,0.0,0.0,XLF
2024-10-17 00:00:00-04:00,46.58631548815414,46.71333458912416,46.48861078106685,46.517921447753906,45823400,0.0,0.0,0.0,XLF
2024-10-18 00:00:00-04:00,46.51792572142048,46.62540314540801,46.263887496141614,46.52769470214844,34279600,0.0,0.0,0.0,XLF
2024-10-21 00:00:00-04:00,46.44952806992382,46.557005485570336,46.06847448877399,46.156410217285156,26207400,0.0,0.0,0.0,XLF
2024-10-22 00:00:00-04:00,45.921913028141375,46.14663683612199,45.706958199987895,46.06847381591797,30018700,0.0,0.0,0.0,XLF
2024-10-23 00:00:00-04:00,46.01962334891399,46.13687348431632,45.80467222173528,46.029396057128906,20697200,0.0,0.0,0.0,XLF
2024-10-24 00:00:00-04:00,46.03915942204525,46.12709514927207,45.78512494738758,46.06847381591797,19617500,0.0,0.0,0.0,XLF
2024-10-25 00:00:00-04:00,46.25411503912794,46.332278060665146,45.45292450059399,45.560401916503906,25526500,0.0,0.0,0.0,XLF
2024-10-28 00:00:00-04:00,45.79490062753116,46.16618527761155,45.78513164627472,46.12710189819336,31415900,0.0,0.0,0.0,XLF
2024-10-29 00:00:00-04:00,46.00985248810224,46.13687159933384,45.80467035032532,45.84375,27930900,0.0,0.0,0.0,XLF
2024-10-30 00:00:00-04:00,45.90237413981151,46.34205280275141,45.86329076372888,46.04893493652344,28704300,0.0,0.0,0.0,XLF
2024-10-31 00:00:00-04:00,45.99030797581908,46.127096059271445,45.413841247558594,45.413841247558594,53417100,0.0,0.0,0.0,XLF
2024-11-01 00:00:00-04:00,45.560398562229366,45.92191043051444,45.452921154232214,45.570167541503906,40139900,0.0,0.0,0.0,XLF
2024-11-04 00:00:00-05:00,45.54085798255494,45.579941354993224,44.97416026378647,45.21842575073242,41705600,0.0,0.0,0.0,XLF
2024-11-05 00:00:00-05:00,45.25751526319243,45.65811056704416,45.16957952687395,45.63856887817383,35221800,0.0,0.0,0.0,XLF
2024-11-06 00:00:00-05:00,47.91512542341578,48.54044455990472,47.582924166256525,48.41342544555664,153473400,0.0,0.0,0.0,XLF
2024-11-07 00:00:00-05:00,48.30594250586582,48.30594250586582,47.54383536116608,47.631771087646484,70611400,0.0,0.0,0.0,XLF
2024-11-08 00:00:00-05:00,47.97374791615286,48.3352635789724,47.729482389640474,48.061683654785156,60376500,0.0,0.0,0.0,XLF
2024-11-11 00:00:00-05:00,48.540438609878855,48.98988621823805,48.53066590302136,48.74562072753906,63654700,0.0,0.0,0.0,XLF
2024-11-12 00:00:00-05:00,48.72607924540644,48.794473284913394,48.452503087378616,48.599063873291016,58512400,0.0,0.0,0.0,XLF
2024-11-13 00:00:00-05:00,48.6967738687135,48.98012276441814,48.55021306688116,48.628379821777344,31880700,0.0,0.0,0.0,XLF
2024-11-14 00:00:00-05:00,48.73586222306038,48.843339658420206,48.41342991698091,48.501365661621094,38252800,0.0,0.0,0.0,XLF
2024-11-15 00:00:00-05:00,48.50136182812248,48.86287375987129,48.4720511579579,48.7260856628418,40741500,0.0,0.0,0.0,XLF
2024-11-18 00:00:00-05:00,48.76516509891363,48.96057824767077,48.55998296995674,48.872642517089844,27141600,0.0,0.0,0.0,XLF
2024-11-19 00:00:00-05:00,48.481815004139165,48.73585320931346,48.28640186028102,48.550209045410156,27014700,0.0,0.0,0.0,XLF
2024-11-20 00:00:00-05:00,48.745622398988345,48.774933066174675,48.169155672084315,48.40365219116211,33932500,0.0,0.0,0.0,XLF
2024-11-21 00:00:00-05:00,48.64792227602387,49.24393074629999,48.52090316091681,49.019203186035156,50881800,0.0,0.0,0.0,XLF
2024-11-22 00:00:00-05:00,48.98988990837605,49.615209015316,48.980120927978305,49.56635665893555,42050800,0.0,0.0,0.0,XLF
2024-11-25 00:00:00-05:00,49.83993404585334,50.074430580244126,49.69337697315557,49.888790130615234,47492500,0.0,0.0,0.0,XLF
2024-11-26 00:00:00-05:00,49.90833294325281,50.084200689012306,49.59566964795711,49.98649597167969,28418400,0.0,0.0,0.0,XLF
2024-11-27 00:00:00-05:00,50.054883517396334,50.43593708357124,50.03534183102896,50.08419418334961,31803700,0.0,0.0,0.0,XLF
2024-11-29 00:00:00-05:00,50.26006967220937,50.387088780206405,50.07442922759514,50.1623649597168,15178400,0.0,0.0,0.0,XLF
2024-12-02 00:00:00-05:00,50.240529352173034,50.308927125415146,49.537047203241876,49.664066314697266,55483600,0.0,0.0,0.0,XLF
2024-12-03 00:00:00-05:00,49.95718046481672,49.95718046481672,49.29277801513672,49.29277801513672,46924300,0.0,0.0,0.0,XLF
2024-12-04 00:00:00-05:00,49.24392758715034,49.28300723551029,48.94103701738673,49.10713577270508,41017400,0.0,0.0,0.0,XLF
2024-12-05 00:00:00-05:00,49.18529858880021,49.507727093350326,49.14621521637124,49.253692626953125,33599300,0.0,0.0,0.0,XLF
2024-12-06 00:00:00-05:00,49.24393081665039,49.410029582861775,49.107138993234095,49.24393081665039,23439400,0.0,0.0,0.0,XLF
2024-12-09 00:00:00-05:00,49.283006561255576,49.33186264362982,48.550210051991414,48.56975173950195,41998300,0.0,0.0,0.0,XLF
2024-12-10 00:00:00-05:00,48.60883847305576,48.83356230416013,48.25709552795465,48.55998611450195,38861800,0.0,0.0,0.0,XLF
2024-12-11 00:00:00-05:00,48.75539275741212,48.77493071646462,48.44273323183444,48.657684326171875,35035900,0.0,0.0,0.0,XLF
2024-12-12 00:00:00-05:00,48.784707801387924,48.82379117739158,48.4427375793457,48.4427375793457,23107300,0.0,0.0,0.0,XLF
2024-12-13 00:00:00-05:00,48.63814498304418,48.65768667023364,48.29617477521794,48.40365219116211,39160400,0.0,0.0,0.0,XLF
2024-12-16 00:00:00-05:00,48.43296600805803,48.49159107343893,48.22778387001881,48.31571960449219,35242800,0.0,0.0,0.0,XLF
2024-12-17 00:00:00-05:00,48.13007703913842,48.13984974729375,47.80764848673827,47.97374725341797,46103300,0.0,0.0,0.0,XLF
2024-12-18 00:00:00-05:00,48.06167453805477,48.169151945684405,46.498376955793034,46.53746032714844,72399500,0.0,0.0,0.0,XLF
2024-12-19 00:00:00-05:00,47.06507559303894,47.41681851568368,46.693794709976885,46.70356369018555,63641000,0.0,0.0,0.0,XLF
2024-12-20 00:00:00-05:00,46.60585996651273,47.7685624501536,46.50815152637743,47.39727783203125,56066100,0.0,0.0,0.0,XLF
2024-12-23 00:00:00-05:00,47.157861514981334,47.550350822746864,46.971425631433405,47.51110076904297,43033300,0.206,0.0,0.0,XLF
2024-12-24 00:00:00-05:00,47.60922150732692,48.090021519986195,47.52091076619286,48.07040023803711,18350500,0.0,0.0,0.0,XLF
2024-12-26 00:00:00-05:00,47.85453054620761,48.20777352432983,47.825094879061076,48.188148498535156,20805600,0.0,0.0,0.0,XLF
2024-12-27 00:00:00-05:00,47.933028921746434,48.24702186148184,47.57978967186243,47.83490753173828,33852400,0.0,0.0,0.0,XLF
2024-12-30 00:00:00-05:00,47.34429403684106,47.58960125982988,46.9616153678731,47.37372970581055,34819800,0.0,0.0,0.0,XLF
2024-12-31 00:00:00-05:00,47.49148006531615,47.65828718095828,47.2559834833077,47.422794342041016,25170500,0.0,0.0,0.0,XLF
2025-01-02 00:00:00-05:00,47.668099638725,47.85453177392091,47.04011002645718,47.3050422668457,35879100,0.0,0.0,0.0,XLF
2025-01-03 00:00:00-05:00,47.57978846355789,47.707345518710916,47.17748478579534,47.67790985107422,25198100,0.0,0.0,0.0,XLF
2025-01-06 00:00:00-05:00,47.883970395448394,48.09984195495265,47.442416634231165,47.53072738647461,54289900,0.0,0.0,0.0,XLF
2025-01-07 00:00:00-05:00,47.73678728932483,47.84471932369205,47.21673342912443,47.422794342041016,57682700,0.0,0.0,0.0,XLF
2025-01-08 00:00:00-05:00,47.432602384432855,47.589598849470356,47.11860945435785,47.57978820800781,36422000,0.0,0.0,0.0,XLF
2025-01-10 00:00:00-05:00,47.19710084032191,47.23635088821671,46.26493653290914,46.43174362182617,53128700,0.0,0.0,0.0,XLF
2025-01-13 00:00:00-05:00,46.196254829091835,46.78499062623621,46.1570047777913,46.76536560058594,36002800,0.0,0.0,0.0,XLF
2025-01-14 00:00:00-05:00,46.951794869400956,47.38353792122393,46.843862849535896,47.34428787231445,39353300,0.0,0.0,0.0,XLF
2025-01-15 00:00:00-05:00,48.3549543569013,48.67876165953149,48.09002213013774,48.55120086669922,61176900,0.0,0.0,0.0,XLF
2025-01-16 00:00:00-05:00,48.53157530526945,48.91425393644788,48.53157530526945,48.87500762939453,33830400,0.0,0.0,0.0,XLF
2025-01-17 00:00:00-05:00,48.973131701571056,49.375435379918564,48.79651020931205,49.28712463378906,43693100,0.0,0.0,0.0,XLF
2025-01-21 00:00:00-05:00,49.45393443117003,49.75811297228866,49.44412004675858,49.699241638183594,33267500,0.0,0.0,0.0,XLF
2025-01-22 00:00:00-05:00,49.69924168309333,49.70905232442273,49.26749860278113,49.4637451171875,37226400,0.0,0.0,0.0,XLF
2025-01-23 00:00:00-05:00,49.54224910253077,49.8366170256628,49.53243471734134,49.74830627441406,32048800,0.0,0.0,0.0,XLF
2025-01-24 00:00:00-05:00,49.58149578623678,49.9445531791467,49.532435089195005,49.89548873901367,39088700,0.0,0.0,0.0,XLF
2025-01-27 00:00:00-05:00,49.80717276795962,50.4744086584657,49.66980133340087,50.44497299194336,61707400,0.0,0.0,0.0,XLF
2025-01-28 00:00:00-05:00,50.386102233986435,50.582348761499404,50.150609395443816,50.356666564941406,39885300,0.0,0.0,0.0,XLF
2025-01-29 00:00:00-05:00,50.21929194406983,50.76878143775273,50.209477559614434,50.317413330078125,43612200,0.0,0.0,0.0,XLF
2025-01-30 00:00:00-05:00,50.77859274735939,51.063150010855516,50.464599816291596,50.7982177734375,64250500,0.0,0.0,0.0,XLF
2025-01-31 00:00:00-05:00,50.857088165518704,50.994459592316595,50.474405806893735,50.50384521484375,40424200,0.0,0.0,0.0,XLF
2025-02-03 00:00:00-05:00,49.79736544763792,50.43516571415446,49.463747480136995,50.29779052734375,77416200,0.0,0.0,0.0,XLF
2025-02-04 00:00:00-05:00,50.3566675855753,50.425353310133296,50.04267463242699,50.18004608154297,41742700,0.0,0.0,0.0,XLF
2025-02-05 00:00:00-05:00,50.39591459754909,50.71971817332937,50.18004305163488,50.70990753173828,34758600,0.0,0.0,0.0,XLF
2025-02-06 00:00:00-05:00,51.004275139021566,51.15146096365753,50.788403594379766,51.1318359375,34355900,0.0,0.0,0.0,XLF
2025-02-07 00:00:00-05:00,51.19070335401172,51.279014093414524,50.80802473096314,50.84727478027344,40601400,0.0,0.0,0.0,XLF
2025-02-10 00:00:00-05:00,50.93558739713366,51.00427311441303,50.22910145587055,50.44497299194336,37921500,0.0,0.0,0.0,XLF
2025-02-11 00:00:00-05:00,50.366475506580954,50.67065403541486,50.06229323465627,50.572532653808594,45162900,0.0,0.0,0.0,XLF
2025-02-12 00:00:00-05:00,50.31741587785326,50.415541011920965,49.96417288139176,50.39591598510742,45473100,0.0,0.0,0.0,XLF
2025-02-13 00:00:00-05:00,50.533283823433386,50.79821605187277,50.317412286981096,50.729530334472656,36372200,0.0,0.0,0.0,XLF
2025-02-14 00:00:00-05:00,50.79821631081493,51.04352351509175,50.77859128530187,50.82765197753906,29574300,0.0,0.0,0.0,XLF
2025-02-18 00:00:00-05:00,50.90615084041777,51.22014375480152,50.77859004923351,51.190704345703125,33496800,0.0,0.0,0.0,XLF
2025-02-19 00:00:00-05:00,51.063145081695744,51.26920222098858,50.925773655500514,51.2103271484375,31748500,0.0,0.0,0.0,XLF
2025-02-20 00:00:00-05:00,51.131836161612526,51.17108621409961,50.0819215876745,50.425350189208984,47078900,0.0,0.0,0.0,XLF
2025-02-21 00:00:00-05:00,50.444974161390896,50.533284906096064,49.69924189517357,49.79736328125,51789900,0.0,0.0,0.0,XLF
2025-02-24 00:00:00-05:00,50.03285821000537,50.444972509742236,49.72867593418234,50.01323318481445,56673900,0.0,0.0,0.0,XLF
2025-02-25 00:00:00-05:00,50.3076040774152,50.444975518855216,49.365625270605605,50.003421783447266,50132800,0.0,0.0,0.0,XLF
2025-02-26 00:00:00-05:00,50.013238903623446,50.35666752600715,49.797367344930116,49.89548873901367,31250500,0.0,0.0,0.0,XLF
2025-02-27 00:00:00-05:00,50.072109544369745,50.82765624616585,50.03286323313853,50.17023468017578,44378600,0.0,0.0,0.0,XLF
2025-02-28 00:00:00-05:00,50.42534790418405,51.27901592009367,50.2094763683783,51.20051956176758,63537100,0.0,0.0,0.0,XLF
2025-03-03 00:00:00-05:00,51.337894369642484,51.65188730976149,50.40572619106182,50.76878356933594,76100100,0.0,0.0,0.0,XLF
2025-03-04 00:00:00-05:00,50.25854504250898,50.31741638044651,48.70820159657381,48.98294448852539,99342400,0.0,0.0,0.0,XLF
2025-03-05 00:00:00-05:00,49.00256578652591,49.50299457946017,48.62970153099199,49.26749801635742,75561700,0.0,0.0,0.0,XLF
2025-03-06 00:00:00-05:00,48.68857203965538,49.02218998159636,48.13908630687551,48.45307922363281,55477700,0.0,0.0,0.0,XLF
2025-03-07 00:00:00-05:00,48.27646000431887,48.404020802450226,47.344291851373114,48.197959899902344,87351400,0.0,0.0,0.0,XLF
2025-03-10 00:00:00-04:00,47.38354646002273,47.69753942170066,46.569124642295286,47.118614196777344,78221400,0.0,0.0,0.0,XLF
2025-03-11 00:00:00-04:00,47.04992272800455,47.177483522833725,46.392497471353515,46.716304779052734,72972200,0.0,0.0,0.0,XLF
2025-03-12 00:00:00-04:00,47.21672771784004,47.28541343280702,46.33362406408278,46.78498840332031,60700100,0.0,0.0,0.0,XLF
2025-03-13 00:00:00-04:00,46.90273708111342,47.17748369738438,46.39249764299982,46.529869079589844,49986300,0.0,0.0,0.0,XLF
2025-03-14 00:00:00-04:00,46.971425950603496,47.68772259165667,46.726118727924,47.60922622680664,49535700,0.0,0.0,0.0,XLF
2025-03-17 00:00:00-04:00,47.422789641001984,48.40401843976711,47.41297525688348,48.168521881103516,43570500,0.0,0.0,0.0,XLF
2025-03-18 00:00:00-04:00,48.20777096727443,48.3647674222134,47.933024363813175,48.10964584350586,32714200,0.0,0.0,0.0,XLF
2025-03-19 00:00:00-04:00,48.13908984494994,48.89463652614343,47.94284332178041,48.6395149230957,44290700,0.0,0.0,0.0,XLF
2025-03-20 00:00:00-04:00,48.36477374172382,49.041820340283884,48.27646299033849,48.70820236206055,46326000,0.0,0.0,0.0,XLF
2025-03-21 00:00:00-04:00,48.46289234385367,48.708199556562455,48.10964935865845,48.531578063964844,53382800,0.0,0.0,0.0,XLF
2025-03-24 00:00:00-04:00,49.0328374031525,49.50553752517081,48.90481327947464,49.38736343383789,43158200,0.179,0.0,0.0,XLF
2025-03-25 00:00:00-04:00,49.56462722611301,49.74188648754764,49.31842900724304,49.66310501098633,24873700,0.0,0.0,0.0,XLF
2025-03-26 00:00:00-04:00,49.810829380103065,50.135809101208174,49.32827918005368,49.51538848876953,39729200,0.0,0.0,0.0,XLF
2025-03-27 00:00:00-04:00,49.42675454026612,49.68280279926267,49.03283963235213,49.416908264160156,32299800,0.0,0.0,0.0,XLF
2025-03-28 00:00:00-04:00,49.269188368085445,49.535082906114745,48.27454917621599,48.4616584777832,45365400,0.0,0.0,0.0,XLF
2025-03-31 00:00:00-04:00,47.97911159270549,49.29873423729477,47.84124118690594,49.05253601074219,38042300,0.0,0.0,0.0,XLF
2025-04-01 00:00:00-04:00,48.86542222233567,49.21010198835845,48.45181101113242,48.993446350097656,37959100,0.0,0.0,0.0,XLF
2025-04-02 00:00:00-04:00,48.599525607191005,49.56462590532785,48.520744132729035,49.39720916748047,41792100,0.0,0.0,0.0,XLF
2025-04-03 00:00:00-04:00,47.46701774517823,47.91017529417592,46.87613976095241,46.96477127075195,101160600,0.0,0.0,0.0,XLF
2025-04-04 00:00:00-04:00,45.36941295243081,45.70424272080136,43.4195232742801,43.52785110473633,128135300,0.0,0.0,0.0,XLF
2025-04-07 00:00:00-04:00,42.188526437286534,44.95579573709157,41.568105881193404,43.419517517089844,179993200,0.0,0.0,0.0,XLF
2025-04-08 00:00:00-04:00,45.103513582092916,45.51712854910803,42.582446189569346,43.25210189819336,98804200,0.0,0.0,0.0,XLF
2025-04-09 00:00:00-04:00,42.58244676326028,46.8859906959414,42.4150300163337,46.51176834106445,177242900,0.0,0.0,0.0,XLF
2025-04-10 00:00:00-04:00,45.82240825904079,45.89134345522375,43.862672670377094,45.21183776855469,93318200,0.0,0.0,0.0,XLF
2025-04-11 00:00:00-04:00,44.906557030493545,46.25572607720379,44.68005510272956,45.96028518676758,63647400,0.0,0.0,0.0,XLF
2025-04-14 00:00:00-04:00,46.62993895892398,46.89583347360453,46.15723885172071,46.4329833984375,52008900,0.0,0.0,0.0,XLF
2025-04-15 00:00:00-04:00,46.69887940669893,47.17158332373392,46.51177010052582,46.55116271972656,41840100,0.0,0.0,0.0,XLF
2025-04-16 00:00:00-04:00,46.452681280128246,46.6200980337786,45.47773837109989,45.82241439819336,47934300,0.0,0.0,0.0,XLF
2025-04-17 00:00:00-04:00,45.79286946834161,46.49207151990932,45.72393426645109,45.940589904785156,61866600,0.0,0.0,0.0,XLF
2025-04-21 00:00:00-04:00,45.704236204189016,45.84210660268011,44.453548828797956,44.95579528808594,43082300,0.0,0.0,0.0,XLF
2025-04-22 00:00:00-04:00,45.635303070476475,46.56100704273468,45.49743266574512,46.442832946777344,38154800,0.0,0.0,0.0,XLF
2025-04-23 00:00:00-04:00,47.309449513189314,47.98895522868375,46.836749395016675,46.99431610107422,50290900,0.0,0.0,0.0,XLF
2025-04-24 00:00:00-04:00,46.826902446588576,47.6048897525333,46.63979314478751,47.516258239746094,26817900,0.0,0.0,0.0,XLF
2025-04-25 00:00:00-04:00,47.279906741894024,47.49656238783437,46.97462333900014,47.289756774902344,28113000,0.0,0.0,0.0,XLF
2025-04-28 00:00:00-04:00,47.48671212996091,47.83138812261472,47.1026435219505,47.437469482421875,33922800,0.0,0.0,0.0,XLF
2025-04-29 00:00:00-04:00,47.44732794471518,48.01850594212251,47.23067227844658,47.929874420166016,42475300,0.0,0.0,0.0,XLF
2025-04-30 00:00:00-04:00,47.41777698723547,48.185914204160305,46.77766013534039,48.018497467041016,33759900,0.0,0.0,0.0,XLF
2025-05-01 00:00:00-04:00,47.84123875107616,48.32378514680582,47.70336459560965,48.00865173339844,34420200,0.0,0.0,0.0,XLF
2025-05-02 00:00:00-04:00,48.73739751787444,49.180551274279594,48.57983081951815,49.00328826904297,35032100,0.0,0.0,0.0,XLF
2025-05-05 00:00:00-04:00,48.589685961637954,49.07223617654971,48.35333399262897,48.68816375732422,24139900,0.0,0.0,0.0,XLF
2025-05-06 00:00:00-04:00,48.25485165320491,48.80633702450591,48.225309068618216,48.412418365478516,28949100,0.0,0.0,0.0,XLF
2025-05-07 00:00:00-04:00,48.56998536252925,48.96390402386628,48.51089643632266,48.6980094909668,30070100,0.0,0.0,0.0,XLF
2025-05-08 00:00:00-04:00,49.08207981363154,49.60401886473376,48.97375199019064,49.101776123046875,31294200,0.0,0.0,0.0,XLF
2025-05-09 00:00:00-04:00,49.20025391343665,49.27903915109799,48.96390571382643,49.101776123046875,22075000,0.0,0.0,0.0,XLF
2025-05-12 00:00:00-04:00,50.33276460238518,50.42139611168451,49.78127923822417,50.096412658691406,44274100,0.0,0.0,0.0,XLF
2025-05-13 00:00:00-04:00,50.22443742179049,50.539570846255025,50.13580591136692,50.30322265625,33986100,0.0,0.0,0.0,XLF
2025-05-14 00:00:00-04:00,50.33276479638328,50.39184996501943,50.01763137470142,50.165348052978516,38764200,0.0,0.0,0.0,XLF
2025-05-15 00:00:00-04:00,50.096414347394386,50.57896452688742,50.05702548602324,50.500179290771484,34742500,0.0,0.0,0.0,XLF
2025-05-16 00:00:00-04:00,50.490336062824,50.884250997124795,50.38200823496799,50.80546951293945,53401000,0.0,0.0,0.0,XLF
2025-05-19 00:00:00-04:00,50.5395696052719,50.98272714650816,50.460788129433595,50.83500671386719,26348400,0.0,0.0,0.0,XLF
2025-05-20 00:00:00-04:00,50.59866157004552,50.73653197856193,50.332767029326654,50.559268951416016,26903000,0.0,0.0,0.0,XLF
2025-05-21 00:00:00-04:00,50.244132565091306,50.39184924124676,49.48584160609599,49.52523422241211,40022000,0.0,0.0,0.0,XLF
2025-05-22 00:00:00-04:00,49.41690567044855,49.751735390779196,49.21010007289666,49.46614456176758,33662800,0.0,0.0,0.0,XLF
2025-05-23 00:00:00-04:00,48.83587938312384,49.52523515488868,48.81618307459493,49.288883209228516,33645600,0.0,0.0,0.0,XLF
2025-05-27 00:00:00-04:00,49.67295214903244,50.1850449039734,49.495689127834154,50.15550231933594,38636400,0.0,0.0,0.0,XLF
2025-05-28 00:00:00-04:00,50.11611202637729,50.24413616022188,49.74188965797065,49.820674896240234,31730200,0.0,0.0,0.0,XLF
2025-05-29 00:00:00-04:00,49.98808586559305,50.086567409436746,49.594170960278596,50.076717376708984,34098400,0.0,0.0,0.0,XLF
2025-05-30 00:00:00-04:00,49.90930632953833,50.27367866422343,49.692650681337334,50.1850471496582,37953200,0.0,0.0,0.0,XLF
2025-06-02 00:00:00-04:00,49.84036631740199,50.224434924578915,49.52523290860622,50.20473861694336,30142300,0.0,0.0,0.0,XLF
2025-06-03 00:00:00-04:00,50.04717440094335,50.35246154944382,49.643409466055246,50.30322265625,33705400,0.0,0.0,0.0,XLF
2025-06-04 00:00:00-04:00,50.37215372869572,50.431238893009976,50.00777768422112,50.01762771606445,24600500,0.0,0.0,0.0,XLF
2025-06-05 00:00:00-04:00,50.02747741978312,50.10626265318348,49.682801415373305,49.8797607421875,42014400,0.0,0.0,0.0,XLF
2025-06-06 00:00:00-04:00,50.39185146945549,50.65774600631653,50.27367737196841,50.500179290771484,34982800,0.0,0.0,0.0,XLF
2025-06-09 00:00:00-04:00,50.559267448648,50.57896375737732,49.91915056334869,50.22443771362305,28322100,0.0,0.0,0.0,XLF
2025-06-10 00:00:00-04:00,50.21458836158386,50.30321986709309,50.10626054855185,50.28352355957031,27728600,0.0,0.0,0.0,XLF
2025-06-11 00:00:00-04:00,50.33276553329094,50.559267448648,50.03732841572463,50.22443771362305,39368400,0.0,0.0,0.0,XLF
2025-06-12 00:00:00-04:00,49.92900059605673,50.234283989644325,49.73204126545027,50.22443771362305,25500900,0.0,0.0,0.0,XLF
2025-06-13 00:00:00-04:00,49.584321164064434,49.692648984465826,49.05253585151901,49.200252532958984,54921900,0.0,0.0,0.0,XLF
2025-06-16 00:00:00-04:00,49.5547758243667,50.106261171804576,49.54492954882611,49.76158142089844,35632400,0.0,0.0,0.0,XLF
2025-06-17 00:00:00-04:00,49.50553669327255,49.71234228880163,49.328273680908616,49.47599411010742,31130700,0.0,0.0,0.0,XLF
2025-06-18 00:00:00-04:00,49.456298828125,49.99793415194283,49.38736362818564,49.456298828125,45728200,0.0,0.0,0.0,XLF
2025-06-20 00:00:00-04:00,49.604019707928074,49.81082908196109,49.45630301983245,49.594173431396484,44456100,0.0,0.0,0.0,XLF
2025-06-23 00:00:00-04:00,49.60602973210035,50.23845659004703,49.25028868211499,50.218692779541016,43022700,0.172,0.0,0.0,XLF
2025-06-24 00:00:00-04:00,50.71277410591457,51.15745039535616,50.6732464869506,50.96969985961914,41225000,0.0,0.0,0.0,XLF
2025-06-25 00:00:00-04:00,50.979582561266,50.9894625817461,50.6930129630446,50.80171203613281,33123900,0.0,0.0,0.0,XLF
2025-06-26 00:00:00-04:00,50.83135455531137,51.21674319619502,50.80171072507468,51.177215576171875,37866000,0.0,0.0,0.0,XLF
2025-06-27 00:00:00-04:00,51.13768890885921,51.61200904928967,51.08828126769047,51.325439453125,38954100,0.0,0.0,0.0,XLF
2025-06-30 00:00:00-04:00,51.56260041151152,51.81952240236,51.52307279151596,51.75035095214844,42472900,0.0,0.0,0.0,XLF
2025-07-01 00:00:00-04:00,51.621893738314654,52.145621529035175,51.592246137447944,52.036922454833984,33844800,0.0,0.0,0.0,XLF
2025-07-02 00:00:00-04:00,52.125857446021705,52.13573746655136,51.72070875220002,51.99739456176758,40791100,0.0,0.0,0.0,XLF
2025-07-03 00:00:00-04:00,52.12585734767442,52.63970511416,52.07644970599649,52.56064987182617,25904800,0.0,0.0,0.0,XLF
2025-07-07 00:00:00-04:00,52.50135887263033,52.6199379590327,51.79975683497671,52.05668258666992,34049000,0.0,0.0,0.0,XLF
2025-07-08 00:00:00-04:00,51.93810420817942,51.97762805781146,51.56259936496574,51.59224319458008,53715000,0.0,0.0,0.0,XLF
2025-07-09 00:00:00-04:00,51.85905025007379,51.87881406015836,51.52307301775889,51.779998779296875,36634900,0.0,0.0,0.0,XLF
2025-07-10 00:00:00-04:00,51.66141790457064,52.13573805614825,51.66141790457064,52.08633041381836,27992600,0.0,0.0,0.0,XLF
2025-07-11 00:00:00-04:00,51.740469560774734,51.78987719967919,51.46378376726082,51.5428352355957,30289900,0.0,0.0,0.0,XLF
2025-07-14 00:00:00-04:00,51.53295775596848,51.95787025670313,51.40449487283532,51.92822265625,27636500,0.0,0.0,0.0,XLF
2025-07-15 00:00:00-04:00,51.72070623534627,51.829405303690095,51.03887176513672,51.03887176513672,47704600,0.0,0.0,0.0,XLF
2025-07-16 00:00:00-04:00,51.3155598859866,51.444022769809166,50.72266064760179,51.39461135864258,46726500,0.0,0.0,0.0,XLF
2025-07-17 00:00:00-04:00,51.256267910401284,51.97763002495369,51.19698024892881,51.888694763183594,48213900,0.0,0.0,0.0,XLF
2025-07-18 00:00:00-04:00,51.957866393592425,52.027037840237774,51.80963971103176,51.918338775634766,29791300,0.0,0.0,0.0,XLF
2025-07-21 00:00:00-04:00,51.947985419569434,52.31360648158931,51.75035108863174,51.77011489868164,36871400,0.0,0.0,0.0,XLF
2025-07-22 00:00:00-04:00,51.87881207228576,52.12585403453474,51.84916824307547,52.05668258666992,32289100,0.0,0.0,0.0,XLF
2025-07-23 00:00:00-04:00,52.17526440347524,52.47171401977539,51.938106218259676,52.47171401977539,32111300,0.0,0.0,0.0,XLF
2025-07-24 00:00:00-04:00,52.49147382998493,52.807687232549334,52.38277476606071,52.44206619262695,32371900,0.0,0.0,0.0,XLF
2025-07-25 00:00:00-04:00,52.471712439841184,52.857101075944776,52.3630171404677,52.80768966674805,28964700,0.0,0.0,0.0,XLF
2025-07-28 00:00:00-04:00,52.7483995755442,52.807687232549334,52.33336712870273,52.44206619262695,29119300,0.0,0.0,0.0,XLF
2025-07-29 00:00:00-04:00,52.61994259097276,52.6693502338595,52.056687169028685,52.17526626586914,37883200,0.0,0.0,0.0,XLF
2025-07-30 00:00:00-04:00,52.15549800115926,52.402539964059116,51.819520780832995,52.076446533203125,37260100,0.0,0.0,0.0,XLF
2025-07-31 00:00:00-04:00,51.85905002235556,52.36301775339562,51.651535671720865,51.75035095214844,46179400,0.0,0.0,0.0,XLF
2025-08-01 00:00:00-04:00,51.10804539915509,51.147569250601556,50.445970940737986,50.791831970214844,63060800,0.0,0.0,0.0,XLF
2025-08-04 00:00:00-04:00,50.98945824329798,51.29579162597656,50.88076294901955,51.29579162597656,40053100,0.0,0.0,0.0,XLF
2025-08-05 00:00:00-04:00,51.43413697141405,51.473664590979325,50.75230249693882,51.088279724121094,33551000,0.0,0.0,0.0,XLF
2025-08-06 00:00:00-04:00,51.196980430398916,51.41437480583753,51.04875373706956,51.335323333740234,34198700,0.0,0.0,0.0,XLF
2025-08-07 00:00:00-04:00,51.56259762702912,51.63176907350529,50.61395741573211,50.76218032836914,43119400,0.0,0.0,0.0,XLF
2025-08-08 00:00:00-04:00,51.058633079266265,51.355086461987085,50.89064634731506,51.23650360107422,39484400,0.0,0.0,0.0,XLF
2025-08-11 00:00:00-04:00,51.34520258065634,51.41437403128494,51.10804439837582,51.21674346923828,29351200,0.0,0.0,0.0,XLF
2025-08-12 00:00:00-04:00,51.43413811852253,51.928222065423924,51.4242580981915,51.83928680419922,37510000,0.0,0.0,0.0,XLF
2025-08-13 00:00:00-04:00,52.03691928007569,52.283961244711364,51.86893255351282,52.13573455810547,41154900,0.0,0.0,0.0,XLF
2025-08-14 00:00:00-04:00,52.0863285547646,52.422305788002305,51.90845803307633,52.38277816772461,35841500,0.0,0.0,0.0,XLF
2025-08-15 00:00:00-04:00,52.50136125321899,52.53100508377344,51.79975918375238,51.83928680419922,46108500,0.0,0.0,0.0,XLF
2025-08-18 00:00:00-04:00,51.77011562524629,51.938106128247455,51.671300343171296,51.878814697265625,25405100,0.0,0.0,0.0,XLF
2025-08-19 00:00:00-04:00,51.8294038864895,52.244432569296194,51.8294038864895,51.97762680053711,24870800,0.0,0.0,0.0,XLF
2025-08-20 00:00:00-04:00,52.01715999649411,52.38278108048991,51.888697108229046,52.24443817138672,39138800,0.0,0.0,0.0,XLF
2025-08-21 00:00:00-04:00,52.09621034258246,52.175261810538586,51.730585523406596,52.076446533203125,29037000,0.0,0.0,0.0,XLF
2025-08-22 00:00:00-04:00,52.343257959384786,53.044856305109455,52.32349414787065,52.9361572265625,47249800,0.0,0.0,0.0,XLF
2025-08-25 00:00:00-04:00,52.83733607573799,52.94603514222373,52.610057922886526,52.629817962646484,24756500,0.0,0.0,0.0,XLF
2025-08-26 00:00:00-04:00,52.471713928970026,53.05473314016131,52.471713928970026,53.034969329833984,27907000,0.0,0.0,0.0,XLF
2025-08-27 00:00:00-04:00,52.90651094037047,53.30177584363678,52.87686333969345,53.14366912841797,39530100,0.0,0.0,0.0,XLF
2025-08-28 00:00:00-04:00,53.25236865546726,53.27213246623312,53.06461810753382,53.21284103393555,28837300,0.0,0.0,0.0,XLF
2025-08-29 00:00:00-04:00,53.26224958607985,53.49940776341462,53.163430537555975,53.3511848449707,36062400,0.0,0.0,0.0,XLF
2025-09-02 00:00:00-04:00,53.06461260686493,53.06461260686493,52.49147346275098,52.95591354370117,38733100,0.0,0.0,0.0,XLF
2025-09-03 00:00:00-04:00,52.86698532104492,52.965800608212895,52.501364235049515,52.86698532104492,36420100,0.0,0.0,0.0,XLF
2025-09-04 00:00:00-04:00,53.05473192216857,53.44012056036188,52.936152832488254,53.42035675048828,32730000,0.0,0.0,0.0,XLF
2025-09-05 00:00:00-04:00,53.469761635741804,53.608104528168596,52.24443187363392,52.44206619262695,58377100,0.0,0.0,0.0,XLF
2025-09-08 00:00:00-04:00,52.46183408999496,52.54088556201623,52.21479211439121,52.481597900390625,49490900,0.0,0.0,0.0,XLF
2025-09-09 00:00:00-04:00,52.353136505367914,52.95591954610074,52.3333726944106,52.70887756347656,38884500,0.0,0.0,0.0,XLF
2025-09-10 00:00:00-04:00,52.540885879851906,52.76816781599628,52.303727692792044,52.531005859375,32915900,0.0,0.0,0.0,XLF
2025-09-11 00:00:00-04:00,52.560647759992825,53.43023654291858,52.55076773987878,53.390708923339844,36635400,0.0,0.0,0.0,XLF
2025-09-12 00:00:00-04:00,53.32153596453218,53.43023503051621,53.07449400349981,53.163429260253906,25705900,0.0,0.0,0.0,XLF
2025-09-15 00:00:00-04:00,53.25236373527821,53.449998055115124,52.98555796893254,53.04484939575195,31922000,0.0,0.0,0.0,XLF
2025-09-16 00:00:00-04:00,52.97568098634876,53.034968647006025,52.639703754232706,52.926273345947266,28482500,0.0,0.0,0.0,XLF
2025-09-17 00:00:00-04:00,53.0349682479185,53.687162666731325,53.01520820755566,53.440120697021484,47976100,0.0,0.0,0.0,XLF
2025-09-18 00:00:00-04:00,53.469764845963866,53.85514971787943,53.35118575527323,53.48952865600586,36609100,0.0,0.0,0.0,XLF
2025-09-19 00:00:00-04:00,53.61798854089076,53.766215233564644,53.282011304449824,53.60810852050781,46731400,0.0,0.0,0.0,XLF
2025-09-22 00:00:00-04:00,53.23929860202258,53.596210701075,53.17981199152375,53.53672409057617,32393000,0.178,0.0,0.0,XLF
2025-09-23 00:00:00-04:00,53.487154727472046,54.022522885272494,53.16990036328741,53.29878234863281,28698900,0.0,0.0,0.0,XLF
2025-09-24 00:00:00-04:00,53.368183978701,53.49706596088837,53.041013296294025,53.15007019042969,23893400,0.0,0.0,0.0,XLF
2025-09-25 00:00:00-04:00,53.01127243041992,53.2492113092034,52.7832460957648,53.01127243041992,24757500,0.0,0.0,0.0,XLF
2025-09-26 00:00:00-04:00,53.24921169377498,53.63586521106831,53.179812538464404,53.397926330566406,30686100,0.0,0.0,0.0,XLF
2025-09-29 00:00:00-04:00,53.57638323998002,53.68544013777762,53.27895774360407,53.665611267089844,20713800,0.0,0.0,0.0,XLF
2025-09-30 00:00:00-04:00,53.596213112830746,53.774669170387234,52.96170058486855,53.407840728759766,32442200,0.0,0.0,0.0,XLF
2025-10-01 00:00:00-04:00,53.15007103661689,53.298781891193805,52.9121283745354,52.93195724487305,33210100,0.0,0.0,0.0,XLF
2025-10-02 00:00:00-04:00,52.85264950512108,53.021189242662345,52.60479428028703,52.892303466796875,32443400,0.0,0.0,0.0,XLF
2025-10-03 00:00:00-04:00,52.96169929389886,53.50698377979121,52.922045334718796,53.25912857055664,32111600,0.0,0.0,0.0,XLF
2025-10-06 00:00:00-04:00,53.46732611314704,53.606124425396565,52.842729926053835,53.23929977416992,32001300,0.0,0.0,0.0,XLF
2025-10-07 00:00:00-04:00,53.417757462190984,53.586297194516845,53.06084534435919,53.30870056152344,31250500,0.0,0.0,0.0,XLF
2025-10-08 00:00:00-04:00,53.467328762545556,53.48715763413095,52.882390287673324,53.05093002319336,26848700,0.0,0.0,0.0,XLF
2025-10-09 00:00:00-04:00,53.16990210218415,53.34835816062063,52.73367450068591,52.8625602722168,33922400,0.0,0.0,0.0,XLF
2025-10-10 00:00:00-04:00,53.00135935808627,53.21947316200309,51.7125129699707,51.7125129699707,73596200,0.0,0.0,0.0,XLF
2025-10-13 00:00:00-04:00,52.09916834444203,52.366852445418864,51.89097085989471,52.20822525024414,39651900,0.0,0.0,0.0,XLF
2025-10-14 00:00:00-04:00,52.00002550463591,53.18973130770094,51.80174057379666,52.78324890136719,62588700,0.0,0.0,0.0,XLF
2025-10-15 00:00:00-04:00,52.97161750558071,53.29878442679056,52.40650791096966,52.78324890136719,39526600,0.0,0.0,0.0,XLF
2025-10-16 00:00:00-04:00,52.6345323854349,52.66427380031316,51.09783084454244,51.315940856933594,85420100,0.0,0.0,0.0,XLF
2025-10-17 00:00:00-04:00,51.45474513048097,51.910797827126714,51.28620161443419,51.73234176635742,52288900,0.0,0.0,0.0,XLF
2025-10-20 00:00:00-04:00,51.91079733558954,52.44616551282808,51.84139817727756,52.33710861206055,39479600,0.0,0.0,0.0,XLF
2025-10-21 00:00:00-04:00,52.20822306429036,52.67419208521817,52.20822306429036,52.27762222290039,31213600,0.0,0.0,0.0,XLF
2025-10-22 00:00:00-04:00,52.32719370748386,52.36685145101713,51.67285606706712,51.98019790649414,53727500,0.0,0.0,0.0,XLF
2025-10-23 00:00:00-04:00,52.13882275812991,52.22805078608902,51.84139725892302,52.08925247192383,29483700,0.0,0.0,0.0,XLF
2025-10-24 00:00:00-04:00,52.39659018704552,52.822901453291486,52.35693622751155,52.654361724853516,31947800,0.0,0.0,0.0,XLF
2025-10-27 00:00:00-04:00,52.91212862930608,52.97161524060546,52.743588903580005,52.872474670410156,27154100,0.0,0.0,0.0,XLF
2025-10-28 00:00:00-04:00,52.8724760031497,52.9418751604298,52.48581869291289,52.53539276123047,33648000,0.0,0.0,0.0,XLF
2025-10-29 00:00:00-04:00,52.00002429342033,52.12891006275934,51.424998385577396,51.64311218261719,61846300,0.0,0.0,0.0,XLF
2025-10-30 00:00:00-04:00,51.57371247420838,52.36684838863894,51.57371247420838,51.78190994262695,48568700,0.0,0.0,0.0,XLF
2025-10-31 00:00:00-04:00,51.56379559944677,52.049593469226494,51.49439644404543,51.92070770263672,40425800,0.0,0.0,0.0,XLF
2025-11-03 00:00:00-05:00,51.881054626408186,51.89096717078973,51.20688814935175,51.702598571777344,38693200,0.0,0.0,0.0,XLF
2025-11-04 00:00:00-05:00,51.50431446089462,52.08925291988576,51.39525756112111,51.970279693603516,44675200,0.0,0.0,0.0,XLF
2025-11-05 00:00:00-05:00,52.03968193005726,52.36684884298642,51.73234010593682,52.14873504638672,38036300,0.0,0.0,0.0,XLF
2025-11-06 00:00:00-05:00,52.05950968711385,52.2478820781849,51.722426430533154,51.96036911010742,42625700,0.0,0.0,0.0,XLF
2025-11-07 00:00:00-05:00,51.83147998225631,52.34701926968291,51.643111385338464,52.32719039916992,46218700,0.0,0.0,0.0,XLF
2025-11-10 00:00:00-05:00,52.475906222921566,52.69402002152316,52.19830959340712,52.51556396484375,42010600,0.0,0.0,0.0,XLF
2025-11-11 00:00:00-05:00,52.61470357985936,52.88238766000544,52.42633498211376,52.753501892089844,29995800,0.0,0.0,0.0,XLF
2025-11-12 00:00:00-05:00,52.763416428420925,53.427666552124215,52.763416428420925,53.20955276489258,46052700,0.0,0.0,0.0,XLF
2025-11-13 00:00:00-05:00,53.11041298295735,53.29878157709949,52.42633397920615,52.525474548339844,50455300,0.0,0.0,0.0,XLF
2025-11-14 00:00:00-05:00,52.35693498934163,52.35693498934163,51.82156683760458,52.000022888183594,46154600,0.0,0.0,0.0,XLF
2025-11-17 00:00:00-05:00,52.01985183647477,52.03968070678776,50.810317221174365,51.008602142333984,70048500,0.0,0.0,0.0,XLF
2025-11-18 00:00:00-05:00,50.84005893084572,51.30602793098078,50.71117694601841,50.92928695678711,66043600,0.0,0.0,0.0,XLF
2025-11-19 00:00:00-05:00,50.93920446643217,51.20688855047531,50.75083208397381,51.11766052246094,46003900,0.0,0.0,0.0,XLF
2025-11-20 00:00:00-05:00,51.5836255995302,51.94053771053656,50.6417788178939,50.6715202331543,70096400,0.0,0.0,0.0,XLF
2025-11-21 00:00:00-05:00,51.01851381143341,51.524140540816425,50.7012594558077,51.22671127319336,68942900,0.0,0.0,0.0,XLF
2025-11-24 00:00:00-05:00,51.29611717301334,51.52414351792172,50.889634770007895,51.444828033447266,43789100,0.0,0.0,0.0,XLF
2025-11-25 00:00:00-05:00,51.6629412030048,52.208221915212505,51.464656276210064,52.08925247192383,50989800,0.0,0.0,0.0,XLF
2025-11-26 00:00:00-05:00,52.218134756577804,52.69402009637921,52.148735599100604,52.49573516845703,35268500,0.0,0.0,0.0,XLF
2025-11-28 00:00:00-05:00,52.644444551414374,53.090584681233885,52.5750453958836,52.872474670410156,16136100,0.0,0.0,0.0,XLF
2025-12-01 00:00:00-05:00,52.61470483699148,52.94187553675506,52.38667849259736,52.436248779296875,29296300,0.0,0.0,0.0,XLF
2025-12-02 00:00:00-05:00,52.53539142556101,52.68410228082162,52.188391866012275,52.38667678833008,29771500,0.0,0.0,0.0,XLF
2025-12-03 00:00:00-05:00,52.48582027122238,53.140157903804585,52.426337438605245,53.0905876159668,32018000,0.0,0.0,0.0,XLF
2025-12-04 00:00:00-05:00,53.13024683479907,53.44750122413779,53.01127738428971,53.19964599609375,33678700,0.0,0.0,0.0,XLF
2025-12-05 00:00:00-05:00,53.080672665340124,53.46732618770881,52.99144463848809,53.2194709777832,28532300,0.0,0.0,0.0,XLF
2025-12-08 00:00:00-05:00,53.23930062676713,53.24921317124212,52.82290190137982,53.02118682861328,31164200,0.0,0.0,0.0,XLF
2025-12-09 00:00:00-05:00,53.04101648080995,53.48715662816413,52.7931612636099,52.82290267944336,46335400,0.0,0.0,0.0,XLF
2025-12-10 00:00:00-05:00,52.822902195602566,53.616041908954195,52.75350303797987,53.427669525146484,45437500,0.0,0.0,0.0,XLF
2025-12-11 00:00:00-05:00,53.49706864419436,54.50831837421511,53.467327228654774,54.399261474609375,51786500,0.0,0.0,0.0,XLF
2025-12-12 00:00:00-05:00,54.686774131733394,54.73634441801789,54.24063399123207,54.47857666015625,64428900,0.0,0.0,0.0,XLF
2025-12-15 00:00:00-05:00,54.706602853083986,54.83548862264767,54.349690741658655,54.51823425292969,35356800,0.0,0.0,0.0,XLF
2025-12-16 00:00:00-05:00,54.56780397992845,54.68677342186103,54.01260694762582,54.171234130859375,37342300,0.0,0.0,0.0,XLF
2025-12-17 00:00:00-05:00,54.32986328103867,54.59754737155591,54.1117532599276,54.16132354736328,41112400,0.0,0.0,0.0,XLF
2025-12-18 00:00:00-05:00,54.30012030485203,54.547975516879674,53.893637908405516,54.07209396362305,35021600,0.0,0.0,0.0,XLF
2025-12-19 00:00:00-05:00,54.091921658821974,54.54797433136838,54.091921658821974,54.3695182800293,46595300,0.0,0.0,0.0,XLF
2025-12-22 00:00:00-05:00,54.47000561516269,55.156475552537906,54.460058425572626,55.03709030151367,37987800,0.191,0.0,0.0,XLF
2025-12-23 00:00:00-05:00,55.02714109003232,55.275862567720644,55.02714109003232,55.14652633666992,24732900,0.0,0.0,0.0,XLF
2025-12-24 00:00:00-05:00,55.22611594778276,55.60417366139419,55.12662887350067,55.44499206542969,15685800,0.0,0.0,0.0,XLF
2025-12-26 00:00:00-05:00,55.42509209760738,55.514631979638594,55.15647245151375,55.33555221557617,20410100,0.0,0.0,0.0,XLF
2025-12-29 00:00:00-05:00,55.30570996270972,55.39524984977507,54.9773957784072,55.03709030151367,34223800,0.0,0.0,0.0,XLF
2025-12-30 00:00:00-05:00,55.116680372692855,55.116680372692855,54.85800791341255,54.897804260253906,16160900,0.0,0.0,0.0,XLF
2025-12-31 00:00:00-05:00,54.937601921039516,54.977394473644075,54.470004322441305,54.48990249633789,22996200,0.0,0.0,0.0,XLF
2026-01-02 00:00:00-05:00,54.54959511301792,54.71872389244957,54.06209935754771,54.64908218383789,36087100,0.0,0.0,0.0,XLF
2026-01-05 00:00:00-05:00,54.53964696500259,56.22100283850052,54.53964696500259,55.84294891357422,58044100,0.0,0.0,0.0,XLF
2026-01-06 00:00:00-05:00,55.75340890582827,56.23095370089799,55.70366536793972,56.111568450927734,38950800,0.0,0.0,0.0,XLF
2026-01-07 00:00:00-05:00,55.94243551514856,56.051873574926546,55.255965588162084,55.32560729980469,44720900,0.0,0.0,0.0,XLF
2026-01-08 00:00:00-05:00,55.16642487624924,55.96233285109374,55.126628528709865,55.6141242980957,35358300,0.0,0.0,0.0,XLF
2026-01-09 00:00:00-05:00,55.693713546323515,55.87279331618216,55.43504487607692,55.44499206542969,29544900,0.0,0.0,0.0,XLF
2026-01-12 00:00:00-05:00,54.74857164239251,55.07688582175636,54.5595446815152,55.00724411010742,42021600,0.0,0.0,0.0,XLF
2026-01-13 00:00:00-05:00,54.86796044891632,54.94754934966061,53.87307452088657,53.95266342163086,77045100,0.0,0.0,0.0,XLF
2026-01-14 00:00:00-05:00,53.77358270970622,53.90291894073897,53.41542317465463,53.87307357788086,59754600,0.0,0.0,0.0,XLF
2026-01-15 00:00:00-05:00,53.942715039402,54.42025981887373,53.93276405503612,54.09194564819336,48490800,0.0,0.0,0.0,XLF
2026-01-16 00:00:00-05:00,54.09194505243462,54.4799499442827,54.01235615432685,54.16158676147461,44363200,0.0,0.0,0.0,XLF
2026-01-20 00:00:00-05:00,53.33583582263617,53.83327879237508,52.828441868196826,52.92793273925781,57030800,0.0,0.0,0.0,XLF
2026-01-21 00:00:00-05:00,53.09705984791674,53.554710249945295,52.967727412411016,53.18659973144531,49360300,0.0,0.0,0.0,XLF
2026-01-22 00:00:00-05:00,53.37563133124177,53.773583423658266,53.36568034669791,53.534812927246094,46919300,0.0,0.0,0.0,XLF
2026-01-23 00:00:00-05:00,53.21644948802996,53.23634386664805,52.609568470086195,52.7985954284668,47057500,0.0,0.0,0.0,XLF
2026-01-26 00:00:00-05:00,52.82844008202332,53.276139498688984,52.81849289284788,53.13685607910156,31072700,0.0,0.0,0.0,XLF
2026-01-27 00:00:00-05:00,53.04731750932252,53.15675556890498,52.569772718117065,52.72895431518555,38633700,0.0,0.0,0.0,XLF
2026-01-28 00:00:00-05:00,52.659311064365326,52.937877902295135,52.49017848763042,52.7190055847168,45450800,0.0,0.0,0.0,XLF
2026-01-29 00:00:00-05:00,53.04731880618058,53.35573481843571,52.719008414595585,53.27614212036133,51975400,0.0,0.0,0.0,XLF
2026-01-30 00:00:00-05:00,53.10701154414771,53.385578387664474,52.74885200523266,53.16670227050781,42767000,0.0,0.0,0.0,XLF
2026-02-02 00:00:00-05:00,53.17665313794596,53.81337951897587,52.92793165815687,53.753684997558594,48031500,0.0,0.0,0.0,XLF
2026-02-03 00:00:00-05:00,53.445271594051576,53.892967211490046,52.888134125539274,53.25624084472656,66887100,0.0,0.0,0.0,XLF
2026-02-04 00:00:00-05:00,53.23634445663685,53.90292000338795,53.12691019227019,53.684043884277344,59506400,0.0,0.0,0.0,XLF
2026-02-05 00:00:00-05:00,53.66414488101927,53.783533923337664,52.908033255612324,53.01747131347656,64475000,0.0,0.0,0.0,XLF
2026-02-06 00:00:00-05:00,53.55471214899596,54.072049499740764,53.55471214899596,53.98250961303711,53073800,0.0,0.0,0.0,XLF
2026-02-09 00:00:00-05:00,53.80343364338112,54.11184585692937,53.62435386994531,53.664146423339844,31699900,0.0,0.0,0.0,XLF
2026-02-10 00:00:00-05:00,53.425376531656426,53.98251023742216,52.84834085618336,53.27614212036133,57920800,0.0,0.0,0.0,XLF
2026-02-11 00:00:00-05:00,53.395523894424166,53.65419635112882,52.42053617765017,52.47028350830078,60339900,0.0,0.0,0.0,XLF
2026-02-12 00:00:00-05:00,52.62946639108896,52.83839152227268,51.166982882425785,51.42565155029297,94645100,0.0,0.0,0.0,XLF
2026-02-13 00:00:00-05:00,51.28636957176187,51.664427292527286,50.98790454807914,51.385860443115234,56449300,0.0,0.0,0.0,XLF
2026-02-17 00:00:00-05:00,51.554986731164504,52.14196956051971,51.554986731164504,51.93304443359375,54064700,0.0,0.0,0.0,XLF
2026-02-18 00:00:00-05:00,52.08227825206778,52.51007951654557,52.012636538798255,52.32105255126953,45224000,0.0,0.0,0.0,XLF
2026-02-19 00:00:00-05:00,51.873349797025334,52.112124080966986,51.47539771737391,51.88330078125,47344400,0.0,0.0,0.0,XLF
2026-02-20 00:00:00-05:00,51.77386580951963,52.23151243621066,51.455502608761634,52.22156524658203,52934100,0.0,0.0,0.0,XLF
2026-02-23 00:00:00-05:00,51.92309450535435,52.20166514210968,50.381022097099205,50.47056198120117,94600400,0.0,0.0,0.0,XLF
2026-02-24 00:00:00-05:00,50.19199573123974,50.91826200187673,49.983070597602115,50.71928405761719,64114100,0.0,0.0,0.0,XLF
2026-02-25 00:00:00-05:00,50.9779571053634,51.624630687599584,50.90831159816759,51.604732513427734,47652800,0.0,0.0,0.0,XLF
2026-02-26 00:00:00-05:00,51.80370891836106,52.39069175580267,51.71416903484663,52.231510162353516,60884300,0.0,0.0,0.0,XLF
2026-02-27 00:00:00-05:00,51.614683993295664,51.793763767371736,50.749130486865056,51.16698455810547,81998700,0.0,0.0,0.0,XLF
2026-03-02 00:00:00-05:00,50.35117732460803,51.36596142460141,50.20194291762512,51.03764724731445,70107200,0.0,0.0,0.0,XLF
2026-03-03 00:00:00-05:00,50.03281541926928,51.28637004846388,49.82389028026831,50.9481086730957,94738700,0.0,0.0,0.0,XLF
2026-03-04 00:00:00-05:00,51.06749688406493,51.38586007976719,50.818775400223245,51.23662567138672,51472400,0.0,0.0,0.0,XLF
2026-03-05 00:00:00-05:00,50.97795711871607,51.554988989096245,50.64964293757752,50.9680061340332,58430700,0.0,0.0,0.0,XLF
2026-03-06 00:00:00-05:00,50.18204605727631,50.36112583226805,49.495576116600446,50.31138229370117,75632700,0.0,0.0,0.0,XLF
2026-03-09 00:00:00-04:00,49.66470208717274,50.26163590165199,48.928488649726724,50.072608947753906,78178700,0.0,0.0,0.0,XLF
2026-03-10 00:00:00-04:00,50.072609058230434,50.43076479348199,49.495573415812885,49.80398941040039,70834200,0.0,0.0,0.0,XLF
2026-03-11 00:00:00-04:00,49.72439645660911,49.86367987434262,48.96828484811781,49.38613510131836,56301200,0.0,0.0,0.0,XLF
2026-03-12 00:00:00-04:00,48.7295109117967,48.96828519760722,48.54048395712191,48.58028030395508,67871700,0.0,0.0,0.0,XLF
2026-03-13 00:00:00-04:00,48.85884880662127,49.20705736530791,48.60017633857806,48.63997268676758,47595200,0.0,0.0,0.0,XLF
2026-03-16 00:00:00-04:00,48.99813091437676,49.49557386782221,48.8588474946422,49.047874450683594,45720100,0.0,0.0,0.0,XLF
2026-03-17 00:00:00-04:00,49.44583249810322,49.9333244885348,49.25680173859044,49.306549072265625,46974000,0.0,0.0,0.0,XLF
2026-03-18 00:00:00-04:00,49.117518449402446,49.4557798253157,48.66981901140126,48.719566345214844,49239100,0.0,0.0,0.0,XLF
2026-03-19 00:00:00-04:00,48.52058768518086,48.92849076823492,48.271866200509145,48.739463806152344,58374000,0.0,0.0,0.0,XLF
2026-03-20 00:00:00-04:00,48.70961333840089,49.08767104759605,48.5404845550593,48.829002380371094,82914000,0.0,0.0,0.0,XLF
2026-03-23 00:00:00-04:00,49.70000076293945,49.86000061035156,49.220001220703125,49.27000045776367,81044800,0.251,0.0,0.0,XLF
2026-03-24 00:00:00-04:00,48.79999923706055,49.59000015258789,48.779998779296875,49.279998779296875,43296400,0.0,0.0,0.0,XLF
2026-03-25 00:00:00-04:00,49.59000015258789,49.95000076293945,48.9900016784668,49.34000015258789,40438800,0.0,0.0,0.0,XLF
2026-03-26 00:00:00-04:00,49.11000061035156,49.4900016784668,48.880001068115234,49.04999923706055,45035700,0.0,0.0,0.0,XLF
2026-03-27 00:00:00-04:00,48.790000915527344,48.84000015258789,47.66999816894531,47.810001373291016,64823900,0.0,0.0,0.0,XLF
2026-03-30 00:00:00-04:00,48.22999954223633,48.720001220703125,48.09000015258789,48.36000061035156,58128900,0.0,0.0,0.0,XLF
2026-03-31 00:00:00-04:00,48.91999816894531,49.459999084472656,48.5099983215332,49.369998931884766,85361900,0.0,0.0,0.0,XLF
2026-04-01 00:00:00-04:00,49.79999923706055,49.849998474121094,49.13999938964844,49.439998626708984,61558300,0.0,0.0,0.0,XLF
2026-04-02 00:00:00-04:00,48.83000183105469,49.810001373291016,48.599998474121094,49.529998779296875,39519800,0.0,0.0,0.0,XLF
2026-04-06 00:00:00-04:00,49.5099983215332,50.0099983215332,49.45000076293945,49.880001068115234,27345800,0.0,0.0,0.0,XLF
2026-04-07 00:00:00-04:00,49.619998931884766,50.02000045776367,49.5,49.880001068115234,31750000,0.0,0.0,0.0,XLF
2026-04-08 00:00:00-04:00,51.189998626708984,51.47999954223633,50.959999084472656,51.20000076293945,48175400,0.0,0.0,0.0,XLF
2026-04-09 00:00:00-04:00,50.939998626708984,51.540000915527344,50.79999923706055,51.33000183105469,30330500,0.0,0.0,0.0,XLF
2026-04-10 00:00:00-04:00,51.22999954223633,51.290000915527344,50.63999938964844,50.77000045776367,35427500,0.0,0.0,0.0,XLF
2026-04-13 00:00:00-04:00,50.5,51.66999816894531,50.41999816894531,51.65999984741211,33635900,0.0,0.0,0.0,XLF
2026-04-14 00:00:00-04:00,51.5099983215332,51.90999984741211,51.439998626708984,51.779998779296875,36498400,0.0,0.0,0.0,XLF
2026-04-15 00:00:00-04:00,52.06999969482422,52.33000183105469,51.81999969482422,52.16999816894531,33804700,0.0,0.0,0.0,XLF
2026-04-16 00:00:00-04:00,52.09000015258789,52.40999984741211,51.91999816894531,52.029998779296875,25432000,0.0,0.0,0.0,XLF
2026-04-17 00:00:00-04:00,52.369998931884766,52.97999954223633,52.29999923706055,52.43000030517578,45183400,0.0,0.0,0.0,XLF
2026-04-20 00:00:00-04:00,52.34000015258789,52.7599983215332,52.2599983215332,52.630001068115234,26160600,0.0,0.0,0.0,XLF
2026-04-21 00:00:00-04:00,52.709999084472656,53.189998626708984,52.20000076293945,52.29999923706055,34150100,0.0,0.0,0.0,XLF
2026-04-22 00:00:00-04:00,52.47999954223633,52.650001525878906,52.06999969482422,52.209999084472656,31838400,0.0,0.0,0.0,XLF
2026-04-23 00:00:00-04:00,52.08000183105469,52.16999816894531,51.29999923706055,51.79999923706055,44647900,0.0,0.0,0.0,XLF
2026-04-24 00:00:00-04:00,51.58000183105469,51.66999816894531,51.31999969482422,51.41999816894531,27225300,0.0,0.0,0.0,XLF
2026-04-27 00:00:00-04:00,51.310001373291016,51.900001525878906,51.27000045776367,51.810001373291016,25764300,0.0,0.0,0.0,XLF
2026-04-28 00:00:00-04:00,52.20000076293945,52.400001525878906,51.79999923706055,51.849998474121094,24337500,0.0,0.0,0.0,XLF
2026-04-29 00:00:00-04:00,52.130001068115234,52.29999923706055,51.70000076293945,51.91999816894531,22153100,0.0,0.0,0.0,XLF
2026-04-30 00:00:00-04:00,51.5099983215332,52.25,51.20000076293945,52.130001068115234,31406400,0.0,0.0,0.0,XLF
2026-05-01 00:00:00-04:00,52.400001525878906,52.61000061035156,51.91999816894531,51.91999816894531,39618200,0.0,0.0,0.0,XLF
2026-05-04 00:00:00-04:00,51.779998779296875,52.189998626708984,51.4900016784668,51.58000183105469,44456300,0.0,0.0,0.0,XLF
2026-05-05 00:00:00-04:00,51.56999969482422,51.77000045776367,51.380001068115234,51.59000015258789,27419600,0.0,0.0,0.0,XLF
2026-05-06 00:00:00-04:00,51.91999816894531,52.2400016784668,51.779998779296875,51.84000015258789,39084600,0.0,0.0,0.0,XLF
2026-05-07 00:00:00-04:00,51.779998779296875,52.08000183105469,51.41999816894531,51.54999923706055,36983100,0.0,0.0,0.0,XLF
2026-05-08 00:00:00-04:00,51.68000030517578,51.7400016784668,51.13999938964844,51.2400016784668,29609200,0.0,0.0,0.0,XLF
2024-05-09 00:00:00-04:00,100.97088785002259,101.18319181609927,100.60059706755922,101.10419464111328,9589600,0.0,0.0,0.0,XLK
2024-05-10 00:00:00-04:00,101.6324833800104,102.08670585192014,101.15850784686059,101.47942352294922,8753800,0.0,0.0,0.0,XLK
2024-05-13 00:00:00-04:00,102.22494947417854,102.30888115239637,101.63742019306817,101.95833587646484,6582000,0.0,0.0,0.0,XLK
2024-05-14 00:00:00-04:00,101.92377989506895,103.00503025433936,101.86453577683574,102.86184692382812,9825200,0.0,0.0,0.0,XLK
2024-05-15 00:00:00-04:00,103.50861905838312,105.21196277257704,103.43456391149888,105.17739868164062,14308600,0.0,0.0,0.0,XLK
2024-05-16 00:00:00-04:00,105.2415693671075,105.56742703268783,104.76759389593752,104.81202697753906,12066600,0.0,0.0,0.0,XLK
2024-05-17 00:00:00-04:00,105.0539698447381,105.1181559953021,104.0072835754003,104.58000183105469,7616000,0.0,0.0,0.0,XLK
2024-05-20 00:00:00-04:00,104.68368839811195,106.0068649162567,104.58988018000336,105.80937194824219,6276800,0.0,0.0,0.0,XLK
2024-05-21 00:00:00-04:00,105.40451733852072,106.15496796489006,105.21690091513544,105.98217010498047,6140400,0.0,0.0,0.0,XLK
2024-05-22 00:00:00-04:00,106.28334050996891,106.60919070186996,105.59212646800385,106.21915435791016,11783000,0.0,0.0,0.0,XLK
2024-05-23 00:00:00-04:00,107.43370974221065,107.44357873960321,105.01941396862891,105.35514068603516,9400400,0.0,0.0,0.0,XLK
2024-05-24 00:00:00-04:00,105.62174968069608,106.47095056230845,105.27121192390129,106.24384307861328,5906400,0.0,0.0,0.0,XLK
2024-05-28 00:00:00-04:00,106.84618282559093,106.93011450680612,106.02660400866242,106.69313049316406,8786400,0.0,0.0,0.0,XLK
2024-05-29 00:00:00-04:00,105.56744318302249,106.52525573405376,105.56744318302249,106.0167236328125,8569000,0.0,0.0,0.0,XLK
2024-05-30 00:00:00-04:00,104.8367255216791,104.99471987315616,103.27656520197702,103.59748840332031,10450600,0.0,0.0,0.0,XLK
2024-05-31 00:00:00-04:00,103.90359754827767,103.9233506098616,101.47449079086546,103.76042175292969,12081000,0.0,0.0,0.0,XLK
2024-06-03 00:00:00-04:00,104.55532206127188,104.64913027798278,102.7779230435557,104.02210235595703,9628000,0.0,0.0,0.0,XLK
2024-06-04 00:00:00-04:00,103.967786005532,104.40719746570598,103.43456633471652,104.23933410644531,6405400,0.0,0.0,0.0,XLK
2024-06-05 00:00:00-04:00,105.06384611056981,106.55488586425781,104.89598275337987,106.55488586425781,8788800,0.0,0.0,0.0,XLK
2024-06-06 00:00:00-04:00,106.61412573326278,106.68818087801692,105.91797723823217,106.19940185546875,7057600,0.0,0.0,0.0,XLK
2024-06-07 00:00:00-04:00,106.31295937542522,106.90048865668692,105.92291550959915,106.4462661743164,6398600,0.0,0.0,0.0,XLK
2024-06-10 00:00:00-04:00,106.08584160185613,107.00416307350459,106.01672095489701,106.71780395507812,6734800,0.0,0.0,0.0,XLK
2024-06-11 00:00:00-04:00,106.44626666149844,108.73219011329157,106.3968915406207,108.70256805419922,12719200,0.0,0.0,0.0,XLK
2024-06-12 00:00:00-04:00,109.783825677977,112.22774365144656,109.58139821600186,111.10699462890625,17821200,0.0,0.0,0.0,XLK
2024-06-13 00:00:00-04:00,112.1388692822235,112.44990843415754,111.30447946674636,111.9858169555664,12693600,0.0,0.0,0.0,XLK
2024-06-14 00:00:00-04:00,111.82782666103954,112.46966558347131,111.75377151112224,112.40547943115234,7864600,0.0,0.0,0.0,XLK
2024-06-17 00:00:00-04:00,112.68196437863155,114.50873093923997,112.29686252388221,114.10881805419922,11602600,0.0,0.0,0.0,XLK
2024-06-18 00:00:00-04:00,114.22237684143002,114.62722421654782,113.7977764039635,114.25199890136719,8677800,0.0,0.0,0.0,XLK
2024-06-20 00:00:00-04:00,114.76545174020876,114.83457238295901,112.58814019319829,112.96830749511719,13243000,0.0,0.0,0.0,XLK
2024-06-21 00:00:00-04:00,112.99301650447902,113.4373625017183,112.25736931916114,112.77084350585938,13560200,0.0,0.0,0.0,XLK
2024-06-24 00:00:00-04:00,111.59865970449295,112.10314078057613,109.97641423120787,110.00608825683594,13748600,0.2,0.0,0.0,XLK
2024-06-25 00:00:00-04:00,110.81226493076217,112.08335012489432,110.18908022171519,112.02400207519531,9126200,0.0,0.0,0.0,XLK
2024-06-26 00:00:00-04:00,111.85585600293128,112.42462833051573,111.02494548573021,111.89542388916016,9459600,0.0,0.0,0.0,XLK
2024-06-27 00:00:00-04:00,111.67779698887603,112.50375674956089,111.54425632493233,111.94982147216797,7923600,0.0,0.0,0.0,XLK
2024-06-28 00:00:00-04:00,112.34054862469435,113.94795720095279,111.73715157078544,111.89047241210938,12488200,0.0,0.0,0.0,XLK
2024-07-01 00:00:00-04:00,112.05862401480458,112.92415160312869,110.43142792254632,112.7362060546875,9281600,0.0,0.0,0.0,XLK
2024-07-02 00:00:00-04:00,111.75692396270074,113.30992742616864,111.75692396270074,113.30003356933594,7076600,0.0,0.0,0.0,XLK
2024-07-03 00:00:00-04:00,113.13681328794276,114.88270536575686,113.04284051969081,114.82830047607422,6249200,0.0,0.0,0.0,XLK
2024-07-05 00:00:00-04:00,114.95689597650063,115.68889044520385,114.48209650432716,115.1794662475586,6671800,0.0,0.0,0.0,XLK
2024-07-08 00:00:00-04:00,115.55040703319571,116.30217412451546,115.35256763011033,115.96585845947266,7671000,0.0,0.0,0.0,XLK
2024-07-09 00:00:00-04:00,116.55937845414239,116.83634611176817,115.20915734981538,115.87190246582031,8678600,0.0,0.0,0.0,XLK
2024-07-10 00:00:00-04:00,116.66818186032818,117.63757615568869,116.01533063839334,117.5534896850586,8749400,0.0,0.0,0.0,XLK
2024-07-11 00:00:00-04:00,117.73153904979182,117.78100079073177,114.27932235200207,114.6106948852539,14106000,0.0,0.0,0.0,XLK
2024-07-12 00:00:00-04:00,114.92723491636157,116.8610728422627,114.52662045815134,115.6344985961914,9767600,0.0,0.0,0.0,XLK
2024-07-15 00:00:00-04:00,116.22305840953938,116.98471943962824,115.18442218534308,115.84222412109375,8628000,0.0,0.0,0.0,XLK
2024-07-16 00:00:00-04:00,116.11424570590358,116.17359375832535,114.63048402094215,115.4564437866211,7652200,0.0,0.0,0.0,XLK
2024-07-17 00:00:00-04:00,112.8153426345727,112.92909557675821,110.91117890773702,110.96558380126953,12440400,0.0,0.0,0.0,XLK
2024-07-18 00:00:00-04:00,112.18227310989252,112.20205327743788,109.57579643458563,110.97547912597656,10837200,0.0,0.0,0.0,XLK
2024-07-19 00:00:00-04:00,110.38692506089953,111.06450715095966,108.99713615221742,109.2394790649414,8472800,0.0,0.0,0.0,XLK
2024-07-22 00:00:00-04:00,110.68367662513394,111.95476947169547,110.21382025010085,111.82617950439453,10601600,0.0,0.0,0.0,XLK
2024-07-23 00:00:00-04:00,111.36126231189834,112.38505395176611,111.23266480238297,111.38104248046875,5530800,0.0,0.0,0.0,XLK
2024-07-24 00:00:00-04:00,109.92695335200438,110.27317044518347,106.5143045355993,106.77149200439453,14300800,0.0,0.0,0.0,XLK
2024-07-25 00:00:00-04:00,106.65774029847681,108.25031188984624,104.09083874158772,105.6290054321289,21158000,0.0,0.0,0.0,XLK
2024-07-26 00:00:00-04:00,107.05340112548284,107.82001281772153,106.06422669596246,106.96932220458984,11697800,0.0,0.0,0.0,XLK
2024-07-29 00:00:00-04:00,107.82001992458196,108.28493314458919,106.1829373433072,106.4945297241211,7343800,0.0,0.0,0.0,XLK
2024-07-30 00:00:00-04:00,106.89018419279208,106.99405082630192,103.02251617898007,103.81880187988281,10694600,0.0,0.0,0.0,XLK
2024-07-31 00:00:00-04:00,107.02371845152116,108.60639590149754,106.27194383273186,108.2156753540039,14614000,0.0,0.0,0.0,XLK
2024-08-01 00:00:00-04:00,107.91892574937543,109.17023076416751,103.07196967019102,104.17984771728516,16991400,0.0,0.0,0.0,XLK
2024-08-02 00:00:00-04:00,101.4101560693538,102.2460096440339,99.53567390375902,101.25189208984375,18621600,0.0,0.0,0.0,XLK
2024-08-05 00:00:00-04:00,94.91622707429804,99.7681260795693,94.34250413699016,97.87879943847656,31430000,0.0,0.0,0.0,XLK
2024-08-06 00:00:00-04:00,99.13010801186951,101.2172665814715,98.07664241685171,99.20924377441406,24575800,0.0,0.0,0.0,XLK
2024-08-07 00:00:00-04:00,101.61294763287967,102.10753487621012,97.46831166559618,97.60184478759766,17653600,0.0,0.0,0.0,XLK
2024-08-08 00:00:00-04:00,99.36751538749934,101.49918499536973,97.92826483550272,101.2469482421875,14477200,0.0,0.0,0.0,XLK
2024-08-09 00:00:00-04:00,101.18759043309109,102.28557458824241,100.57430715324907,101.70196533203125,9535600,0.0,0.0,0.0,XLK
2024-08-12 00:00:00-04:00,102.01850767438158,103.32421762936592,101.54370062402272,102.53287506103516,8580200,0.0,0.0,0.0,XLK
2024-08-13 00:00:00-04:00,103.80396246077004,105.71801248231543,103.67536496066305,105.68338775634766,9999600,0.0,0.0,0.0,XLK
2024-08-14 00:00:00-04:00,106.3362547681495,106.80116797322884,104.832712905044,106.26206970214844,8922400,0.0,0.0,0.0,XLK
2024-08-15 00:00:00-04:00,107.637017638627,109.42742093568279,107.40456104464658,109.31861114501953,9518800,0.0,0.0,0.0,XLK
2024-08-16 00:00:00-04:00,108.7399487879507,109.71428623567547,108.4431934309616,109.5016098022461,6706400,0.0,0.0,0.0,XLK
2024-08-19 00:00:00-04:00,109.2444264670587,111.31179740334828,108.79929344546576,111.30685424804688,13004200,0.0,0.0,0.0,XLK
2024-08-20 00:00:00-04:00,111.01504591368067,111.68273410368154,110.26327125873578,110.91612243652344,7221600,0.0,0.0,0.0,XLK
2024-08-21 00:00:00-04:00,110.98536814668662,111.95476240972246,110.63421544986794,111.56898498535156,7538800,0.0,0.0,0.0,XLK
2024-08-22 00:00:00-04:00,112.19216119880134,112.45429181704324,108.77456175752421,109.0020751953125,9083600,0.0,0.0,0.0,XLK
2024-08-23 00:00:00-04:00,110.0852284265135,111.25245461098652,109.35324142680061,110.76776123046875,10681000,0.0,0.0,0.0,XLK
2024-08-26 00:00:00-04:00,110.6688331454947,111.08429214404408,108.81908178075206,109.37796020507812,6268800,0.0,0.0,0.0,XLK
2024-08-27 00:00:00-04:00,108.70037579708418,110.27316704035205,108.1662207076801,110.04071044921875,7656000,0.0,0.0,0.0,XLK
2024-08-28 00:00:00-04:00,109.89727543446452,110.10995185693758,107.61228496249029,108.52232360839844,9002200,0.0,0.0,0.0,XLK
2024-08-29 00:00:00-04:00,108.55199193916789,110.08027205792234,107.26606980178535,107.54303741455078,13314800,0.0,0.0,0.0,XLK
2024-08-30 00:00:00-04:00,108.71521700919116,109.39279909426838,107.54304769779722,108.97240447998047,10048400,0.0,0.0,0.0,XLK
2024-09-03 00:00:00-04:00,107.82001721359175,107.89915298241226,103.37367525476958,103.9671859741211,14765800,0.0,0.0,0.0,XLK
2024-09-04 00:00:00-04:00,102.9137043026126,104.88215922295703,102.58727494311984,103.7000961303711,12330000,0.0,0.0,0.0,XLK
2024-09-05 00:00:00-04:00,102.95328717455946,104.82776959343113,102.8593143864646,103.5418472290039,8874800,0.0,0.0,0.0,XLK
2024-09-06 00:00:00-04:00,103.45775009624758,103.70504370395079,100.39131087008825,100.8562240600586,12441000,0.0,0.0,0.0,XLK
2024-09-09 00:00:00-04:00,102.10752613863706,102.62190105389384,101.16286277348031,102.50814056396484,10922000,0.0,0.0,0.0,XLK
2024-09-10 00:00:00-04:00,103.21539926704843,104.26392166824078,102.23116806709807,104.0413589477539,10123000,0.0,0.0,0.0,XLK
2024-09-11 00:00:00-04:00,104.3974770187788,107.75572110584335,102.74555742477185,107.5925064086914,12768800,0.0,0.0,0.0,XLK
2024-09-12 00:00:00-04:00,107.51337085637206,108.94272760112632,106.75665302366698,108.48275756835938,10604200,0.0,0.0,0.0,XLK
2024-09-13 00:00:00-04:00,108.61630138773523,109.29883417700496,108.1761190569111,109.02680969238281,8047400,0.0,0.0,0.0,XLK
2024-09-16 00:00:00-04:00,108.24041061702763,108.95756054023548,107.60733961133228,108.6113510131836,6897800,0.0,0.0,0.0,XLK
2024-09-17 00:00:00-04:00,109.69944074172147,109.86759857584076,107.8496819260044,108.39867401123047,6990000,0.0,0.0,0.0,XLK
2024-09-18 00:00:00-04:00,108.67069897738358,109.43235993630753,107.30564103743606,107.40950012207031,12741600,0.0,0.0,0.0,XLK
2024-09-19 00:00:00-04:00,110.4264854960904,111.28706238820654,109.82308851250463,110.5995864868164,13934000,0.0,0.0,0.0,XLK
2024-09-20 00:00:00-04:00,110.16436010603721,110.55508068926696,109.07626218453245,110.06049346923828,14492800,0.0,0.0,0.0,XLK
2024-09-23 00:00:00-04:00,110.15909325971005,110.30277786002803,109.70325660583092,110.04017639160156,7490600,0.1995,0.0,0.0,XLK
2024-09-24 00:00:00-04:00,110.50096803079484,111.01625931705456,109.31182208038723,110.79329681396484,7025800,0.0,0.0,0.0,XLK
2024-09-25 00:00:00-04:00,110.57529040498436,111.59596894665205,110.52574738045509,111.11040496826172,6111600,0.0,0.0,0.0,XLK
2024-09-26 00:00:00-04:00,113.28057729529709,113.40444618266531,111.39776869522879,112.58195495605469,9244800,0.0,0.0,0.0,XLK
2024-09-27 00:00:00-04:00,112.74052465464426,112.77521157867947,111.11536514793939,111.53157043457031,6093800,0.0,0.0,0.0,XLK
2024-09-30 00:00:00-04:00,111.04599419436425,111.92794019837173,110.4910639159842,111.85857391357422,5500400,0.0,0.0,0.0,XLK
2024-10-01 00:00:00-04:00,111.52660143391964,111.59101568149077,108.48438154021146,109.13345336914062,11295400,0.0,0.0,0.0,XLK
2024-10-02 00:00:00-04:00,109.15823342291837,110.44151347352422,108.53888889343392,109.94108581542969,4532400,0.0,0.0,0.0,XLK
2024-10-03 00:00:00-04:00,109.61902647561148,111.20454691261072,109.60416281216757,110.39691925048828,5784800,0.0,0.0,0.0,XLK
2024-10-04 00:00:00-04:00,111.82388905054427,111.90316696080103,110.45141952560984,111.62569427490234,5009200,0.0,0.0,0.0,XLK
2024-10-07 00:00:00-04:00,111.12526528539527,111.86352663997772,110.58023910948104,110.85771179199219,4430400,0.0,0.0,0.0,XLK
2024-10-08 00:00:00-04:00,111.65543407723865,113.11708564529411,111.4027366722147,112.92880249023438,7864800,0.0,0.0,0.0,XLK
2024-10-09 00:00:00-04:00,113.01798600384349,114.35080900086515,112.66619500558257,114.1922607421875,7579800,0.0,0.0,0.0,XLK
2024-10-10 00:00:00-04:00,113.42923485839404,114.45982509885557,113.11213075058728,114.16254425048828,5692200,0.0,0.0,0.0,XLK
2024-10-11 00:00:00-04:00,113.89002508100619,114.61837483933925,113.72156518651826,114.36072540283203,8849000,0.0,0.0,0.0,XLK
2024-10-14 00:00:00-04:00,115.08907513624261,116.0899379944764,115.03457251623092,115.85211181640625,9810200,0.0,0.0,0.0,XLK
2024-10-15 00:00:00-04:00,115.94128495449186,116.22370966219867,112.8842015533193,113.30535125732422,14179400,0.0,0.0,0.0,XLK
2024-10-16 00:00:00-04:00,113.662102302943,113.83056975679756,112.43332490279361,113.65715026855469,5758800,0.0,0.0,0.0,XLK
2024-10-17 00:00:00-04:00,115.24267929485562,115.30709354848914,114.00399017333984,114.00399017333984,6051200,0.0,0.0,0.0,XLK
2024-10-18 00:00:00-04:00,114.59856155861509,114.83143572259475,114.16750015567162,114.41028594970703,4537000,0.0,0.0,0.0,XLK
2024-10-21 00:00:00-04:00,114.0535387594388,114.96026008770833,113.84543989792161,114.94539642333984,6322400,0.0,0.0,0.0,XLK
2024-10-22 00:00:00-04:00,114.33595345621404,115.21789947123605,114.00894528686068,114.82647705078125,6169200,0.0,0.0,0.0,XLK
2024-10-23 00:00:00-04:00,114.40036905507995,114.57378855146162,112.2153196903902,113.1814956665039,6083600,0.0,0.0,0.0,XLK
2024-10-24 00:00:00-04:00,113.64227918085403,113.79587540079363,112.8396111616304,113.51345825195312,4832800,0.0,0.0,0.0,XLK
2024-10-25 00:00:00-04:00,114.15758337181995,115.38636839106773,113.93958044294521,114.10308074951172,8314800,0.0,0.0,0.0,XLK
2024-10-28 00:00:00-04:00,114.92062387721074,114.92062387721074,114.04362985670785,114.06840515136719,5899200,0.0,0.0,0.0,XLK
2024-10-29 00:00:00-04:00,114.28641075485947,115.93634551180091,113.8603014101807,115.60437774658203,7451600,0.0,0.0,0.0,XLK
2024-10-30 00:00:00-04:00,114.54901913768781,114.85621162782147,113.69184836209506,113.76616668701172,8341200,0.0,0.0,0.0,XLK
2024-10-31 00:00:00-04:00,112.51755411809945,112.51755411809945,110.07486299720266,110.114501953125,12110200,0.0,0.0,0.0,XLK
2024-11-01 00:00:00-04:00,110.23341386871694,111.76939131552919,110.0847696705806,110.94194793701172,11565800,0.0,0.0,0.0,XLK
2024-11-04 00:00:00-05:00,111.04598737610637,111.65542779836252,110.38700393081282,110.85771179199219,6311800,0.0,0.0,0.0,XLK
2024-11-05 00:00:00-05:00,111.19958374550181,112.50764656940599,111.19958374550181,112.41845703125,7273000,0.0,0.0,0.0,XLK
2024-11-06 00:00:00-05:00,114.58864960265599,115.8322906963344,114.24677021266761,115.6192398071289,10967800,0.0,0.0,0.0,XLK
2024-11-07 00:00:00-05:00,116.42191229903693,117.76960665118757,116.36740967595884,117.63582611083984,10463000,0.0,0.0,0.0,XLK
2024-11-08 00:00:00-05:00,117.48717289680869,117.89346652139115,117.08088683258396,117.50699615478516,7236400,0.0,0.0,0.0,XLK
2024-11-11 00:00:00-05:00,117.49214126057576,117.56645958263996,116.15931057559692,116.8579330444336,7267200,0.0,0.0,0.0,XLK
2024-11-12 00:00:00-05:00,116.77864673444135,117.15520547310051,116.08497635014363,117.00656127929688,7530800,0.0,0.0,0.0,XLK
2024-11-13 00:00:00-05:00,116.75881375218657,117.46239570690231,116.23857045773879,116.60026550292969,6329600,0.0,0.0,0.0,XLK
2024-11-14 00:00:00-05:00,116.78855305909742,116.99169230236643,116.0156047984962,116.20388793945312,6602000,0.0,0.0,0.0,XLK
2024-11-15 00:00:00-05:00,114.76702415810132,114.91566080083766,112.94366988350072,113.32023620605469,11229800,0.0,0.0,0.0,XLK
2024-11-18 00:00:00-05:00,113.3202348907381,114.16749398593386,112.82971129432708,113.68688201904297,6166800,0.0,0.0,0.0,XLK
2024-11-19 00:00:00-05:00,112.97339497515898,114.71251926432136,112.97339497515898,114.61837768554688,6906800,0.0,0.0,0.0,XLK
2024-11-20 00:00:00-05:00,114.7174666986629,114.75710565447095,112.99321370298091,114.51927947998047,8874400,0.0,0.0,0.0,XLK
2024-11-21 00:00:00-05:00,115.62913690863354,116.22371366949422,113.86029297011,115.68363952636719,10591800,0.0,0.0,0.0,XLK
2024-11-22 00:00:00-05:00,115.47554196990592,116.01065652442391,115.0593442809556,115.74310302734375,7090800,0.0,0.0,0.0,XLK
2024-11-25 00:00:00-05:00,116.6151455395151,116.81829236397392,115.21294858782534,115.73815155029297,11137200,0.0,0.0,0.0,XLK
2024-11-26 00:00:00-05:00,116.26335321340692,116.67955848725497,115.82238020641822,116.31785583496094,6229400,0.0,0.0,0.0,XLK
2024-11-27 00:00:00-05:00,115.53003761727877,115.599403894585,113.72650684695961,114.74223327636719,6369400,0.0,0.0,0.0,XLK
2024-11-29 00:00:00-05:00,115.00979435408452,116.05029614276378,114.89583708248786,115.80751037597656,4168400,0.0,0.0,0.0,XLK
2024-12-02 00:00:00-05:00,115.89174417286671,117.3434916668319,115.86201684540633,116.907470703125,9398200,0.0,0.0,0.0,XLK
2024-12-03 00:00:00-05:00,116.41200318702957,117.35836349896307,116.18408862039794,117.3286361694336,5576000,0.0,0.0,0.0,XLK
2024-12-04 00:00:00-05:00,118.79523043848636,119.53349182474939,118.44839902091098,119.47403717041016,10840000,0.0,0.0,0.0,XLK
2024-12-05 00:00:00-05:00,119.28575795653201,119.42449052814294,118.7060523765096,118.86956024169922,5638000,0.0,0.0,0.0,XLK
2024-12-06 00:00:00-05:00,119.07765531220149,119.84564402656859,118.94883437419043,119.3303451538086,6654200,0.0,0.0,0.0,XLK
2024-12-09 00:00:00-05:00,118.88441984100379,119.31052917077061,118.25021166093568,118.55245208740234,8032400,0.0,0.0,0.0,XLK
2024-12-10 00:00:00-05:00,118.15111934450952,118.47317547247432,116.53586398915427,116.907470703125,11234400,0.0,0.0,0.0,XLK
2024-12-11 00:00:00-05:00,117.83401620866024,118.97856368733481,117.42772256911172,118.60199737548828,8689600,0.0,0.0,0.0,XLK
2024-12-12 00:00:00-05:00,117.84391537175831,118.37407789489954,117.55653861533938,117.93805694580078,7218200,0.0,0.0,0.0,XLK
2024-12-13 00:00:00-05:00,119.00331025251809,119.46905846462582,117.50201998774503,118.44342803955078,8677000,0.0,0.0,0.0,XLK
2024-12-16 00:00:00-05:00,118.59704196805926,119.73167778511116,118.34435212942093,119.62763214111328,9442600,0.0,0.0,0.0,XLK
2024-12-17 00:00:00-05:00,118.78036693623017,119.36998412708805,118.32453027817516,118.90423583984375,8145000,0.0,0.0,0.0,XLK
2024-12-18 00:00:00-05:00,119.30557010698732,119.632585827641,114.80169857743518,115.06925964355469,16927200,0.0,0.0,0.0,XLK
2024-12-19 00:00:00-05:00,116.23859206037984,116.61515083765988,115.04449391350961,115.1931381225586,13383400,0.0,0.0,0.0,XLK
2024-12-20 00:00:00-05:00,114.41027643388111,117.85383045688724,114.05353338513075,116.91242980957031,14924800,0.0,0.0,0.0,XLK
2024-12-23 00:00:00-05:00,117.24790679570184,118.20077776442318,116.62258735231306,118.15115356445312,7973400,0.193,0.0,0.0,XLK
2024-12-24 00:00:00-05:00,118.57300140663776,119.3769846846436,118.39433761455359,119.37202453613281,4653400,0.0,0.0,0.0,XLK
2024-12-26 00:00:00-05:00,118.98987999370381,119.88816666730192,118.60774409767268,119.45143127441406,7150800,0.0,0.0,0.0,XLK
2024-12-27 00:00:00-05:00,118.64744686421193,118.80129476538929,116.7019933542559,117.86331176757812,8726400,0.0,0.0,0.0,XLK
2024-12-30 00:00:00-05:00,116.146149525644,117.29257230581639,115.42653424879616,116.36451721191406,7950400,0.0,0.0,0.0,XLK
2024-12-31 00:00:00-05:00,116.68214170053795,116.76154950933547,115.01957572778764,115.39675903320312,9381200,0.0,0.0,0.0,XLK
2025-01-02 00:00:00-05:00,116.3099289062225,116.63748044581058,114.03693144089986,115.1238021850586,12766600,0.0,0.0,0.0,XLK
2025-01-03 00:00:00-05:00,115.82853238539688,117.12384298573369,115.6002368170606,116.99977111816406,9117600,0.0,0.0,0.0,XLK
2025-01-06 00:00:00-05:00,118.3347919192126,119.63506273722656,118.02212837302754,118.48863983154297,8975400,0.0,0.0,0.0,XLK
2025-01-07 00:00:00-05:00,119.10898483467112,119.10898483467112,115.70445271523697,116.11141204833984,10006800,0.0,0.0,0.0,XLK
2025-01-08 00:00:00-05:00,116.37941211778,116.39926028464053,114.95506949722913,116.07171630859375,10023800,0.0,0.0,0.0,XLK
2025-01-10 00:00:00-05:00,114.85084034490566,114.87069608356961,112.87065070055117,113.54064178466797,11665800,0.0,0.0,0.0,XLK
2025-01-13 00:00:00-05:00,111.71430527872832,112.81606399647232,111.39171390050866,112.73665618896484,10656000,0.0,0.0,0.0,XLK
2025-01-14 00:00:00-05:00,113.61011907201082,113.92278258033154,112.13614477956357,113.034423828125,7220200,0.0,0.0,0.0,XLK
2025-01-15 00:00:00-05:00,114.57788834713413,115.6200950866231,114.20071258765755,115.2826156616211,10465400,0.0,0.0,0.0,XLK
2025-01-16 00:00:00-05:00,116.22059076276977,116.29503842350499,114.36944070488514,114.39425659179688,5368400,0.0,0.0,0.0,XLK
2025-01-17 00:00:00-05:00,116.45881165537914,116.59777153176618,115.6746765970549,116.18585205078125,6742600,0.0,0.0,0.0,XLK
2025-01-21 00:00:00-05:00,116.57296243315668,117.44146549751922,115.76401144135751,117.15361785888672,6744200,0.0,0.0,0.0,XLK
2025-01-22 00:00:00-05:00,118.73677327717563,120.07674788738461,118.56803736040577,119.798828125,10243800,0.0,0.0,0.0,XLK
2025-01-23 00:00:00-05:00,118.87573502150194,120.0370458637012,118.76159102575048,120.01223754882812,7604400,0.0,0.0,0.0,XLK
2025-01-24 00:00:00-05:00,120.3894190247314,120.3894190247314,118.37945319585369,118.7615966796875,6607600,0.0,0.0,0.0,XLK
2025-01-27 00:00:00-05:00,113.44139503712998,114.63248198050579,111.89794064488895,112.94014739990234,20705600,0.0,0.0,0.0,XLK
2025-01-28 00:00:00-05:00,113.70442452885644,116.2106778104216,112.50340973933275,115.95260620117188,11260600,0.0,0.0,0.0,XLK
2025-01-29 00:00:00-05:00,115.72431407223648,115.77890599941851,113.89301958275831,115.0096664428711,9050000,0.0,0.0,0.0,XLK
2025-01-30 00:00:00-05:00,114.80617335020078,115.62008444142062,114.01707814530224,115.22305297851562,8840200,0.0,0.0,0.0,XLK
2025-01-31 00:00:00-05:00,116.2950449953322,116.98984443165118,114.24041515050793,114.54811096191406,10741800,0.0,0.0,0.0,XLK
2025-02-03 00:00:00-05:00,112.0120714412272,113.69448552608914,111.41652803975086,113.00464630126953,13752800,0.0,0.0,0.0,XLK
2025-02-04 00:00:00-05:00,113.39175814131235,114.81114059735772,113.35205423529236,114.63247680664062,8371200,0.0,0.0,0.0,XLK
2025-02-05 00:00:00-05:00,114.73670818073401,116.25038656822647,114.37442042659526,116.22557067871094,5398000,0.0,0.0,0.0,XLK
2025-02-06 00:00:00-05:00,116.22555870909912,116.78139822782131,115.70941552221811,116.54318237304688,6808000,0.0,0.0,0.0,XLK
2025-02-07 00:00:00-05:00,117.01465326505755,117.57546050161156,115.15853549316097,115.54564666748047,8552800,0.0,0.0,0.0,XLK
2025-02-10 00:00:00-05:00,116.45882494896152,117.52584003003406,116.42408118952616,117.2330322265625,6054200,0.0,0.0,0.0,XLK
2025-02-11 00:00:00-05:00,116.58289323464366,117.75909213382347,116.50348542073175,117.2876205444336,6456200,0.0,0.0,0.0,XLK
2025-02-12 00:00:00-05:00,115.63497353555876,117.1734676288639,115.50594152732972,117.03450775146484,8555600,0.0,0.0,0.0,XLK
2025-02-13 00:00:00-05:00,117.24294971153124,118.76654824257,117.07917394458487,118.69210815429688,7829600,0.0,0.0,0.0,XLK
2025-02-14 00:00:00-05:00,118.59286854432229,119.19337219991372,118.37450082492666,119.0941162109375,4557000,0.0,0.0,0.0,XLK
2025-02-18 00:00:00-05:00,119.70949008163748,120.19584962543969,119.15364303026145,120.18096160888672,6024000,0.0,0.0,0.0,XLK
2025-02-19 00:00:00-05:00,120.04697504719553,120.66733438072578,119.20824801662332,120.1908950805664,5604200,0.0,0.0,0.0,XLK
2025-02-20 00:00:00-05:00,120.07674585569431,120.23556147308156,118.54321946743282,119.80875396728516,5987400,0.0,0.0,0.0,XLK
2025-02-21 00:00:00-05:00,119.84349449225402,119.89312626767193,116.50348198531228,116.56303405761719,9057600,0.0,0.0,0.0,XLK
2025-02-24 00:00:00-05:00,117.01465739950177,117.34220894248246,114.75158778026372,114.8955078125,7447600,0.0,0.0,0.0,XLK
2025-02-25 00:00:00-05:00,114.65234083451062,114.7565569691946,112.63244706641538,113.40665435791016,10433600,0.0,0.0,0.0,XLK
2025-02-26 00:00:00-05:00,114.51833078458712,115.72430567104104,113.76397172903927,114.64240264892578,7630600,0.0,0.0,0.0,XLK
2025-02-27 00:00:00-05:00,115.26772693404891,115.38683865497806,110.41900372552648,110.4686279296875,10100000,0.0,0.0,0.0,XLK
2025-02-28 00:00:00-05:00,109.97233766113467,112.04185548351099,109.03435465426273,111.9277114868164,14172200,0.0,0.0,0.0,XLK
2025-03-03 00:00:00-05:00,112.50340565496354,112.73169364610179,107.7191948376932,108.52317810058594,12516200,0.0,0.0,0.0,XLK
2025-03-04 00:00:00-05:00,107.71919693850467,110.35448219404434,106.3345506556899,108.43881225585938,17721000,0.0,0.0,0.0,XLK
2025-03-05 00:00:00-05:00,108.77627574050564,110.31972995735636,107.31719705113375,109.96240997314453,11931000,0.0,0.0,0.0,XLK
2025-03-06 00:00:00-05:00,107.70431079812344,109.40657321594108,106.39411215665363,106.91024780273438,16432000,0.0,0.0,0.0,XLK
2025-03-07 00:00:00-05:00,106.7861700228785,108.73161592388972,105.5256032281668,108.45865631103516,11263400,0.0,0.0,0.0,XLK
2025-03-10 00:00:00-04:00,106.31470928071657,106.51322125241143,102.77121681946451,103.84815979003906,21561800,0.0,0.0,0.0,XLK
2025-03-11 00:00:00-04:00,103.53053901798799,105.16828933537397,102.37914834592388,103.42631530761719,14832800,0.0,0.0,0.0,XLK
2025-03-12 00:00:00-04:00,105.27249061266409,105.96729758064815,103.79851629235856,105.05412292480469,10981600,0.0,0.0,0.0,XLK
2025-03-13 00:00:00-04:00,104.75140900933913,104.98465717353464,102.65707509854923,103.05906677246094,12383000,0.0,0.0,0.0,XLK
2025-03-14 00:00:00-04:00,104.40896091215502,106.28492695282245,104.37421715415392,106.17574310302734,10040800,0.0,0.0,0.0,XLK
2025-03-17 00:00:00-04:00,106.0913754574703,107.6745337114699,105.78367207406474,106.91520690917969,10148800,0.0,0.0,0.0,XLK
2025-03-18 00:00:00-04:00,106.15588710819266,106.26507095772529,104.90028041131318,105.28738403320312,11486600,0.0,0.0,0.0,XLK
2025-03-19 00:00:00-04:00,105.82834346798532,107.90778161873459,105.38664791992818,106.65714263916016,8838600,0.0,0.0,0.0,XLK
2025-03-20 00:00:00-04:00,105.44619611775637,107.06409049407144,105.28738049731668,105.89781951904297,7145200,0.0,0.0,0.0,XLK
2025-03-21 00:00:00-04:00,104.5776948385524,106.3295889776148,104.19059122312333,106.1856689453125,10425400,0.0,0.0,0.0,XLK
2025-03-24 00:00:00-04:00,107.95306760493409,108.45519529022259,107.66969101772507,108.1966781616211,8200200,0.1875,0.0,0.0,XLK
2025-03-25 00:00:00-04:00,108.1270771949118,108.69880681778292,108.07238941990347,108.55463409423828,7481800,0.0,0.0,0.0,XLK
2025-03-26 00:00:00-04:00,108.22153426997971,108.48005899474157,105.71585701672808,106.13346862792969,7873000,0.0,0.0,0.0,XLK
2025-03-27 00:00:00-04:00,105.40762386742311,106.00421298360774,104.59725249619737,105.15406799316406,6577800,0.0,0.0,0.0,XLK
2025-03-28 00:00:00-04:00,104.60717931552608,105.02975972122606,102.25561285575924,102.60363006591797,10667600,0.0,0.0,0.0,XLK
2025-03-31 00:00:00-04:00,100.81386471686011,102.88701608190749,99.7946876206318,102.65335083007812,14219000,0.0,0.0,0.0,XLK
2025-04-01 00:00:00-04:00,102.24568700658106,103.4935529414462,101.41045622573917,103.40406799316406,9480200,0.0,0.0,0.0,XLK
2025-04-02 00:00:00-04:00,101.92750931581477,105.02977567758698,101.8479620793483,104.16969299316406,9292000,0.0,0.0,0.0,XLK
2025-04-03 00:00:00-04:00,99.17821950191886,99.77977744879703,96.98077834433285,97.06031799316406,19451400,0.0,0.0,0.0,XLK
2025-04-04 00:00:00-04:00,94.03261440312974,94.77835259737664,90.63205005801382,90.6668472290039,33804600,0.0,0.0,0.0,XLK
2025-04-07 00:00:00-04:00,86.96799855943846,95.3600428159806,85.7350466707376,91.20877075195312,44557800,0.0,0.0,0.0,XLK
2025-04-08 00:00:00-04:00,94.60435091684616,95.87210745717448,87.71870563701577,89.35435485839844,25811400,0.0,0.0,0.0,XLK
2025-04-09 00:00:00-04:00,89.53830173033865,101.90760735225567,89.42394974590117,101.35079193115234,36988800,0.0,0.0,0.0,XLK
2025-04-10 00:00:00-04:00,97.86571845120294,98.53687831823507,93.331624775544,96.63275909423828,19747600,0.0,0.0,0.0,XLK
2025-04-11 00:00:00-04:00,96.15051552591677,99.03403828226647,95.4296367333398,98.61145782470703,14423200,0.0,0.0,0.0,XLK
2025-04-14 00:00:00-04:00,101.66897412394229,101.73360719517285,98.43744193907371,99.51130676269531,11904400,0.0,0.0,0.0,XLK
2025-04-15 00:00:00-04:00,99.66543126226082,100.62992060627856,99.40690654655545,99.87423706054688,7200000,0.0,0.0,0.0,XLK
2025-04-16 00:00:00-04:00,97.19454869128207,98.22863994062428,94.7286376219212,96.40406799316406,13222400,0.0,0.0,0.0,XLK
2025-04-17 00:00:00-04:00,97.095126011315,97.095126011315,95.4743832870684,95.8820571899414,7480800,0.0,0.0,0.0,XLK
2025-04-21 00:00:00-04:00,94.36571713261205,94.60435124900431,92.06884574548724,93.40620422363281,8973400,0.0,0.0,0.0,XLK
2025-04-22 00:00:00-04:00,94.64909814095222,96.23503598317672,94.09725154986535,95.68318939208984,9312800,0.0,0.0,0.0,XLK
2025-04-23 00:00:00-04:00,99.35222388307527,100.4012293718395,98.05463896650947,98.45733642578125,13413800,0.0,0.0,0.0,XLK
2025-04-24 00:00:00-04:00,99.42679479830586,102.27054384573688,99.2677003351571,102.13133239746094,9317000,0.0,0.0,0.0,XLK
2025-04-25 00:00:00-04:00,101.8230895912888,103.83658418872002,101.72365935144896,103.64269256591797,6518400,0.0,0.0,0.0,XLK
2025-04-28 00:00:00-04:00,103.50846813324932,104.02054112742252,101.92750667614183,103.47367095947266,5574400,0.0,0.0,0.0,XLK
2025-04-29 00:00:00-04:00,102.97651382842449,104.38844312532635,102.97651382842449,103.95591735839844,9144400,0.0,0.0,0.0,XLK
2025-04-30 00:00:00-04:00,101.91259407623244,104.77622628427233,101.32097383860672,104.38844299316406,10203800,0.0,0.0,0.0,XLK
2025-05-01 00:00:00-04:00,106.67039243147245,107.65974118851942,105.82522397665934,105.91968536376953,11532800,0.0,0.0,0.0,XLK
2025-05-02 00:00:00-04:00,107.13276731944053,108.19171055098899,106.844414265344,107.68958282470703,8125400,0.0,0.0,0.0,XLK
2025-05-05 00:00:00-04:00,106.7648575247973,107.88346487953906,106.71016975067937,107.11784362792969,6757000,0.0,0.0,0.0,XLK
2025-05-06 00:00:00-04:00,105.5269323783584,107.008471179731,105.2037821675991,106.2279281616211,7958200,0.0,0.0,0.0,XLK
2025-05-07 00:00:00-04:00,106.2279276229533,107.75917774880926,105.49710352683928,107.2918472290039,8169400,0.0,0.0,0.0,XLK
2025-05-08 00:00:00-04:00,108.35576024810487,109.34510900299797,107.3912709507195,108.31598663330078,8704400,0.0,0.0,0.0,XLK
2025-05-09 00:00:00-04:00,108.79823477948996,108.99710285990332,107.62493965619666,108.1817626953125,7330000,0.0,0.0,0.0,XLK
2025-05-12 00:00:00-04:00,112.77053061044919,113.24282994945537,111.63203271939135,113.20305633544922,13478200,0.0,0.0,0.0,XLK
2025-05-13 00:00:00-04:00,113.61073932263517,116.02693156894803,113.48147317021316,115.64908599853516,12757200,0.0,0.0,0.0,XLK
2025-05-14 00:00:00-04:00,116.19098974070226,116.85718073071429,115.71868279863858,116.39979553222656,10248000,0.0,0.0,0.0,XLK
2025-05-15 00:00:00-04:00,115.7684029649598,117.21513694976427,115.62919910243994,116.55888366699219,9536400,0.0,0.0,0.0,XLK
2025-05-16 00:00:00-04:00,116.936735768765,116.936735768765,115.7684094436181,116.77764129638672,8111600,0.0,0.0,0.0,XLK
2025-05-19 00:00:00-04:00,115.05249487456062,116.87209800267186,115.0127212580616,116.60860443115234,11863000,0.0,0.0,0.0,XLK
2025-05-20 00:00:00-04:00,115.88274378515901,116.19098740209776,115.29112359472711,116.17109680175781,10273200,0.0,0.0,0.0,XLK
2025-05-21 00:00:00-04:00,115.08232673262911,116.68815525578202,113.52622471418265,113.98857879638672,18643600,0.0,0.0,0.0,XLK
2025-05-22 00:00:00-04:00,114.0432691889065,115.0425557542373,113.76486144449845,114.0184097290039,11372000,0.0,0.0,0.0,XLK
2025-05-23 00:00:00-04:00,112.03474197800058,113.4963825216083,111.91045227426906,112.76058959960938,12004000,0.0,0.0,0.0,XLK
2025-05-27 00:00:00-04:00,114.51556138605883,115.59937156415388,114.13275455457662,115.44027709960938,14208400,0.0,0.0,0.0,XLK
2025-05-28 00:00:00-04:00,115.57947713048188,116.04183876494618,114.79396530643433,114.96300506591797,10789200,0.0,0.0,0.0,XLK
2025-05-29 00:00:00-04:00,116.70306271330443,116.8223759735815,114.56527829618979,115.15689849853516,14011800,0.0,0.0,0.0,XLK
2025-05-30 00:00:00-04:00,115.10221739281916,115.15690516896107,113.06386310321155,114.7989501953125,13494000,0.0,0.0,0.0,XLK
2025-06-02 00:00:00-04:00,114.49568062699899,115.88275043163439,114.35647676080052,115.81314849853516,12878800,0.0,0.0,0.0,XLK
2025-06-03 00:00:00-04:00,115.9672619414851,117.64269229911098,115.882745853635,117.5531997680664,14312400,0.0,0.0,0.0,XLK
2025-06-04 00:00:00-04:00,117.70235916791917,118.09511132633374,117.14554367668572,117.72721862792969,10899200,0.0,0.0,0.0,XLK
2025-06-05 00:00:00-04:00,118.07521677198912,119.10433914473326,116.88700752559897,117.39411163330078,15885200,0.0,0.0,0.0,XLK
2025-06-06 00:00:00-04:00,118.52763655791439,119.04965483815332,118.16470515595269,118.50277709960938,9026000,0.0,0.0,0.0,XLK
2025-06-09 00:00:00-04:00,118.96512892207463,119.82024268657877,118.87564397711188,119.0844497680664,11100600,0.0,0.0,0.0,XLK
2025-06-10 00:00:00-04:00,119.06456686565517,119.92961834527627,118.6171193822953,119.75064086914062,9831600,0.0,0.0,0.0,XLK
2025-06-11 00:00:00-04:00,120.0389833784062,120.52619684842412,118.87066482170724,119.48713684082031,9599600,0.0,0.0,0.0,XLK
2025-06-12 00:00:00-04:00,119.46229604464402,120.87423293595171,119.44241302861634,120.5958251953125,11210400,0.0,0.0,0.0,XLK
2025-06-13 00:00:00-04:00,119.1987936793147,120.10859521289139,118.4679696209669,118.90547180175781,13193800,0.0,0.0,0.0,XLK
2025-06-16 00:00:00-04:00,119.62138312025162,121.18743035753175,119.62138312025162,120.82947540283203,13866200,0.0,0.0,0.0,XLK
2025-06-17 00:00:00-04:00,120.32237487710024,121.1725121767547,119.69098107712934,119.974365234375,10525400,0.0,0.0,0.0,XLK
2025-06-18 00:00:00-04:00,120.26769469882291,120.87422907988413,119.50704229382744,120.11854553222656,11066000,0.0,0.0,0.0,XLK
2025-06-20 00:00:00-04:00,120.54610652022569,120.95377283097501,119.02480165862298,119.58658599853516,11490600,0.0,0.0,0.0,XLK
2025-06-23 00:00:00-04:00,119.70510860541036,121.05463774618897,118.89339420504022,120.95006561279297,12277000,0.199,0.0,0.0,XLK
2025-06-24 00:00:00-04:00,122.18008204552122,123.2706579859918,122.03566277944829,123.12126922607422,11329400,0.0,0.0,0.0,XLK
2025-06-25 00:00:00-04:00,123.75868569956015,124.35626353073995,123.64912887733882,124.17201232910156,9228600,0.0,0.0,0.0,XLK
2025-06-26 00:00:00-04:00,124.72974885428621,125.22773163963535,124.23674316128944,125.0285415649414,11288400,0.0,0.0,0.0,XLK
2025-06-27 00:00:00-04:00,125.36717141290227,125.84523825006184,124.3114502957187,124.879150390625,12196600,0.0,0.0,0.0,XLK
2025-06-30 00:00:00-04:00,125.97470659283788,126.44778872210779,125.36716698308433,126.10417938232422,13365200,0.0,0.0,0.0,XLK
2025-07-01 00:00:00-04:00,125.70081037700716,125.9647406382373,124.12220590184447,124.9787368774414,15144800,0.0,0.0,0.0,XLK
2025-07-02 00:00:00-04:00,124.66501029997676,126.38304941230058,124.5753770447701,126.29839324951172,11950200,0.0,0.0,0.0,XLK
2025-07-03 00:00:00-04:00,126.98562021195798,128.3451187934652,126.93581889007596,127.96166229248047,7112800,0.0,0.0,0.0,XLK
2025-07-07 00:00:00-04:00,127.46866136691278,127.80231653870582,126.378077789677,126.9457778930664,11560800,0.0,0.0,0.0,XLK
2025-07-08 00:00:00-04:00,127.61307473501653,127.8720203150303,127.10014547016324,127.62801361083984,15715200,0.0,0.0,0.0,XLK
2025-07-09 00:00:00-04:00,128.08119628699012,128.87795669659656,127.44377124235125,128.39491271972656,12933600,0.0,0.0,0.0,XLK
2025-07-10 00:00:00-04:00,128.7136157956504,128.8281573114286,127.29934645773922,127.97162628173828,9988600,0.0,0.0,0.0,XLK
2025-07-11 00:00:00-04:00,127.36407317472126,128.15587157047372,127.20472263627876,127.40889739990234,9239000,0.0,0.0,0.0,XLK
2025-07-14 00:00:00-04:00,127.09516942719469,127.618045282557,126.08924205463713,127.3043212890625,8125200,0.0,0.0,0.0,XLK
2025-07-15 00:00:00-04:00,128.78831697179385,129.09209440043819,128.3899367869681,128.43475341796875,15657000,0.0,0.0,0.0,XLK
2025-07-16 00:00:00-04:00,128.47956633919634,128.90782426565684,126.8909999427124,128.8331298828125,17782600,0.0,0.0,0.0,XLK
2025-07-17 00:00:00-04:00,128.98748315299986,130.20754693835661,128.73352229107442,130.0033721923828,11955000,0.0,0.0,0.0,XLK
2025-07-18 00:00:00-04:00,130.5013783450137,130.54619497574768,129.5701528906715,129.9187469482422,10281000,0.0,0.0,0.0,XLK
2025-07-21 00:00:00-04:00,130.063134956296,130.97445192698046,129.9137462056402,130.08804321289062,9246600,0.0,0.0,0.0,XLK
2025-07-22 00:00:00-04:00,129.98845705697423,130.07809031872873,127.95669380438962,128.8829345703125,13448800,0.0,0.0,0.0,XLK
2025-07-23 00:00:00-04:00,129.2165844821458,129.78926167186142,128.44968670265322,129.6199493408203,10091800,0.0,0.0,0.0,XLK
2025-07-24 00:00:00-04:00,129.93865682323255,130.42170077859598,129.4357044965768,130.16773986816406,12159600,0.0,0.0,0.0,XLK
2025-07-25 00:00:00-04:00,130.12786708722126,130.79516212753174,129.85895215546935,130.46649169921875,8002000,0.0,0.0,0.0,XLK
2025-07-28 00:00:00-04:00,130.96449426225658,131.54215614518654,130.6955944870188,131.50729370117188,11517600,0.0,0.0,0.0,XLK
2025-07-29 00:00:00-04:00,132.3638143489234,133.09584962960744,131.28818493796916,131.51226806640625,13739000,0.0,0.0,0.0,XLK
2025-07-30 00:00:00-04:00,131.65171784764425,132.25427281448682,130.77029371281355,131.80609130859375,13934600,0.0,0.0,0.0,XLK
2025-07-31 00:00:00-04:00,133.46437542671632,133.46437542671632,130.20257896017696,130.83999633789062,16414400,0.0,0.0,0.0,XLK
2025-08-01 00:00:00-04:00,129.41576407701504,129.46058070243222,127.37403169038467,128.0164337158203,19438000,0.0,0.0,0.0,XLK
2025-08-04 00:00:00-04:00,129.22155997513187,130.64081408317008,129.22155997513187,130.6159210205078,12377000,0.0,0.0,0.0,XLK
2025-08-05 00:00:00-04:00,131.09895154440267,131.21347785759264,129.23648561282468,129.5352783203125,11176000,0.0,0.0,0.0,XLK
2025-08-06 00:00:00-04:00,129.65977924970502,131.16369703245658,129.5751306841237,130.99436950683594,10167000,0.0,0.0,0.0,XLK
2025-08-07 00:00:00-04:00,132.45346650780243,132.66759545782764,130.02330808760166,131.1138916015625,10318000,0.0,0.0,0.0,XLK
2025-08-08 00:00:00-04:00,131.60690011714425,132.57298801147024,131.2632907528103,132.42359924316406,11015800,0.0,0.0,0.0,XLK
2025-08-11 00:00:00-04:00,132.33893611829154,132.9365215888747,131.22345945024807,131.5272216796875,9425400,0.0,0.0,0.0,XLK
2025-08-12 00:00:00-04:00,132.18455793488542,133.59882728768815,131.45252259833032,133.56396484375,11153800,0.0,0.0,0.0,XLK
2025-08-13 00:00:00-04:00,134.33583535958118,134.4802394192229,133.12572569244887,133.61375427246094,13990200,0.0,0.0,0.0,XLK
2025-08-14 00:00:00-04:00,132.93652516471667,133.78308687404626,132.62776303836446,133.324951171875,15484400,0.0,0.0,0.0,XLK
2025-08-15 00:00:00-04:00,133.14564858060027,133.14564858060027,131.78616536721734,132.31402587890625,13373200,0.0,0.0,0.0,XLK
2025-08-18 00:00:00-04:00,132.1496884087571,132.71739607482502,132.02020802234262,132.59786987304688,12233800,0.0,0.0,0.0,XLK
2025-08-19 00:00:00-04:00,132.54808792755674,132.57796567963524,130.03825037236078,130.28225708007812,17367000,0.0,0.0,0.0,XLK
2025-08-20 00:00:00-04:00,129.95357141715255,129.95357141715255,127.40390222300931,129.40081787109375,23064200,0.0,0.0,0.0,XLK
2025-08-21 00:00:00-04:00,129.0871127228289,129.6050191329779,128.37500090714292,128.9327392578125,15148600,0.0,0.0,0.0,XLK
2025-08-22 00:00:00-04:00,128.79328979799854,131.5321951087337,128.434741585795,130.68064880371094,13756000,0.0,0.0,0.0,XLK
2025-08-25 00:00:00-04:00,130.67566408649998,131.20352462141184,130.0282773493919,130.38682556152344,10691800,0.0,0.0,0.0,XLK
2025-08-26 00:00:00-04:00,130.49639214087162,131.15871780313202,130.30717143459827,130.9844207763672,11081000,0.0,0.0,0.0,XLK
2025-08-27 00:00:00-04:00,131.11388176866836,131.8409323243742,130.51131170253814,131.69154357910156,11538600,0.0,0.0,0.0,XLK
2025-08-28 00:00:00-04:00,131.85090626022006,133.01618423959312,131.19358048532249,132.7323455810547,12380600,0.0,0.0,0.0,XLK
2025-08-29 00:00:00-04:00,132.14970379912185,132.1746120594562,130.2175279486592,130.6956024169922,17481200,0.0,0.0,0.0,XLK
2025-09-02 00:00:00-04:00,128.38493469378074,129.4954417243744,127.62302167558232,129.37591552734375,18226000,0.0,0.0,0.0,XLK
2025-09-03 00:00:00-04:00,130.03823981638863,130.40674219359582,129.17672417544924,130.14779663085938,15636600,0.0,0.0,0.0,XLK
2025-09-04 00:00:00-04:00,129.61495962537558,130.8449777212629,129.08709908517085,130.7902069091797,24397400,0.0,0.0,0.0,XLK
2025-09-05 00:00:00-04:00,132.03018042290867,132.07998174168586,129.570144208159,130.89974975585938,38561800,0.0,0.0,0.0,XLK
2025-09-08 00:00:00-04:00,131.5869750419309,132.3588575286187,131.55709728861186,131.8807830810547,20556000,0.0,0.0,0.0,XLK
2025-09-09 00:00:00-04:00,132.17459749946434,132.27418493814076,131.19854029872698,132.13475036621094,19355000,0.0,0.0,0.0,XLK
2025-09-10 00:00:00-04:00,134.80891369581124,135.4363768597566,133.88764251625472,134.53004455566406,25957200,0.0,0.0,0.0,XLK
2025-09-11 00:00:00-04:00,135.3766259956991,135.56586188954515,134.76410168623363,134.98321533203125,23429200,0.0,0.0,0.0,XLK
2025-09-12 00:00:00-04:00,135.25214873338984,135.38161394375155,134.6047618926576,134.8936004638672,15612200,0.0,0.0,0.0,XLK
2025-09-15 00:00:00-04:00,135.10770758041207,136.13853558810263,134.94337994887502,136.10865783691406,16268000,0.0,0.0,0.0,XLK
2025-09-16 00:00:00-04:00,136.42239568418108,136.51701363303115,135.4712467017397,135.6355743408203,16081400,0.0,0.0,0.0,XLK
2025-09-17 00:00:00-04:00,135.5459216924294,135.7102493080019,133.76811968328278,135.16744995117188,18948600,0.0,0.0,0.0,XLK
2025-09-18 00:00:00-04:00,136.92037462573663,137.90637082685248,136.25804900247783,137.5030059814453,20882600,0.0,0.0,0.0,XLK
2025-09-19 00:00:00-04:00,138.05576206991356,139.02681930575193,137.60756544097407,138.89735412597656,15670800,0.0,0.0,0.0,XLK
2025-09-22 00:00:00-04:00,138.6919259529138,141.05540832419084,138.63708475007527,140.9407196044922,15771200,0.179,0.0,0.0,XLK
2025-09-23 00:00:00-04:00,140.74624592453688,140.97562335824992,139.1057879426562,139.7240753173828,16456400,0.0,0.0,0.0,XLK
2025-09-24 00:00:00-04:00,140.09805553625844,140.09805553625844,137.93403430505464,138.86146545410156,13471000,0.0,0.0,0.0,XLK
2025-09-25 00:00:00-04:00,137.5999469265506,138.96119268122297,136.74730617879965,138.6171417236328,21349600,0.0,0.0,0.0,XLK
2025-09-26 00:00:00-04:00,138.76671965095085,139.16063592505643,137.8093723929033,139.03598022460938,16534000,0.0,0.0,0.0,XLK
2025-09-29 00:00:00-04:00,139.83377182307547,140.57173900591735,139.45481364583782,139.77891540527344,16107400,0.0,0.0,0.0,XLK
2025-09-30 00:00:00-04:00,139.77893201535096,140.68145334208702,139.48474637002735,140.5418243408203,18215200,0.0,0.0,0.0,XLK
2025-10-01 00:00:00-04:00,139.8238079609821,142.01774516999686,139.78390961682632,141.9180145263672,17411200,0.0,0.0,0.0,XLK
2025-10-02 00:00:00-04:00,143.23936181385457,143.2692779635814,142.042670174502,142.68589782714844,17607800,0.0,0.0,0.0,XLK
2025-10-03 00:00:00-04:00,142.81554507198967,143.5435300789104,141.479224440674,141.96788024902344,17458000,0.0,0.0,0.0,XLK
2025-10-06 00:00:00-04:00,143.88258901616433,144.3213794997975,143.32912503119044,143.40391540527344,17945600,0.0,0.0,0.0,XLK
2025-10-07 00:00:00-04:00,144.14186282680706,144.35129108437607,141.6936384309428,142.44654846191406,15588400,0.0,0.0,0.0,XLK
2025-10-08 00:00:00-04:00,142.77564424714328,144.9496474692071,142.70085387388914,144.9446563720703,14037800,0.0,0.0,0.0,XLK
2025-10-09 00:00:00-04:00,144.87982953314557,145.0094763215446,143.94740739629825,144.70033264160156,11989400,0.0,0.0,0.0,XLK
2025-10-10 00:00:00-04:00,145.0045019301165,145.26877141761935,138.75675856699215,138.81161499023438,44574600,0.0,0.0,0.0,XLK
2025-10-13 00:00:00-04:00,141.9728655080126,142.66594323938756,141.16508384577273,142.1922607421875,22030400,0.0,0.0,0.0,XLK
2025-10-14 00:00:00-04:00,140.32741122484916,141.79835457441357,138.73680327241536,140.3673095703125,26956800,0.0,0.0,0.0,XLK
2025-10-15 00:00:00-04:00,142.33685763260797,142.8953127237461,140.01327360095402,141.75845336914062,20937600,0.0,0.0,0.0,XLK
2025-10-16 00:00:00-04:00,142.7806385433893,143.41388400680867,140.89584501135727,141.86317443847656,23166200,0.0,0.0,0.0,XLK
2025-10-17 00:00:00-04:00,141.02050265365082,142.5363049956705,140.12297249183274,142.11248779296875,25511600,0.0,0.0,0.0,XLK
2025-10-20 00:00:00-04:00,142.92524561097,144.31141637577593,142.8404730402391,143.69810485839844,13805200,0.0,0.0,0.0,XLK
2025-10-21 00:00:00-04:00,143.6083493642867,144.28646902983735,143.07981044356066,143.77288818359375,12503800,0.0,0.0,0.0,XLK
2025-10-22 00:00:00-04:00,143.7080765583527,144.02221136497153,140.5617678281963,142.35182189941406,20723200,0.0,0.0,0.0,XLK
2025-10-23 00:00:00-04:00,141.79336558056517,144.3762280758823,141.79336558056517,144.14686584472656,11923400,0.0,0.0,0.0,XLK
2025-10-24 00:00:00-04:00,145.8471752008232,146.87932809272857,145.63277103973007,146.38568115234375,14359600,0.0,0.0,0.0,XLK
2025-10-27 00:00:00-04:00,148.4400075329717,149.2178578515939,148.20066312079575,149.0882110595703,15167000,0.0,0.0,0.0,XLK
2025-10-28 00:00:00-04:00,149.81122262851326,151.15251914456422,149.29764176593034,150.5641326904297,15055200,0.0,0.0,0.0,XLK
2025-10-29 00:00:00-04:00,151.93038260596066,152.57359510151662,150.51927147364728,151.6461639404297,21506200,0.0,0.0,0.0,XLK
2025-10-30 00:00:00-04:00,150.78353252137396,151.56138287639087,149.73144571152486,149.78131103515625,19218600,0.0,0.0,0.0,XLK
2025-10-31 00:00:00-04:00,151.29214017131554,151.40183779852364,149.05830449760504,149.9259033203125,16303800,0.0,0.0,0.0,XLK
2025-11-03 00:00:00-05:00,151.36193968483562,151.69103256696573,149.71649049094563,150.53921508789062,13983600,0.0,0.0,0.0,XLK
2025-11-04 00:00:00-05:00,147.81673363140843,148.789038951385,146.32086524674284,146.565185546875,16722600,0.0,0.0,0.0,XLK
2025-11-05 00:00:00-05:00,146.3059040527272,148.330311339479,146.08151771310662,147.1385955810547,14447000,0.0,0.0,0.0,XLK
2025-11-06 00:00:00-05:00,146.90425431887317,147.06381727495236,143.43883481395181,144.18177795410156,24797400,0.0,0.0,0.0,XLK
2025-11-07 00:00:00-05:00,142.9501599223008,143.71804323146253,140.4121719062935,143.68313598632812,25547000,0.0,0.0,0.0,XLK
2025-11-10 00:00:00-05:00,146.25104329332112,147.63721398375284,145.49314216177345,147.3579864501953,18286400,0.0,0.0,0.0,XLK
2025-11-11 00:00:00-05:00,146.38567437745775,146.64994385179233,145.1291504042225,146.10147094726562,14871600,0.0,0.0,0.0,XLK
2025-11-12 00:00:00-05:00,147.32308972133688,147.32308972133688,145.6726494539403,146.5552215576172,13179200,0.0,0.0,0.0,XLK
2025-11-13 00:00:00-05:00,145.73746387560448,145.93690994198883,142.12244876163504,142.90029907226562,22385800,0.0,0.0,0.0,XLK
2025-11-14 00:00:00-05:00,140.26259228257777,144.97957508568928,139.75899358499476,143.67816162109375,27429600,0.0,0.0,0.0,XLK
2025-11-17 00:00:00-05:00,142.3318730444227,143.8875736222061,140.2875166834088,141.4293670654297,24675400,0.0,0.0,0.0,XLK
2025-11-18 00:00:00-05:00,140.20774914135697,140.93075830245866,137.8542488698203,139.13072204589844,36747600,0.0,0.0,0.0,XLK
2025-11-19 00:00:00-05:00,139.1406904780724,141.66871180285403,138.78168144250128,140.09805297851562,27668800,0.0,0.0,0.0,XLK
2025-11-20 00:00:00-05:00,143.32414237260866,143.85767243374664,135.38606050609613,135.7001953125,56551800,0.0,0.0,0.0,XLK
2025-11-21 00:00:00-05:00,135.92457815982038,138.03873395991354,133.3716318615735,136.2237548828125,44959000,0.0,0.0,0.0,XLK
2025-11-24 00:00:00-05:00,137.1412124975914,139.9634192342368,137.05643993034303,139.4697723388672,20124800,0.0,0.0,0.0,XLK
2025-11-25 00:00:00-05:00,138.2431750295127,140.20275903435572,136.27859992717174,139.84375,21303400,0.0,0.0,0.0,XLK
2025-11-26 00:00:00-05:00,141.49418492808203,142.10250534608906,140.40219979070247,141.49917602539062,13358800,0.0,0.0,0.0,XLK
2025-11-28 00:00:00-05:00,141.79834101367882,142.74073010467163,141.41439175492425,142.71580505371094,6792200,0.0,0.0,0.0,XLK
2025-12-01 00:00:00-05:00,141.32964549652863,143.20944794586072,140.89584610181814,142.7806396484375,12846600,0.0,0.0,0.0,XLK
2025-12-02 00:00:00-05:00,143.66819149377608,145.11419458748495,143.24935016284553,144.25157165527344,15719000,0.0,0.0,0.0,XLK
2025-12-03 00:00:00-05:00,143.55350696233901,144.69535748184774,142.8354888835595,144.5956268310547,11623200,0.0,0.0,0.0,XLK
2025-12-04 00:00:00-05:00,144.7900890701279,145.39341838898218,144.0969960837934,145.13414001464844,9995200,0.0,0.0,0.0,XLK
2025-12-05 00:00:00-05:00,145.8072723704483,146.90423329881978,145.28870044577224,146.19619750976562,6628000,0.0,2.0,0.0,XLK
2025-12-08 00:00:00-05:00,147.0238968807274,147.97129227990618,146.5153071533462,147.22335815429688,8272800,0.0,0.0,0.0,XLK
2025-12-09 00:00:00-05:00,146.93416973593665,147.8416669252407,146.5552267380957,147.6123046875,6978200,0.0,0.0,0.0,XLK
2025-12-10 00:00:00-05:00,147.28319907259763,148.80898356082943,146.41560030545867,148.32032775878906,8961100,0.0,0.0,0.0,XLK
2025-12-11 00:00:00-05:00,146.65494177798143,147.72200191969532,144.71031581810576,147.56243896484375,9769300,0.0,0.0,0.0,XLK
2025-12-12 00:00:00-05:00,146.53526810900132,146.674881881673,142.86539645815157,143.29421997070312,14873200,0.0,0.0,0.0,XLK
2025-12-15 00:00:00-05:00,144.02220631909375,144.23163458842245,141.62882298917785,141.90805053710938,10790300,0.0,0.0,0.0,XLK
2025-12-16 00:00:00-05:00,141.51912433859943,142.57620222192057,140.91080392428591,142.16732788085938,10790900,0.0,0.0,0.0,XLK
2025-12-17 00:00:00-05:00,142.32688727384635,142.44655187145904,138.93625846290362,139.0060577392578,18178700,0.0,0.0,0.0,XLK
2025-12-18 00:00:00-05:00,141.46925711190212,142.0277121961957,140.40219704838714,141.15013122558594,12319500,0.0,0.0,0.0,XLK
2025-12-19 00:00:00-05:00,142.19724777798768,144.22165514752476,142.17731382186918,144.20172119140625,14265900,0.0,0.0,0.0,XLK
2025-12-22 00:00:00-05:00,145.8286716094758,145.8286716094758,144.47035991947462,144.979736328125,8864500,0.219,0.0,0.0,XLK
2025-12-23 00:00:00-05:00,144.56026419051742,145.79871457791484,144.1807312060748,145.7687530517578,7546100,0.0,0.0,0.0,XLK
2025-12-24 00:00:00-05:00,145.608955459036,146.31808050695474,145.49909144428355,146.1183319091797,3676300,0.0,0.0,0.0,XLK
2025-12-26 00:00:00-05:00,146.427940204449,146.79747586142955,146.0584045474684,146.34803771972656,5052900,0.0,0.0,0.0,XLK
2025-12-29 00:00:00-05:00,145.16951472567268,146.19823448267135,144.859886873121,145.68885803222656,9822300,0.0,0.0,0.0,XLK
2025-12-30 00:00:00-05:00,145.6688871915552,146.07836646460183,145.19946962601938,145.22943115234375,6387400,0.0,0.0,0.0,XLK
2025-12-31 00:00:00-05:00,145.52905867973948,145.6189432568747,143.72129360270367,143.7912139892578,9528400,0.0,0.0,0.0,XLK
2026-01-02 00:00:00-05:00,145.44915399889257,146.3380481411956,143.23190969070475,144.1208038330078,15299500,0.0,0.0,0.0,XLK
2026-01-05 00:00:00-05:00,145.828672392612,146.20820536739518,144.07086353016348,144.44039916992188,17476300,0.0,0.0,0.0,XLK
2026-01-06 00:00:00-05:00,145.02968127867382,146.58774159309948,144.45039970846727,146.46788024902344,14985700,0.0,0.0,0.0,XLK
2026-01-07 00:00:00-05:00,146.34803771972656,147.19698828504164,145.858640715742,146.34803771972656,13957100,0.0,0.0,0.0,XLK
2026-01-08 00:00:00-05:00,145.7487710582734,145.7487710582734,143.32179604318796,144.06088256835938,16870100,0.0,0.0,0.0,XLK
2026-01-09 00:00:00-05:00,144.39048130335047,146.39797981310886,143.85114333725124,145.968505859375,15652600,0.0,0.0,0.0,XLK
2026-01-12 00:00:00-05:00,145.00970779061413,147.107090899893,144.86988224999556,146.6077117919922,12867200,0.0,0.0,0.0,XLK
2026-01-13 00:00:00-05:00,146.66764659727207,147.33681275715918,145.66888840523026,146.298095703125,16552200,0.0,0.0,0.0,XLK
2026-01-14 00:00:00-05:00,145.31931906149694,145.74877777521488,143.1420334862146,144.5203094482422,22104200,0.0,0.0,0.0,XLK
2026-01-15 00:00:00-05:00,146.7475336890676,147.386753561557,145.1295502963904,145.2793731689453,17370900,0.0,0.0,0.0,XLK
2026-01-16 00:00:00-05:00,146.53780331639587,146.76751343366223,144.83991743602937,145.4391632080078,14156700,0.0,0.0,0.0,XLK
2026-01-20 00:00:00-05:00,142.91231192720883,143.92106749621226,141.43415400926787,141.6638641357422,20029200,0.0,0.0,0.0,XLK
2026-01-21 00:00:00-05:00,142.60268900478945,144.85987696224998,141.783715237507,143.63140869140625,27892800,0.0,0.0,0.0,XLK
2026-01-22 00:00:00-05:00,145.42917769769267,145.51906227540283,143.98098139961482,144.70008850097656,12971600,0.0,0.0,0.0,XLK
2026-01-23 00:00:00-05:00,144.35051841468595,145.64890709556093,143.57148825412904,144.90982055664062,14654500,0.0,0.0,0.0,XLK
2026-01-26 00:00:00-05:00,145.0896136116596,146.527827913847,144.710080604182,145.8986053466797,10195600,0.0,0.0,0.0,XLK
2026-01-27 00:00:00-05:00,147.23692737940604,148.43543413370244,146.8474123032637,147.86614990234375,12436200,0.0,0.0,0.0,XLK
2026-01-28 00:00:00-05:00,148.81496762197955,149.71384388080708,148.42545254450894,149.044677734375,19497400,0.0,0.0,0.0,XLK
2026-01-29 00:00:00-05:00,147.6564034507258,147.74628802801092,143.0920865615569,146.68760681152344,25581000,0.0,0.0,0.0,XLK
2026-01-30 00:00:00-05:00,145.85864592689722,146.56777097924348,142.81244550216584,143.7013397216797,18342600,0.0,0.0,0.0,XLK
2026-02-02 00:00:00-05:00,143.35175774971106,145.96849925698308,143.21193221664706,145.07960510253906,16337600,0.0,0.0,0.0,XLK
2026-02-03 00:00:00-05:00,145.69884859605725,145.7887331749552,139.99593266625234,141.903564453125,30464500,0.0,0.0,0.0,XLK
2026-02-04 00:00:00-05:00,140.6551123666255,140.83488151885172,135.940972670277,137.94847106933594,45649500,0.0,0.0,0.0,XLK
2026-02-05 00:00:00-05:00,137.0496002358206,138.3080300705752,134.91225831593167,135.46157836914062,42950900,0.0,0.0,0.0,XLK
2026-02-06 00:00:00-05:00,137.83860664396744,141.29431654470656,137.24934299367536,140.95474243164062,37131900,0.0,0.0,0.0,XLK
2026-02-09 00:00:00-05:00,140.42541196267712,143.85114534544047,139.7362663518413,143.1719970703125,24629500,0.0,0.0,0.0,XLK
2026-02-10 00:00:00-05:00,143.64141303331053,143.9709898314496,142.21318086873092,142.37298583984375,22564300,0.0,0.0,0.0,XLK
2026-02-11 00:00:00-05:00,144.33054617699005,144.5802357342237,141.1445202281554,142.79246520996094,18905700,0.0,0.0,0.0,XLK
2026-02-12 00:00:00-05:00,143.13203949134206,143.59147498263496,138.74749147159054,139.03713989257812,32154700,0.0,0.0,0.0,XLK
2026-02-13 00:00:00-05:00,139.38668823242188,140.73501786236181,137.758707533135,139.38668823242188,26637100,0.0,0.0,0.0,XLK
2026-02-17 00:00:00-05:00,138.46783995990447,140.27558991211552,136.84985650916815,139.30679321289062,25743800,0.0,0.0,0.0,XLK
2026-02-18 00:00:00-05:00,139.8860653378924,141.94350470745107,139.09705309766127,140.73501586914062,13705800,0.0,0.0,0.0,XLK
2026-02-19 00:00:00-05:00,139.9160273292818,140.53526775313293,139.1070356560184,140.035888671875,13484000,0.0,0.0,0.0,XLK
2026-02-20 00:00:00-05:00,139.02714113241998,141.57397764058925,138.7974310090475,140.70506286621094,14942400,0.0,0.0,0.0,XLK
2026-02-23 00:00:00-05:00,140.00591899479744,140.47533657413354,137.71876939236824,138.34799194335938,22021900,0.0,0.0,0.0,XLK
2026-02-24 00:00:00-05:00,139.0670913144166,140.76497713392723,138.01839220124117,140.145751953125,13030600,0.0,0.0,0.0,XLK
2026-02-25 00:00:00-05:00,141.18445261034518,143.16198947902393,141.03464498386947,142.8323974609375,13296000,0.0,0.0,0.0,XLK
2026-02-26 00:00:00-05:00,142.7624958442854,142.8324009917555,139.087057838879,140.8348846435547,19364900,0.0,0.0,0.0,XLK
2026-02-27 00:00:00-05:00,138.13823887725084,139.5964324985553,137.7687032342485,138.58767700195312,15328600,0.0,0.0,0.0,XLK
2026-03-02 00:00:00-05:00,136.85983684671464,139.7862063384836,136.3904192669423,139.36671447753906,20156700,0.0,0.0,0.0,XLK
2026-03-03 00:00:00-05:00,136.19067039830102,138.1582252951339,134.8223765246062,137.32925415039062,34153000,0.0,0.0,0.0,XLK
2026-03-04 00:00:00-05:00,138.35796532124675,140.45536353250006,137.8685683413303,139.6663360595703,15201400,0.0,0.0,0.0,XLK
2026-03-05 00:00:00-05:00,138.98719799519887,141.08458111997086,137.91851938127328,140.00592041015625,19422500,0.0,0.0,0.0,XLK
2026-03-06 00:00:00-05:00,137.64886270360807,139.6563612031227,136.62012773497798,137.1195068359375,19677200,0.0,0.0,0.0,XLK
2026-03-09 00:00:00-04:00,135.8011541541624,140.03589442350346,135.29179295670102,139.58644104003906,22760900,0.0,0.0,0.0,XLK
2026-03-10 00:00:00-04:00,139.66634352510295,141.214421788554,138.8473697229195,139.58644104003906,24338500,0.0,0.0,0.0,XLK
2026-03-11 00:00:00-04:00,140.40542284229562,141.41416308951173,139.34674163950964,140.25559997558594,14009200,0.0,0.0,0.0,XLK
2026-03-12 00:00:00-04:00,139.0970553577536,139.5764550147994,137.47905675048344,137.6688232421875,32372800,0.0,0.0,0.0,XLK
2026-03-13 00:00:00-04:00,138.27807191306223,139.53651701831845,136.35047587192162,136.630126953125,15701800,0.0,0.0,0.0,XLK
2026-03-16 00:00:00-04:00,138.54774296016697,139.90605476329964,138.34799436202653,138.607666015625,16626400,0.0,0.0,0.0,XLK
2026-03-17 00:00:00-04:00,139.2169068413738,140.09581894645243,138.75747135739883,139.36671447753906,12034600,0.0,0.0,0.0,XLK
2026-03-18 00:00:00-04:00,139.1369953883875,139.8960613356137,137.75870426513143,137.78868103027344,12634500,0.0,0.0,0.0,XLK
2026-03-19 00:00:00-04:00,135.83111210266853,138.99717369569254,135.2718099617967,138.25808715820312,18087900,0.0,0.0,0.0,XLK
2026-03-20 00:00:00-04:00,137.8086560914018,137.8086560914018,134.15321255763294,135.1219940185547,27251800,0.0,0.0,0.0,XLK
2026-03-23 00:00:00-04:00,137.5,139.1999969482422,136.22000122070312,136.9499969482422,21818500,0.168,0.0,0.0,XLK
2026-03-24 00:00:00-04:00,136.0500030517578,136.9199981689453,134.8699951171875,136.14999389648438,16843900,0.0,0.0,0.0,XLK
2026-03-25 00:00:00-04:00,137.2899932861328,138.0,136.27999877929688,136.75999450683594,13872400,0.0,0.0,0.0,XLK
2026-03-26 00:00:00-04:00,135.17999267578125,135.52000427246094,132.4199981689453,132.5,15434600,0.0,0.0,0.0,XLK
2026-03-27 00:00:00-04:00,131.52999877929688,132.0500030517578,129.5800018310547,129.9199981689453,15895200,0.0,0.0,0.0,XLK
2026-03-30 00:00:00-04:00,131.27000427246094,131.5500030517578,126.68000030517578,127.5,18830000,0.0,0.0,0.0,XLK
2026-03-31 00:00:00-04:00,129.14999389648438,133.22000122070312,128.97999572753906,132.89999389648438,19405300,0.0,0.0,0.0,XLK
2026-04-01 00:00:00-04:00,134.1199951171875,136.0500030517578,133.75999450683594,134.91000366210938,17050100,0.0,0.0,0.0,XLK
2026-04-02 00:00:00-04:00,131.91000366210938,136.0399932861328,131.35000610351562,135.99000549316406,12266200,0.0,0.0,0.0,XLK
2026-04-06 00:00:00-04:00,136.47999572753906,137.25,135.7100067138672,136.77999877929688,10147600,0.0,0.0,0.0,XLK
2026-04-07 00:00:00-04:00,136.1699981689453,137.49000549316406,134.11000061035156,137.42999267578125,8585500,0.0,0.0,0.0,XLK
2026-04-08 00:00:00-04:00,143.1300048828125,143.55999755859375,140.74000549316406,141.69000244140625,13359000,0.0,0.0,0.0,XLK
2026-04-09 00:00:00-04:00,141.75999450683594,142.19000244140625,140.35000610351562,142.07000732421875,8235100,0.0,0.0,0.0,XLK
2026-04-10 00:00:00-04:00,142.5,143.55999755859375,141.9199981689453,142.6199951171875,9310100,0.0,0.0,0.0,XLK
2026-04-13 00:00:00-04:00,142.3300018310547,145.6699981689453,142.1300048828125,145.61000061035156,10407700,0.0,0.0,0.0,XLK
2026-04-14 00:00:00-04:00,146.89999389648438,147.94000244140625,146.0800018310547,147.94000244140625,10183300,0.0,0.0,0.0,XLK
2026-04-15 00:00:00-04:00,148.27000427246094,150.3699951171875,147.9600067138672,150.3000030517578,10622500,0.0,0.0,0.0,XLK
2026-04-16 00:00:00-04:00,150.99000549316406,152.17999267578125,149.75,152.02000427246094,11778000,0.0,0.0,0.0,XLK
2026-04-17 00:00:00-04:00,154.05999755859375,154.80999755859375,153.50999450683594,154.35000610351562,10630400,0.0,0.0,0.0,XLK
2026-04-20 00:00:00-04:00,154.3000030517578,154.75,153.0399932861328,154.55999755859375,8131600,0.0,0.0,0.0,XLK
2026-04-21 00:00:00-04:00,155.0,156.07000732421875,154.14999389648438,154.69000244140625,12657300,0.0,0.0,0.0,XLK
2026-04-22 00:00:00-04:00,156.22000122070312,158.16000366210938,155.52000427246094,158.08999633789062,13830400,0.0,0.0,0.0,XLK
2026-04-23 00:00:00-04:00,156.77000427246094,157.8000030517578,153.9499969482422,155.83999633789062,12151400,0.0,0.0,0.0,XLK
2026-04-24 00:00:00-04:00,158.42999267578125,160.39999389648438,157.60000610351562,160.22000122070312,11059800,0.0,0.0,0.0,XLK
2026-04-27 00:00:00-04:00,160.02000427246094,160.6199951171875,158.80999755859375,160.57000732421875,8963900,0.0,0.0,0.0,XLK
2026-04-28 00:00:00-04:00,157.11000061035156,158.63999938964844,156.16000366210938,157.85000610351562,9253000,0.0,0.0,0.0,XLK
2026-04-29 00:00:00-04:00,158.8300018310547,159.14999389648438,157.75,159.11000061035156,7506900,0.0,0.0,0.0,XLK
2026-04-30 00:00:00-04:00,159.64999389648438,159.8000030517578,156.8800048828125,159.5,9276400,0.0,0.0,0.0,XLK
2026-05-01 00:00:00-04:00,160.38999938964844,162.2899932861328,160.13999938964844,161.8699951171875,10161800,0.0,0.0,0.0,XLK
2026-05-04 00:00:00-04:00,162.7100067138672,163.24000549316406,160.8800048828125,162.0500030517578,10740000,0.0,0.0,0.0,XLK
2026-05-05 00:00:00-04:00,163.8699951171875,166.02000427246094,163.52000427246094,165.6300048828125,9813500,0.0,0.0,0.0,XLK
2026-05-06 00:00:00-04:00,167.8800048828125,170.0800018310547,166.83999633789062,170.02999877929688,11304700,0.0,0.0,0.0,XLK
2026-05-07 00:00:00-04:00,170.25999450683594,171.9499969482422,168.6999969482422,169.69000244140625,11031500,0.0,0.0,0.0,XLK
2026-05-08 00:00:00-04:00,171.58999633789062,175.60000610351562,171.3000030517578,175.52000427246094,11212000,0.0,0.0,0.0,XLK
2024-05-09 00:00:00-04:00,43.71338681798223,44.252769470214844,43.71338681798223,44.252769470214844,22489400,0.0,0.0,0.0,XLE
2024-05-10 00:00:00-04:00,44.34658121361867,44.49197869076815,43.891623661817505,44.008880615234375,20568400,0.0,0.0,0.0,XLE
2024-05-13 00:00:00-04:00,44.11206426575666,44.27622327354372,43.704008807773405,43.89162063598633,20978000,0.0,0.0,0.0,XLE
2024-05-14 00:00:00-04:00,43.80719268639701,43.98073066420066,43.6289598507313,43.947898864746094,24911600,0.0,0.0,0.0,XLE
2024-05-15 00:00:00-04:00,43.85409506577804,44.126132022327745,43.20683805249564,44.0463981628418,38792200,0.0,0.0,0.0,XLE
2024-05-16 00:00:00-04:00,43.94790297807227,44.26684202193833,43.80719678655372,43.92445373535156,24580200,0.0,0.0,0.0,XLE
2024-05-17 00:00:00-04:00,44.00418798957216,44.60923428010968,43.99011772813609,44.53887939453125,29001600,0.0,0.0,0.0,XLE
2024-05-20 00:00:00-04:00,44.55763743343082,44.656132834139086,44.14020301111577,44.248077392578125,20134600,0.0,0.0,0.0,XLE
2024-05-21 00:00:00-04:00,44.13551242653801,44.49666581321988,43.99949394387582,44.032325744628906,22467600,0.0,0.0,0.0,XLE
2024-05-22 00:00:00-04:00,43.85409456455364,43.87285610393551,43.01453446380312,43.18807601928711,34868000,0.0,0.0,0.0,XLE
2024-05-23 00:00:00-04:00,43.40383163732808,43.5539203853369,42.71905150088796,42.79409408569336,26931400,0.0,0.0,0.0,XLE
2024-05-24 00:00:00-04:00,43.12710159109842,43.23967083122504,42.73311998584887,42.85506820678711,19041400,0.0,0.0,0.0,XLE
2024-05-28 00:00:00-04:00,43.0051569191283,43.4085210833113,42.897278958680246,43.29595184326172,28904200,0.0,0.0,0.0,XLE
2024-05-29 00:00:00-04:00,43.17400623203866,43.21152573281543,42.339133823194736,42.531436920166016,30053600,0.0,0.0,0.0,XLE
2024-05-30 00:00:00-04:00,42.437636619976224,42.80816543037946,42.42356278022079,42.65338897705078,22731400,0.0,0.0,0.0,XLE
2024-05-31 00:00:00-04:00,42.72842893876287,43.746218336260654,42.68621815728408,43.71338653564453,32503000,0.0,0.0,0.0,XLE
2024-06-03 00:00:00-04:00,43.56798607101602,43.582056330539565,42.254706980055225,42.5689582824707,40796600,0.0,0.0,0.0,XLE
2024-06-04 00:00:00-04:00,42.12807213147952,42.19842700927432,41.60275976612909,42.16090393066406,34721400,0.0,0.0,0.0,XLE
2024-06-05 00:00:00-04:00,42.212496469877,42.27816006700278,41.89824874386114,42.156211853027344,21040200,0.0,0.0,0.0,XLE
2024-06-06 00:00:00-04:00,42.01081829584856,42.39072965422863,41.851350567579686,42.37665939331055,25506600,0.0,0.0,0.0,XLE
2024-06-07 00:00:00-04:00,42.296929695395846,42.700293913969155,42.00144345181704,42.20781326293945,20089800,0.0,0.0,0.0,XLE
2024-06-10 00:00:00-04:00,42.36727712662698,42.780020254607436,42.20780583232695,42.5267448425293,22543800,0.0,0.0,0.0,XLE
2024-06-11 00:00:00-04:00,42.3391312902884,42.48922001960991,41.949840996934135,42.442317962646484,18591200,0.0,0.0,0.0,XLE
2024-06-12 00:00:00-04:00,42.79409019710026,42.80816045682287,41.77630085532449,41.987361907958984,32560600,0.0,0.0,0.0,XLE
2024-06-13 00:00:00-04:00,41.874797270857826,41.99205420926341,41.39169925717047,41.602760314941406,28495600,0.0,0.0,0.0,XLE
2024-06-14 00:00:00-04:00,41.55586350605669,41.602765571665685,41.119667496936394,41.293209075927734,25811400,0.0,0.0,0.0,XLE
2024-06-17 00:00:00-04:00,41.23691827625475,41.588689083253186,41.086829541737984,41.40107727050781,29547800,0.0,0.0,0.0,XLE
2024-06-18 00:00:00-04:00,41.6684234114465,42.099931659155196,41.47143261611728,41.57461929321289,29285800,0.0,0.0,0.0,XLE
2024-06-20 00:00:00-04:00,41.696575990473555,42.554897802639836,41.56524876687622,42.339141845703125,34073800,0.0,0.0,0.0,XLE
2024-06-21 00:00:00-04:00,42.45170364691584,42.56896058715715,42.0342692259286,42.09524154663086,39972600,0.0,0.0,0.0,XLE
2024-06-24 00:00:00-04:00,42.32927198415196,43.3221392665084,42.25835211959775,43.15666198730469,31188200,0.3575,0.0,0.0,XLE
2024-06-25 00:00:00-04:00,43.11884014334319,43.260679880888375,42.88244298552413,43.255950927734375,27666600,0.0,0.0,0.0,XLE
2024-06-26 00:00:00-04:00,43.30323103746214,43.30323103746214,42.62713860709683,42.83043670654297,23127400,0.0,0.0,0.0,XLE
2024-06-27 00:00:00-04:00,43.05737852607925,43.10465723659523,42.68859953406643,42.929725646972656,15631600,0.0,0.0,0.0,XLE
2024-06-28 00:00:00-04:00,43.26068835049647,43.411982416835755,42.93918800863361,43.095211029052734,25670000,0.0,0.0,0.0,XLE
2024-07-01 00:00:00-04:00,43.44034337941838,43.58218312661916,42.86353730506727,43.11884307861328,24563200,0.0,0.0,0.0,XLE
2024-07-02 00:00:00-04:00,43.534903550952826,43.5443578505828,42.81152879025315,43.08574676513672,25226800,0.0,0.0,0.0,XLE
2024-07-03 00:00:00-04:00,43.123570156340186,43.47343694851341,43.04792493968883,43.274864196777344,16280000,0.0,0.0,0.0,XLE
2024-07-05 00:00:00-04:00,43.18976307810306,43.22285853826177,42.40965168049416,42.59877014160156,23450400,0.0,0.0,0.0,XLE
2024-07-08 00:00:00-04:00,42.291447543974705,42.73114637532268,42.173248972183686,42.33872985839844,19595000,0.0,0.0,0.0,XLE
2024-07-09 00:00:00-04:00,41.91795031914007,42.42856549419332,41.79502277369449,41.96522903442383,19086600,0.0,0.0,0.0,XLE
2024-07-10 00:00:00-04:00,41.917942996186056,42.26308080388411,41.79028651937293,42.248897552490234,19320800,0.0,0.0,0.0,XLE
2024-07-11 00:00:00-04:00,42.1401592681175,42.778434528615136,41.99359417337475,42.688602447509766,22684800,0.0,0.0,0.0,XLE
2024-07-12 00:00:00-04:00,42.929725833073206,42.991187796296984,42.48056906338828,42.797340393066406,18117200,0.0,0.0,0.0,XLE
2024-07-15 00:00:00-04:00,43.0999343214185,43.83749234704318,42.934453414577675,43.445072174072266,30792000,0.0,0.0,0.0,XLE
2024-07-16 00:00:00-04:00,43.26067912685343,43.68146577186629,43.03846522523521,43.638916015625,24129400,0.0,0.0,0.0,XLE
2024-07-17 00:00:00-04:00,43.73820333864071,44.35756274051944,43.72874543229184,44.07388687133789,29435400,0.0,0.0,0.0,XLE
2024-07-18 00:00:00-04:00,44.026605856075676,44.68378963467564,43.870582873697046,44.154258728027344,32867600,0.0,0.0,0.0,XLE
2024-07-19 00:00:00-04:00,44.08334107603588,44.38592915013202,43.558539095964726,43.67201232910156,26500200,0.0,0.0,0.0,XLE
2024-07-22 00:00:00-04:00,43.44033875681647,43.648369402004626,43.151933946763535,43.397789001464844,21527600,0.0,0.0,0.0,XLE
2024-07-23 00:00:00-04:00,43.274867509844185,43.31269192463287,42.65550804800197,42.707515716552734,33103800,0.0,0.0,0.0,XLE
2024-07-24 00:00:00-04:00,42.82098259549669,43.09520417434879,42.41910813387385,42.71223831176758,29328600,0.0,0.0,0.0,XLE
2024-07-25 00:00:00-04:00,42.74061085879174,43.586913195916516,42.537309139737914,43.44980239868164,36437400,0.0,0.0,0.0,XLE
2024-07-26 00:00:00-04:00,43.336326038365215,43.77129591629676,43.18030305808515,43.58690643310547,23730800,0.0,0.0,0.0,XLE
2024-07-29 00:00:00-04:00,43.59162739195015,43.624722844394036,42.80679083093765,43.21339416503906,27156600,0.0,0.0,0.0,XLE
2024-07-30 00:00:00-04:00,43.208677161389986,44.021884054473475,43.156669492148495,43.88477325439453,25673200,0.0,0.0,0.0,XLE
2024-07-31 00:00:00-04:00,44.48048513950895,44.50885164101294,44.0360573778986,44.06915283203125,36173800,0.0,0.0,0.0,XLE
2024-08-01 00:00:00-04:00,43.969871920506314,44.192085828858986,42.67914183505554,42.9013557434082,42558400,0.0,0.0,0.0,XLE
2024-08-02 00:00:00-04:00,42.409651544843754,42.64132337234825,41.374234376256524,41.795021057128906,45836200,0.0,0.0,0.0,XLE
2024-08-05 00:00:00-04:00,40.89671474023786,41.21821506976443,40.40973709561708,40.87307357788086,50039200,0.0,0.0,0.0,XLE
2024-08-06 00:00:00-04:00,41.02436342586927,41.586989846551774,40.86361508117973,41.123653411865234,31418600,0.0,0.0,0.0,XLE
2024-08-07 00:00:00-04:00,41.62481471786405,42.05033035133671,41.26549000436107,41.28913116455078,26126000,0.0,0.0,0.0,XLE
2024-08-08 00:00:00-04:00,41.407328860322366,42.23471894927609,41.407328860322366,42.177982330322266,21596800,0.0,0.0,0.0,XLE
2024-08-09 00:00:00-04:00,42.11652185853534,42.45220541652903,41.847029221434234,42.272544860839844,22345600,0.0,0.0,0.0,XLE
2024-08-12 00:00:00-04:00,42.518392342552154,42.75478949699598,41.36950202766978,42.480567932128906,28785800,0.0,0.0,0.0,XLE
2024-08-13 00:00:00-04:00,42.15906903884829,42.196893450510586,41.86120991306014,42.06924057006836,31386400,0.0,0.0,0.0,XLE
2024-08-14 00:00:00-04:00,42.149616694361406,42.504212454088844,41.984139394582186,42.315093994140625,21657600,0.0,0.0,0.0,XLE
2024-08-15 00:00:00-04:00,42.556216415427436,42.95809085336749,42.51839200530421,42.820980072021484,18335200,0.0,0.0,0.0,XLE
2024-08-16 00:00:00-04:00,42.5562195652044,42.87771986077898,42.5231241056806,42.773704528808594,17753000,0.0,0.0,0.0,XLE
2024-08-19 00:00:00-04:00,42.84462592951705,43.42616096862632,42.84462592951705,43.062110900878906,21762600,0.0,0.0,0.0,XLE
2024-08-20 00:00:00-04:00,42.96754078978496,43.005365196067835,41.90848266380193,41.92739486694336,33866400,0.0,0.0,0.0,XLE
2024-08-21 00:00:00-04:00,42.19215766972479,42.40491724554561,41.880115341841645,41.998313903808594,22737800,0.0,0.0,0.0,XLE
2024-08-22 00:00:00-04:00,42.02668912036273,42.29618175325242,41.941585993811536,42.10706329345703,19595400,0.0,0.0,0.0,XLE
2024-08-23 00:00:00-04:00,42.30564081460123,42.806801680670276,42.253633146559956,42.73588180541992,20734600,0.0,0.0,0.0,XLE
2024-08-26 00:00:00-04:00,43.20867515898275,43.497079999725614,42.80207173128411,43.11884307861328,19514800,0.0,0.0,0.0,XLE
2024-08-27 00:00:00-04:00,43.118839159374474,43.237037735586725,42.64131950861368,42.71696472167969,16627200,0.0,0.0,0.0,XLE
2024-08-28 00:00:00-04:00,42.45692443661887,42.70750480810436,42.25362276797585,42.4427375793457,17049000,0.0,0.0,0.0,XLE
2024-08-29 00:00:00-04:00,42.69333018602226,43.15666661750316,42.29145211280972,42.99591827392578,22498800,0.0,0.0,0.0,XLE
2024-08-30 00:00:00-04:00,42.56094017503716,43.170845238788694,42.461653807514935,43.15666198730469,28085000,0.0,0.0,0.0,XLE
2024-09-03 00:00:00-04:00,42.45220260854923,42.518393525063644,41.81865634130989,42.08342361450195,38194200,0.0,0.0,0.0,XLE
2024-09-04 00:00:00-04:00,42.12597668503084,42.39546932550057,41.421514099791494,41.501888275146484,30114000,0.0,0.0,0.0,XLE
2024-09-05 00:00:00-04:00,41.79974861727821,41.83284407622787,41.142561177333,41.18038558959961,24991200,0.0,0.0,0.0,XLE
2024-09-06 00:00:00-04:00,41.270215193964525,41.52079559773022,40.499561777667395,40.6650390625,35912000,0.0,0.0,0.0,XLE
2024-09-09 00:00:00-04:00,40.78796559571891,41.33640875443123,40.72650363088439,40.95817184448242,32824400,0.0,0.0,0.0,XLE
2024-09-10 00:00:00-04:00,41.01963597832497,41.071643641797934,39.90857005411366,40.25370788574219,49326800,0.0,0.0,0.0,XLE
2024-09-11 00:00:00-04:00,40.2489822679777,40.26789447509278,39.25138588724891,39.88020324707031,48125800,0.0,0.0,0.0,XLE
2024-09-12 00:00:00-04:00,40.0362231395367,40.39554783253376,39.738364016671355,40.239524841308594,31762000,0.0,0.0,0.0,XLE
2024-09-13 00:00:00-04:00,40.442827444105106,40.76905668627406,40.348266413770524,40.46646499633789,26195400,0.0,0.0,0.0,XLE
2024-09-16 00:00:00-04:00,40.80687821755964,41.1851151313609,40.62248871404352,40.929805755615234,26875000,0.0,0.0,0.0,XLE
2024-09-17 00:00:00-04:00,40.943985973827,41.51134130247598,40.85415750898664,41.48297119140625,25034600,0.0,0.0,0.0,XLE
2024-09-18 00:00:00-04:00,41.421510937698464,42.07396580504488,41.364774320354876,41.563350677490234,28209600,0.0,0.0,0.0,XLE
2024-09-19 00:00:00-04:00,42.26781459884631,42.53257827422047,41.828115719594486,42.059783935546875,37806800,0.0,0.0,0.0,XLE
2024-09-20 00:00:00-04:00,41.88485125059321,42.06451541866015,41.50188896751958,41.96522903442383,27961600,0.0,0.0,0.0,XLE
2024-09-23 00:00:00-04:00,42.04483277669294,42.69314343674871,41.901825318603805,42.4833984375,26630200,0.3635,0.0,0.0,XLE
2024-09-24 00:00:00-04:00,42.969622548346344,42.969622548346344,42.316543989333304,42.378517150878906,34627400,0.0,0.0,0.0,XLE
2024-09-25 00:00:00-04:00,42.26888100816751,42.39759171866739,41.4632625229022,41.549068450927734,27633600,0.0,0.0,0.0,XLE
2024-09-26 00:00:00-04:00,40.724373417702466,41.27257769492969,40.600430727225756,40.73390579223633,46896400,0.0,0.0,0.0,XLE
2024-09-27 00:00:00-04:00,40.95319586572559,41.625339286005,40.92935947083291,41.56336975097656,30489600,0.0,0.0,0.0,XLE
2024-09-30 00:00:00-04:00,41.487092596718696,41.93042259001961,41.24874321616816,41.85415267944336,22806600,0.0,0.0,0.0,XLE
2024-10-01 00:00:00-04:00,41.47755859520198,42.97916036116969,41.42512144258335,42.80754852294922,66114200,0.0,0.0,0.0,XLE
2024-10-02 00:00:00-04:00,43.40819248790942,43.51783481448882,42.7646498215995,43.246116638183594,41925200,0.0,0.0,0.0,XLE
2024-10-03 00:00:00-04:00,43.39865717044992,44.066036186802314,43.069733849929,44.00883102416992,44726000,0.0,0.0,0.0,XLE
2024-10-04 00:00:00-04:00,44.38065976054777,44.55703963461501,43.9754664877741,44.41879653930664,35945600,0.0,0.0,0.0,XLE
2024-10-07 00:00:00-04:00,44.57610321044922,44.90979089624763,44.42832411794735,44.57610321044922,32519400,0.0,0.0,0.0,XLE
2024-10-08 00:00:00-04:00,43.999297317026894,44.046966465982784,43.203207618079546,43.41295623779297,39759800,0.0,0.0,0.0,XLE
2024-10-09 00:00:00-04:00,43.088799323529436,43.78954706146419,43.002993403845124,43.675140380859375,31519600,0.0,0.0,0.0,XLE
2024-10-10 00:00:00-04:00,43.91825833760333,44.213812897531454,43.5988710202617,43.97069549560547,26047400,0.0,0.0,0.0,XLE
2024-10-11 00:00:00-04:00,43.95639402678735,44.39972403725498,43.87058810098964,44.24241256713867,26414600,0.0,0.0,0.0,XLE
2024-10-14 00:00:00-04:00,43.93255999438833,44.294848437750254,43.86581882121854,44.22334289550781,22198600,0.0,0.0,0.0,XLE
2024-10-15 00:00:00-04:00,43.04590483185995,43.33192339601741,42.77418665037186,42.79801940917969,37839200,0.0,0.0,0.0,XLE
2024-10-16 00:00:00-04:00,43.04113894702854,43.146013274338145,42.88859546283009,43.00300216674805,19877000,0.0,0.0,0.0,XLE
2024-10-17 00:00:00-04:00,42.998232463276594,43.35099221156604,42.95056330826876,43.20798110961914,21433400,0.0,0.0,0.0,XLE
2024-10-18 00:00:00-04:00,43.12693746095313,43.25088015706928,42.75987737854992,43.064964294433594,24015200,0.0,0.0,0.0,XLE
2024-10-21 00:00:00-04:00,43.350985631852026,43.489228706238904,42.85998649963963,42.936256408691406,21162000,0.0,0.0,0.0,XLE
2024-10-22 00:00:00-04:00,43.093566852466736,43.23657429240959,42.87905023716831,43.03636169433594,17956400,0.0,0.0,0.0,XLE
2024-10-23 00:00:00-04:00,42.91719120957375,43.08403505763085,42.56443512554972,42.81231689453125,19813200,0.0,0.0,0.0,XLE
2024-10-24 00:00:00-04:00,42.90288681666158,43.03159387686554,42.52152636796659,42.80754852294922,17046600,0.0,0.0,0.0,XLE
2024-10-25 00:00:00-04:00,43.03636461530372,43.15077130240757,42.66930816058913,42.79324722290039,19104600,0.0,0.0,0.0,XLE
2024-10-28 00:00:00-04:00,41.882755525428585,42.55013455156423,41.84461874978127,42.52153015136719,24228000,0.0,0.0,0.0,XLE
2024-10-29 00:00:00-04:00,42.42619472466952,42.459563496391766,41.78265204892718,41.87322235107422,23791600,0.0,0.0,0.0,XLE
2024-10-30 00:00:00-04:00,42.02099641968844,42.297482573338776,41.858916950095065,41.96855926513672,19364200,0.0,0.0,0.0,XLE
2024-10-31 00:00:00-04:00,42.23550759924001,42.55013051308452,42.12110092007963,42.23073959350586,31623200,0.0,0.0,0.0,XLE
2024-11-01 00:00:00-04:00,42.80278172214884,42.95532517853661,41.87798497202889,41.96379089355469,26304600,0.0,0.0,0.0,XLE
2024-11-04 00:00:00-05:00,42.24981605882793,42.764651668884305,42.19261452677063,42.697914123535156,25811800,0.0,0.0,0.0,XLE
2024-11-05 00:00:00-05:00,42.90765495789652,43.09356717706854,42.71697473294699,42.983924865722656,20876600,0.0,0.0,0.0,XLE
2024-11-06 00:00:00-05:00,44.16614721070342,44.93839698564097,43.880128640840496,44.59994125366211,50053200,0.0,0.0,0.0,XLE
2024-11-07 00:00:00-05:00,44.57133070391058,44.57133070391058,44.05649520901468,44.39495086669922,26138000,0.0,0.0,0.0,XLE
2024-11-08 00:00:00-05:00,44.39972325478184,44.75724733315098,44.223343400160786,44.69050979614258,22336800,0.0,0.0,0.0,XLE
2024-11-11 00:00:00-05:00,44.70004361128098,45.09570447695012,44.49029861832203,44.94316101074219,20909400,0.0,0.0,0.0,XLE
2024-11-12 00:00:00-05:00,45.07187504022362,45.21488250455966,44.65714575610999,44.70481491088867,18500400,0.0,0.0,0.0,XLE
2024-11-13 00:00:00-05:00,44.83828640485703,45.238715274131515,44.2996180888825,45.05280303955078,23676200,0.0,0.0,0.0,XLE
2024-11-14 00:00:00-05:00,45.353121896526275,45.372190284265635,44.93839264627214,45.22441482543945,18011000,0.0,0.0,0.0,XLE
2024-11-15 00:00:00-05:00,45.18150945344783,45.61530708577327,44.995597221572076,45.157676696777344,28080400,0.0,0.0,0.0,XLE
2024-11-18 00:00:00-05:00,45.51520606905756,45.848893796610845,45.31498979560214,45.75831985473633,23892600,0.0,0.0,0.0,XLE
2024-11-19 00:00:00-05:00,45.39125938164825,45.7392474617935,45.25301629606892,45.467529296875,23796400,0.0,0.0,0.0,XLE
2024-11-20 00:00:00-05:00,45.63438033040584,45.95853567839514,45.49136922746925,45.92516326904297,17917600,0.0,0.0,0.0,XLE
2024-11-21 00:00:00-05:00,46.13490615401009,46.64497368994908,46.020499468105704,46.2969856262207,33541000,0.0,0.0,0.0,XLE
2024-11-22 00:00:00-05:00,46.23501704019658,46.678347083543784,46.1921158925775,46.368492126464844,21555600,0.0,0.0,0.0,XLE
2024-11-25 00:00:00-05:00,46.35896029794246,46.59254170167067,45.343593119475315,45.45323181152344,32950600,0.0,0.0,0.0,XLE
2024-11-26 00:00:00-05:00,45.51520094041009,45.6105392412759,45.18150961353365,45.391258239746094,24932800,0.0,0.0,0.0,XLE
2024-11-27 00:00:00-05:00,45.34835415198486,45.72971463512603,45.28638461916674,45.343589782714844,15595600,0.0,0.0,0.0,XLE
2024-11-29 00:00:00-05:00,45.443693685145966,45.61530552978093,45.36265576876916,45.539031982421875,13636400,0.0,0.0,0.0,XLE
2024-12-02 00:00:00-05:00,45.52473786062956,45.601011418475316,44.652378136616605,45.05757141113281,22190000,0.0,0.0,0.0,XLE
2024-12-03 00:00:00-05:00,45.34835395764164,45.429395514884924,44.85735479262468,45.05280303955078,17886600,0.0,0.0,0.0,XLE
2024-12-04 00:00:00-05:00,45.03373520844666,45.03373520844666,43.703745149828485,43.9659309387207,32518000,0.0,0.0,0.0,XLE
2024-12-05 00:00:00-05:00,44.12800272055194,44.42832162089134,43.951622875444336,44.137535095214844,22662400,0.0,0.0,0.0,XLE
2024-12-06 00:00:00-05:00,44.04696866322261,44.05173666943292,43.30808408831755,43.389122009277344,26206600,0.0,0.0,0.0,XLE
2024-12-09 00:00:00-05:00,43.751413321087085,43.98499470427911,43.279482548578244,43.31761932373047,23627800,0.0,0.0,0.0,XLE
2024-12-10 00:00:00-05:00,43.565500518565074,43.627470049684625,42.960094677864824,43.022064208984375,23299800,0.0,0.0,0.0,XLE
2024-12-11 00:00:00-05:00,43.11263909697868,43.25564654972033,42.883822080899726,43.093570709228516,23147600,0.0,0.0,0.0,XLE
2024-12-12 00:00:00-05:00,43.01729692522189,43.09357047580943,42.70267762135595,42.74557876586914,21746200,0.0,0.0,0.0,XLE
2024-12-13 00:00:00-05:00,42.85045421298843,42.864754594871116,42.41189219627799,42.53106689453125,22346000,0.0,0.0,0.0,XLE
2024-12-16 00:00:00-05:00,42.41188750267237,42.41188750267237,41.56336432692056,41.59673309326172,25036200,0.0,0.0,0.0,XLE
2024-12-17 00:00:00-05:00,41.28211248715652,41.36315040466997,40.90075565578105,41.28688049316406,32011600,0.0,0.0,0.0,XLE
2024-12-18 00:00:00-05:00,41.17247311003443,41.36791770995765,40.066532135009766,40.066532135009766,39241200,0.0,0.0,0.0,XLE
2024-12-19 00:00:00-05:00,40.490797374280874,40.61950445047479,39.68994324206528,39.718544006347656,49981400,0.0,0.0,0.0,XLE
2024-12-20 00:00:00-05:00,39.71377894232501,40.24768294899926,39.60890461628868,40.109439849853516,35704800,0.0,0.0,0.0,XLE
2024-12-23 00:00:00-05:00,40.04694050232269,40.47956934177888,39.77775085440946,40.344974517822266,34445400,0.35,0.0,0.0,XLE
2024-12-24 00:00:00-05:00,40.46034685173843,40.76318891698023,40.1959651713323,40.686275482177734,15024200,0.0,0.0,0.0,XLE
2024-12-26 00:00:00-05:00,40.70069509976444,40.72473146456501,40.402664713869775,40.652626037597656,15386400,0.0,0.0,0.0,XLE
2024-12-27 00:00:00-05:00,40.61897500218343,41.09006058629399,40.44592345434153,40.6478157043457,20369800,0.0,0.0,0.0,XLE
2024-12-30 00:00:00-05:00,40.652625345784315,40.87374596193604,40.30652223617838,40.64301300048828,23545400,0.0,0.0,0.0,XLE
2024-12-31 00:00:00-05:00,40.73915305173987,41.291956452005536,40.65743527683511,41.17658996582031,21165000,0.0,0.0,0.0,XLE
2025-01-02 00:00:00-05:00,41.51307293903199,41.96493016039807,41.37847810733166,41.657283782958984,34887000,0.0,0.0,0.0,XLE
2025-01-03 00:00:00-05:00,41.90244288366888,42.18605660466942,41.734199320753966,42.046653747558594,22120800,0.0,0.0,0.0,XLE
2025-01-06 00:00:00-05:00,42.23892994193207,42.57541703800785,41.74861598201103,41.8543701171875,22835200,0.0,0.0,0.0,XLE
2025-01-07 00:00:00-05:00,42.162020854888645,42.59464978545097,41.90725150340046,42.2725830078125,25035800,0.0,0.0,0.0,XLE
2025-01-08 00:00:00-05:00,42.013007061646434,42.33507385011045,41.863988183789296,42.31584548950195,28483800,0.0,0.0,0.0,XLE
2025-01-10 00:00:00-05:00,42.86383541660655,43.35895371941776,42.26296297777075,42.4888916015625,34075800,0.0,0.0,0.0,XLE
2025-01-13 00:00:00-05:00,42.681176947677436,43.63776496517113,42.681176947677436,43.38299560546875,48896200,0.0,0.0,0.0,XLE
2025-01-14 00:00:00-05:00,43.30607504058519,43.88772276708538,43.243585629546985,43.849266052246094,31173000,0.0,0.0,0.0,XLE
2025-01-15 00:00:00-05:00,44.11845528869736,44.613573568237726,43.93579139615294,44.498207092285156,34657800,0.0,0.0,0.0,XLE
2025-01-16 00:00:00-05:00,44.349196205929005,44.86354289254596,44.29631913527763,44.82027816772461,25230600,0.0,0.0,0.0,XLE
2025-01-17 00:00:00-05:00,44.8202787029715,45.32501304978601,44.66165115655754,45.1663818359375,23899600,0.0,0.0,0.0,XLE
2025-01-21 00:00:00-05:00,45.05100871395515,45.18560354197158,44.70009762596888,44.93564224243164,49302000,0.0,0.0,0.0,XLE
2025-01-22 00:00:00-05:00,44.79624367219992,44.84912074072986,44.08961709042198,44.11845779418945,35880200,0.0,0.0,0.0,XLE
2025-01-23 00:00:00-05:00,44.45494533074855,44.61838086345768,44.00789611769217,44.32034683227539,29359200,0.0,0.0,0.0,XLE
2025-01-24 00:00:00-05:00,44.38283863819322,44.56550252259633,43.83964765606797,43.89252471923828,29156800,0.0,0.0,0.0,XLE
2025-01-27 00:00:00-05:00,43.74351754769174,43.820430987265105,43.13303270767542,43.43587112426758,31993400,0.0,0.0,0.0,XLE
2025-01-28 00:00:00-05:00,43.56565595589846,43.719479160501706,42.80615594610182,43.02246856689453,37401800,0.0,0.0,0.0,XLE
2025-01-29 00:00:00-05:00,42.916714299580136,43.33973086156801,42.85422488357487,43.11860656738281,20681800,0.0,0.0,0.0,XLE
2025-01-30 00:00:00-05:00,43.38298654608455,43.56565043231814,43.07053216988357,43.339725494384766,39092600,0.0,0.0,0.0,XLE
2025-01-31 00:00:00-05:00,43.219554786576026,43.3156929103624,42.02742224747955,42.12836837768555,44537400,0.0,0.0,0.0,XLE
2025-02-03 00:00:00-05:00,42.12356404431497,42.56580898762401,41.739007848202974,42.392757415771484,39816400,0.0,0.0,0.0,XLE
2025-02-04 00:00:00-05:00,42.19566507321626,43.37337724026391,42.123559647897544,43.28204345703125,40279800,0.0,0.0,0.0,XLE
2025-02-05 00:00:00-05:00,43.267628420558715,43.43587198868034,43.02727941826077,43.373382568359375,21772000,0.0,0.0,0.0,XLE
2025-02-06 00:00:00-05:00,43.57046506177177,43.6762192052486,42.34468373319517,42.57542037963867,41309600,0.0,0.0,0.0,XLE
2025-02-07 00:00:00-05:00,42.73404925940097,42.95997788676617,42.512928638504114,42.57061004638672,22568400,0.0,0.0,0.0,XLE
2025-02-10 00:00:00-05:00,42.95036509770022,43.580081964682314,42.95036509770022,43.50797653198242,25871400,0.0,0.0,0.0,XLE
2025-02-11 00:00:00-05:00,43.71467570973837,44.15210896682354,43.435869999655544,43.858882904052734,26226800,0.0,0.0,0.0,XLE
2025-02-12 00:00:00-05:00,43.49835638437163,43.796390433070755,42.72443239297581,42.80134582519531,38798800,0.0,0.0,0.0,XLE
2025-02-13 00:00:00-05:00,42.73404513586606,43.219551054158195,42.455239466555014,43.123409271240234,31550400,0.0,0.0,0.0,XLE
2025-02-14 00:00:00-05:00,43.28685066763218,43.90214343983041,43.28685066763218,43.29646301269531,25885800,0.0,0.0,0.0,XLE
2025-02-18 00:00:00-05:00,43.50316220844307,44.17614003686714,43.2532009011374,43.88772201538086,29574800,0.0,0.0,0.0,XLE
2025-02-19 00:00:00-05:00,44.070386333198016,44.64722238175447,44.04634996974393,44.233821868896484,24531200,0.0,0.0,0.0,XLE
2025-02-20 00:00:00-05:00,44.142493093453,44.714521153161776,43.955021188620854,44.637611389160156,28332200,0.0,0.0,0.0,XLE
2025-02-21 00:00:00-05:00,44.36842309434802,44.488597584129636,43.68582920513828,43.70986557006836,31276600,0.0,0.0,0.0,XLE
2025-02-24 00:00:00-05:00,43.786776029125264,43.95502325142854,43.48874563691031,43.719478607177734,26295200,0.0,0.0,0.0,XLE
2025-02-25 00:00:00-05:00,43.709864432585526,43.91175668998046,42.738856194090175,43.08976364135742,26608600,0.0,0.0,0.0,XLE
2025-02-26 00:00:00-05:00,43.14264236550784,43.25800885024427,42.647524048269794,42.844608306884766,24305600,0.0,0.0,0.0,XLE
2025-02-27 00:00:00-05:00,43.14264150606852,43.604111103255796,42.77250569400512,43.07534408569336,30048000,0.0,0.0,0.0,XLE
2025-02-28 00:00:00-05:00,42.935942283065245,43.77716372565464,42.66675259501566,43.74351501464844,26627200,0.0,0.0,0.0,XLE
2025-03-03 00:00:00-05:00,43.91175649843119,44.16172148334487,41.82552917958208,42.21489334106445,49501800,0.0,0.0,0.0,XLE
2025-03-04 00:00:00-05:00,41.59478905088407,42.48407943989463,41.06602208991298,41.806297302246094,50677000,0.0,0.0,0.0,XLE
2025-03-05 00:00:00-05:00,41.20062023165073,41.412128500032715,40.39304754116001,41.1958122253418,56510800,0.0,0.0,0.0,XLE
2025-03-06 00:00:00-05:00,40.99872642260963,41.575562465062895,40.676659693363796,41.32079315185547,47104200,0.0,0.0,0.0,XLE
2025-03-07 00:00:00-05:00,41.50827293602666,42.33026610305513,41.50827293602666,42.027427673339844,44849200,0.0,0.0,0.0,XLE
2025-03-10 00:00:00-04:00,42.258160307550995,42.92152218594495,41.945705893530956,42.33987808227539,40045400,0.0,0.0,0.0,XLE
2025-03-11 00:00:00-04:00,42.51292979508151,42.69559370406981,41.777462485094695,42.003387451171875,30230200,0.0,0.0,0.0,XLE
2025-03-12 00:00:00-04:00,42.032231717232065,42.585031449400695,41.87360050677097,42.1956672668457,32240400,0.0,0.0,0.0,XLE
2025-03-13 00:00:00-04:00,42.0466523030051,42.65233277612468,41.65248011167462,41.907249450683594,30742000,0.0,0.0,0.0,XLE
2025-03-14 00:00:00-04:00,42.13798452079318,43.20513090088461,41.945704605191665,43.1474494934082,32023200,0.0,0.0,0.0,XLE
2025-03-17 00:00:00-04:00,43.113799583713245,44.03673875200107,43.113799583713245,43.83484649658203,29761600,0.0,0.0,0.0,XLE
2025-03-18 00:00:00-04:00,44.07999964143521,44.180949436201175,43.56084865336264,43.90694808959961,30806600,0.0,0.0,0.0,XLE
2025-03-19 00:00:00-04:00,43.96463431795918,44.82027608705567,43.95502197257539,44.623191833496094,31742600,0.0,0.0,0.0,XLE
2025-03-20 00:00:00-04:00,44.37803618451776,44.93564758682964,44.190564270707426,44.78662872314453,33163600,0.0,0.0,0.0,XLE
2025-03-21 00:00:00-04:00,44.63761371611592,44.74336785613609,44.19537246460836,44.47417449951172,36975600,0.0,0.0,0.0,XLE
2025-03-24 00:00:00-04:00,44.675703343247946,45.247350956359675,44.60303555337054,44.98090362548828,23824600,0.358,0.0,0.0,XLE
2025-03-25 00:00:00-04:00,45.17952991999972,45.557398002560234,45.02934883115938,45.16499710083008,22292000,0.0,0.0,0.0,XLE
2025-03-26 00:00:00-04:00,45.58646516379293,45.93526761966648,45.32002151269442,45.43144226074219,25564600,0.0,0.0,0.0,XLE
2025-03-27 00:00:00-04:00,45.2957932273948,45.465348933423606,44.81134624100556,44.99059295654297,19147800,0.0,0.0,0.0,XLE
2025-03-28 00:00:00-04:00,44.966373163392475,45.13592888463457,44.554593927222385,44.77743911743164,22248800,0.0,0.0,0.0,XLE
2025-03-31 00:00:00-04:00,44.68055362378646,45.538023287084535,44.61757314101039,45.271575927734375,28813800,0.0,0.0,0.0,XLE
2025-04-01 00:00:00-04:00,45.29579757122283,45.58161954650472,44.80650503315654,45.538021087646484,27121200,0.0,0.0,0.0,XLE
2025-04-02 00:00:00-04:00,45.150462035886996,45.63975457452692,45.04388679320718,45.60099792480469,33960600,0.0,0.0,0.0,XLE
2025-04-03 00:00:00-04:00,43.43067771385434,43.76494365690691,42.006402238813756,42.02093505859375,75657800,0.0,0.0,0.0,XLE
2025-04-04 00:00:00-04:00,40.523998056520334,40.97937578802363,38.155052185058594,38.155052185058594,100752000,0.0,0.0,0.0,XLE
2025-04-07 00:00:00-04:00,36.919709441557785,39.521191445046874,36.32384163653701,37.907981872558594,113906800,0.0,0.0,0.0,XLE
2025-04-08 00:00:00-04:00,39.0754987796306,39.278965642920355,36.44010578298715,37.031131744384766,90538400,0.0,0.0,0.0,XLE
2025-04-09 00:00:00-04:00,36.30930488447769,40.31083854855429,36.086459685214614,39.8990592956543,118962400,0.0,0.0,0.0,XLE
2025-04-10 00:00:00-04:00,38.86233950713372,38.86233950713372,36.5660617280035,37.29273223876953,79046600,0.0,0.0,0.0,XLE
2025-04-11 00:00:00-04:00,37.46713084623012,38.5038508719725,36.73077300024845,38.21802520751953,41916800,0.0,0.0,0.0,XLE
2025-04-14 00:00:00-04:00,39.12394475834739,39.12394475834739,37.970958414901276,38.35367202758789,32748200,0.0,0.0,0.0,XLE
2025-04-15 00:00:00-04:00,38.31975999024943,39.0076738975851,38.27616153090056,38.29553985595703,22167000,0.0,0.0,0.0,XLE
2025-04-16 00:00:00-04:00,38.53291825148929,39.26443432145686,38.43602662524725,38.61042785644531,27331400,0.0,0.0,0.0,XLE
2025-04-17 00:00:00-04:00,38.92531849010569,40.09283761756581,38.90594016519758,39.4824333190918,47908800,0.0,0.0,0.0,XLE
2025-04-21 00:00:00-04:00,38.857495248419845,38.95438687058526,38.0242457779846,38.4505615234375,31012000,0.0,0.0,0.0,XLE
2025-04-22 00:00:00-04:00,38.949544259752734,39.71981330900868,38.77998852841064,39.42914581298828,22097400,0.0,0.0,0.0,XLE
2025-04-23 00:00:00-04:00,39.77310442820476,40.19942022299085,39.11425610538798,39.35647964477539,43216200,0.0,0.0,0.0,XLE
2025-04-24 00:00:00-04:00,39.724657613130915,40.1025257161337,39.380700655371,39.98625946044922,21219000,0.0,0.0,0.0,XLE
2025-04-25 00:00:00-04:00,39.627767511302025,39.947500620923755,39.47274461353809,39.91358947753906,17664800,0.0,0.0,0.0,XLE
2025-04-28 00:00:00-04:00,39.86999381131966,40.30599320077887,39.816704339979054,40.19457244873047,16436800,0.0,0.0,0.0,XLE
2025-04-29 00:00:00-04:00,39.74403465840192,40.22363618168705,39.666521359750284,40.078304290771484,19843400,0.0,0.0,0.0,XLE
2025-04-30 00:00:00-04:00,39.43398504786487,39.492116320202555,38.51838054817484,38.997982025146484,37814200,0.0,0.0,0.0,XLE
2025-05-01 00:00:00-04:00,38.678245814475346,39.656830801702554,38.678245814475346,39.14331817626953,36314400,0.0,0.0,0.0,XLE
2025-05-02 00:00:00-04:00,39.618078010193386,39.91359099781759,38.9107857812029,39.714969635009766,32038800,0.0,0.0,0.0,XLE
2025-05-05 00:00:00-04:00,39.2159816884871,39.269271152154744,38.77998236180587,38.997982025146484,29530200,0.0,0.0,0.0,XLE
2025-05-06 00:00:00-04:00,39.17238526043114,39.34678647853943,38.78967168158449,39.00767135620117,22995400,0.0,0.0,0.0,XLE
2025-05-07 00:00:00-04:00,39.0948732640752,39.22083052490184,38.726696187870346,39.02220916748047,22446200,0.0,0.0,0.0,XLE
2025-05-08 00:00:00-04:00,39.3807017294061,40.073461169150804,39.317724942533935,39.53572463989258,30565800,0.0,0.0,0.0,XLE
2025-05-09 00:00:00-04:00,40.01532324627417,40.13158949657152,39.60838952221471,39.93296813964844,19993200,0.0,0.0,0.0,XLE
2025-05-12 00:00:00-04:00,41.41053617276407,41.599470229831844,40.67417457431317,40.97453308105469,32610000,0.0,0.0,0.0,XLE
2025-05-13 00:00:00-04:00,41.17799519571395,41.880441870637675,41.013284989029,41.55101776123047,29031600,0.0,0.0,0.0,XLE
2025-05-14 00:00:00-04:00,41.27488658203446,41.45897882382448,41.13924200137083,41.299110412597656,21332600,0.0,0.0,0.0,XLE
2025-05-15 00:00:00-04:00,40.775905832753395,41.49773457222412,40.674172399467174,41.4735107421875,29721600,0.0,0.0,0.0,XLE
2025-05-16 00:00:00-04:00,41.5655568073657,41.589776941333476,40.98906365678461,41.4105339050293,21725800,0.0,0.0,0.0,XLE
2025-05-19 00:00:00-04:00,41.06657478275564,41.110176939174536,40.5724404182467,40.872798919677734,24787000,0.0,0.0,0.0,XLE
2025-05-20 00:00:00-04:00,40.843725066566655,40.93577117857585,40.45616968723208,40.49492263793945,22782200,0.0,0.0,0.0,XLE
2025-05-21 00:00:00-04:00,40.252703977786375,40.33021728059192,39.7440367882664,39.74888229370117,25698400,0.0,0.0,0.0,XLE
2025-05-22 00:00:00-04:00,39.540571152879586,39.82154764426988,39.10456805101489,39.5938606262207,23732200,0.0,0.0,0.0,XLE
2025-05-23 00:00:00-04:00,39.2450582409279,39.82154774188194,39.23052542016975,39.71981430053711,23511000,0.0,0.0,0.0,XLE
2025-05-27 00:00:00-04:00,39.9959480016238,40.126750777313084,39.70043500000017,40.06377029418945,19028000,0.0,0.0,0.0,XLE
2025-05-28 00:00:00-04:00,40.25754618016641,40.3786579338348,39.45336605774773,39.55509948730469,29552600,0.0,0.0,0.0,XLE
2025-05-29 00:00:00-04:00,39.618076446039844,39.85061264038086,39.36616562353804,39.85061264038086,23792800,0.0,0.0,0.0,XLE
2025-05-30 00:00:00-04:00,39.545411281368835,39.70527969459625,39.18207599459979,39.49696731567383,31038600,0.0,0.0,0.0,XLE
2025-06-02 00:00:00-04:00,40.238172663462805,40.29146213712659,39.555104213103725,40.01532745361328,32031000,0.0,0.0,0.0,XLE
2025-06-03 00:00:00-04:00,40.044395199820315,40.741996443265705,39.66652339357517,40.49008560180664,30352600,0.0,0.0,0.0,XLE
2025-06-04 00:00:00-04:00,40.47070450772499,40.785595810036746,39.65198786092191,39.70043182373047,44939200,0.0,0.0,0.0,XLE
2025-06-05 00:00:00-04:00,39.995948086967985,40.01532641289063,39.5599486898407,39.66168212890625,27655000,0.0,0.0,0.0,XLE
2025-06-06 00:00:00-04:00,40.02016720708908,40.52883803857236,40.02016720708908,40.4077262878418,28556800,0.0,0.0,0.0,XLE
2025-06-09 00:00:00-04:00,40.56759222754253,40.90670735755695,40.247859117798136,40.48523712158203,28680400,0.0,0.0,0.0,XLE
2025-06-10 00:00:00-04:00,40.916398086601625,41.473512942665025,40.897019760751675,41.20706558227539,46092200,0.0,0.0,0.0,XLE
2025-06-11 00:00:00-04:00,41.48804523099763,41.870758845541275,41.08111148148045,41.80293655395508,48996600,0.0,0.0,0.0,XLE
2025-06-12 00:00:00-04:00,41.609153645046156,41.96280159074296,41.30395335747246,41.948265075683594,34028200,0.0,0.0,0.0,XLE
2025-06-13 00:00:00-04:00,42.73307233674382,42.90747356430412,42.12266804028276,42.67978286743164,84194800,0.0,0.0,0.0,XLE
2025-06-16 00:00:00-04:00,42.56352020437348,42.99467780441928,42.234096046312196,42.553829193115234,69406600,0.0,0.0,0.0,XLE
2025-06-17 00:00:00-04:00,42.90747054103446,43.27080579017816,42.64102321324751,42.951072692871094,67884200,0.0,0.0,0.0,XLE
2025-06-18 00:00:00-04:00,43.10610043834741,43.32410013396515,42.57320572277034,42.67009735107422,70473000,0.0,0.0,0.0,XLE
2025-06-20 00:00:00-04:00,42.83965083125019,43.22720993204139,42.713693569087425,43.10609817504883,56744800,0.0,0.0,0.0,XLE
2025-06-23 00:00:00-04:00,43.64723176472386,43.6765338489219,41.835312945094145,42.016014099121094,105688200,0.359,0.0,0.0,XLE
2025-06-24 00:00:00-04:00,41.4055318368803,41.9036896569468,41.31273692947282,41.469024658203125,65358800,0.0,0.0,0.0,XLE
2025-06-25 00:00:00-04:00,41.42018174390215,41.571584545431016,41.151570601249276,41.2883186340332,43723000,0.0,0.0,0.0,XLE
2025-06-26 00:00:00-04:00,41.38111078440288,41.96228988504895,41.27854604053762,41.87926483154297,33565600,0.0,0.0,0.0,XLE
2025-06-27 00:00:00-04:00,41.85484851906584,41.85484851906584,41.41041739352877,41.65949630737305,35411800,0.0,0.0,0.0,XLE
2025-06-30 00:00:00-04:00,41.49832513575024,41.679026294407464,41.298084285654575,41.42018127441406,26247600,0.0,0.0,0.0,XLE
2025-07-01 00:00:00-04:00,41.483672663086566,41.932988671965816,41.102730667467014,41.737632751464844,40772800,0.0,0.0,0.0,XLE
2025-07-02 00:00:00-04:00,42.08927164674793,42.523936603161296,41.62530460710352,42.455562591552734,42468800,0.0,0.0,0.0,XLE
2025-07-03 00:00:00-04:00,42.39695621681185,42.64115018875728,42.29928011847541,42.50440216064453,22266200,0.0,0.0,0.0,XLE
2025-07-07 00:00:00-04:00,42.24555724320657,42.47021525077781,41.6594931996385,42.09415817260742,35673000,0.0,0.0,0.0,XLE
2025-07-08 00:00:00-04:00,42.04531695353268,43.38350262335595,42.0355508339892,43.22721862792969,47472400,0.0,0.0,0.0,XLE
2025-07-09 00:00:00-04:00,43.119773344413815,43.29070838483172,42.88046428782875,43.007442474365234,28672400,0.0,0.0,0.0,XLE
2025-07-10 00:00:00-04:00,42.909764543529384,43.35908055235799,42.60208148389542,43.33466339111328,28823800,0.0,0.0,0.0,XLE
2025-07-11 00:00:00-04:00,43.261402917317184,43.68141682727981,43.12953609208717,43.53001403808594,30171600,0.0,0.0,0.0,XLE
2025-07-14 00:00:00-04:00,43.44699228447368,43.44699228447368,42.821856294584116,43.05139923095703,33441600,0.0,0.0,0.0,XLE
2025-07-15 00:00:00-04:00,42.96837058939463,43.15395665651006,42.37741793068456,42.4311408996582,33859000,0.0,0.0,0.0,XLE
2025-07-16 00:00:00-04:00,42.37253662522788,42.61673058316886,41.91345079194553,42.064849853515625,35501600,0.0,0.0,0.0,XLE
2025-07-17 00:00:00-04:00,41.84996306122919,42.38718904089764,41.74740204270101,42.323699951171875,36085600,0.0,0.0,0.0,XLE
2025-07-18 00:00:00-04:00,42.66068571923372,42.85604164002162,41.81577667152462,41.98182678222656,60975600,0.0,0.0,0.0,XLE
2025-07-21 00:00:00-04:00,42.011128145869606,42.08438708067198,41.46413604836753,41.54716110229492,30434400,0.0,0.0,0.0,XLE
2025-07-22 00:00:00-04:00,41.49832160720933,41.97205847949168,41.45924967986346,41.742515563964844,32444000,0.0,0.0,0.0,XLE
2025-07-23 00:00:00-04:00,41.91345436285385,42.421378285777266,41.80600841602907,42.39695739746094,28046000,0.0,0.0,0.0,XLE
2025-07-24 00:00:00-04:00,42.28463140704364,42.75348341188924,42.09416039651588,42.69976043701172,24022200,0.0,0.0,0.0,XLE
2025-07-25 00:00:00-04:00,42.74370768811055,42.8169666188791,42.318812596640136,42.5385856628418,20143200,0.0,0.0,0.0,XLE
2025-07-28 00:00:00-04:00,42.82185759533009,43.09535366768832,42.758368500276795,43.0220947265625,23705200,0.0,0.0,0.0,XLE
2025-07-29 00:00:00-04:00,43.09046816432609,43.45675910724381,42.94883521926541,43.44210433959961,24552000,0.0,0.0,0.0,XLE
2025-07-30 00:00:00-04:00,43.17349738773913,43.19791455062988,42.553242577862704,42.82185745239258,26552400,0.0,0.0,0.0,XLE
2025-07-31 00:00:00-04:00,42.37254257128256,43.085588581398056,42.37254257128256,42.592315673828125,24960800,0.0,0.0,0.0,XLE
2025-08-01 00:00:00-04:00,42.43114162912998,42.58254441979683,41.57158156298244,41.80112075805664,42329400,0.0,0.0,0.0,XLE
2025-08-04 00:00:00-04:00,41.72786802708116,42.04043601988964,41.4934401694226,41.70833206176758,26509600,0.0,0.0,0.0,XLE
2025-08-05 00:00:00-04:00,41.69856162546343,41.82065861236568,41.19552263560279,41.762054443359375,31413600,0.0,0.0,0.0,XLE
2025-08-06 00:00:00-04:00,42.02578520989762,42.26997918851154,41.25413134321257,41.37622833251953,38249400,0.0,0.0,0.0,XLE
2025-08-07 00:00:00-04:00,41.620424103969675,42.08439119288015,41.16133821204656,41.21506118774414,35042000,0.0,0.0,0.0,XLE
2025-08-08 00:00:00-04:00,41.410416265751834,41.85973230217587,41.200409290407315,41.478790283203125,40736200,0.0,0.0,0.0,XLE
2025-08-11 00:00:00-04:00,41.56181558405598,41.74252047471133,41.07342761308915,41.14668655395508,28828800,0.0,0.0,0.0,XLE
2025-08-12 00:00:00-04:00,41.22971184633659,41.708333700058425,41.10761485290908,41.346927642822266,34522600,0.0,0.0,0.0,XLE
2025-08-13 00:00:00-04:00,41.37622644407378,41.83042737260973,41.22970857315086,41.82554244995117,25601200,0.0,0.0,0.0,XLE
2025-08-14 00:00:00-04:00,41.79624216629453,41.849965139539734,41.34204121819699,41.78647232055664,24944600,0.0,0.0,0.0,XLE
2025-08-15 00:00:00-04:00,41.80600828592802,42.26020923402557,41.65460921193031,41.78647232055664,27297800,0.0,0.0,0.0,XLE
2025-08-18 00:00:00-04:00,41.56670137851106,41.73275150359082,41.29808649840606,41.53739929199219,26428400,0.0,0.0,0.0,XLE
2025-08-19 00:00:00-04:00,41.42018089621752,41.79624170478149,41.31273495091354,41.55204772949219,25693800,0.0,0.0,0.0,XLE
2025-08-20 00:00:00-04:00,41.620422721616265,42.069738752432215,41.58135079038763,41.8988037109375,27967200,0.0,0.0,0.0,XLE
2025-08-21 00:00:00-04:00,41.82554085414106,42.27974176534745,41.713213720009556,42.186946868896484,22088000,0.0,0.0,0.0,XLE
2025-08-22 00:00:00-04:00,42.32858173794708,43.14907362371811,42.260207724641525,43.046512603759766,30936400,0.0,0.0,0.0,XLE
2025-08-25 00:00:00-04:00,42.939067183466896,43.21256696612058,42.79743423243831,43.158843994140625,23412800,0.0,0.0,0.0,XLE
2025-08-26 00:00:00-04:00,42.98790842013359,43.12954138166389,42.68999517993387,43.09047317504883,22855600,0.0,0.0,0.0,XLE
2025-08-27 00:00:00-04:00,43.0269787499906,43.73025860832705,42.97814069896267,43.573974609375,26877400,0.0,0.0,0.0,XLE
2025-08-28 00:00:00-04:00,43.58862163236282,43.96956361179673,43.300474549597624,43.90607452392578,24086200,0.0,0.0,0.0,XLE
2025-08-29 00:00:00-04:00,43.92561645462014,44.25772043264299,43.86700855516742,44.145389556884766,23745000,0.0,0.0,0.0,XLE
2025-09-02 00:00:00-04:00,44.02817639863533,44.287021427487005,43.69607242880001,44.20887756347656,25964400,0.0,0.0,0.0,XLE
2025-09-03 00:00:00-04:00,43.85723994441894,44.22353091146218,43.07093503707777,43.21744918823242,36018200,0.0,0.0,0.0,XLE
2025-09-04 00:00:00-04:00,43.222334067095844,43.68630113443647,43.03674798538047,43.50559997558594,25895400,0.0,0.0,0.0,XLE
2025-09-05 00:00:00-04:00,43.14907616442021,43.29070912206543,42.450681222158295,42.66557312011719,48182200,0.0,0.0,0.0,XLE
2025-09-08 00:00:00-04:00,42.807206861673684,42.99279295124298,42.191836968316146,42.56789779663086,34931800,0.0,0.0,0.0,XLE
2025-09-09 00:00:00-04:00,42.79743504532543,43.378617902636044,42.74859699517175,42.77301788330078,41193400,0.0,0.0,0.0,XLE
2025-09-10 00:00:00-04:00,42.87069533456746,43.5446731166818,42.77301923118209,43.5202522277832,29932800,0.0,0.0,0.0,XLE
2025-09-11 00:00:00-04:00,43.17349294253189,43.622808935388235,43.04162611730188,43.53001403808594,25176800,0.0,0.0,0.0,XLE
2025-09-12 00:00:00-04:00,43.710721469486856,43.90607739445962,43.261405450322535,43.27117156982422,22297800,0.0,0.0,0.0,XLE
2025-09-15 00:00:00-04:00,43.354195879569886,43.46652674547667,43.05139774088117,43.124656677246094,23287800,0.0,0.0,0.0,XLE
2025-09-16 00:00:00-04:00,43.31512448721163,43.984213532361366,43.305354642493285,43.84746551513672,41593000,0.0,0.0,0.0,XLE
2025-09-17 00:00:00-04:00,43.788866086277785,44.25771807864824,43.598391354713634,43.95003128051758,26044800,0.0,0.0,0.0,XLE
2025-09-18 00:00:00-04:00,43.989101970883176,44.077011949855034,43.48117806194623,43.81328201293945,28713000,0.0,0.0,0.0,XLE
2025-09-19 00:00:00-04:00,43.77420852237918,43.808395528199064,43.0806985608307,43.23209762573242,29979200,0.0,0.0,0.0,XLE
2025-09-22 00:00:00-04:00,43.078913929786424,43.394149224897184,42.90652021494478,43.182350158691406,22502400,0.3745,0.0,0.0,XLE
2025-09-23 00:00:00-04:00,43.354743004343305,44.39896224715108,43.354743004343305,43.926109313964844,44214800,0.0,0.0,0.0,XLE
2025-09-24 00:00:00-04:00,44.23642078272896,44.911223361715315,44.18716597035726,44.497474670410156,35406200,0.0,0.0,0.0,XLE
2025-09-25 00:00:00-04:00,44.49255454390476,44.940778249202886,44.36941562648527,44.89645004272461,31887200,0.0,0.0,0.0,XLE
2025-09-26 00:00:00-04:00,44.97033127315156,45.763346151326765,44.96047805596233,45.3101921081543,40161600,0.0,0.0,0.0,XLE
2025-09-29 00:00:00-04:00,44.99495673841493,45.05899137635297,44.24627382281878,44.47777557373047,37674400,0.0,0.0,0.0,XLE
2025-09-30 00:00:00-04:00,44.088658277865896,44.18224129810316,43.66013349985861,44.004920959472656,47544800,0.0,0.0,0.0,XLE
2025-10-01 00:00:00-04:00,43.78819902395874,44.152689160965224,43.73894420942837,44.004920959472656,27661200,0.0,0.0,0.0,XLE
2025-10-02 00:00:00-04:00,43.90641006934003,44.29552948138622,43.51729065729384,43.561622619628906,31793600,0.0,0.0,0.0,XLE
2025-10-03 00:00:00-04:00,43.78326812121,44.04924860307044,43.72908670316985,43.793121337890625,24048000,0.0,0.0,0.0,XLE
2025-10-06 00:00:00-04:00,44.06895376335584,44.26105016254732,43.832525402404094,44.00984573364258,21488400,0.0,0.0,0.0,XLE
2025-10-07 00:00:00-04:00,43.97044117197241,44.11328276125798,43.300568946004184,44.07880401611328,25324000,0.0,0.0,0.0,XLE
2025-10-08 00:00:00-04:00,44.078804901682275,44.078804901682275,43.492666222446545,43.82267761230469,20024200,0.0,0.0,0.0,XLE
2025-10-09 00:00:00-04:00,43.91625935114216,44.29059890359593,43.182348797252985,43.226680755615234,23397800,0.0,0.0,0.0,XLE
2025-10-10 00:00:00-04:00,42.906519555945174,43.12324522721807,41.96081368513794,41.975589752197266,44892200,0.0,0.0,0.0,XLE
2025-10-13 00:00:00-04:00,42.29575443628849,42.601136530029066,42.15783569954931,42.54695510864258,22889600,0.0,0.0,0.0,XLE
2025-10-14 00:00:00-04:00,41.941111875646975,42.78338153652683,41.886930456710154,42.542030334472656,25084600,0.0,0.0,0.0,XLE
2025-10-15 00:00:00-04:00,42.81293528102885,43.054290250059175,42.20216734029567,42.51740264892578,24267000,0.0,0.0,0.0,XLE
2025-10-16 00:00:00-04:00,42.59128846374547,42.71935398738432,41.71946284230213,42.00514602661133,29193800,0.0,0.0,0.0,XLE
2025-10-17 00:00:00-04:00,42.18246276029543,42.438593785687864,42.010069045839636,42.34993362426758,24071800,0.0,0.0,0.0,XLE
2025-10-20 00:00:00-04:00,42.42381342171661,42.89666635731879,42.42381342171661,42.79815673828125,25352400,0.0,0.0,0.0,XLE
2025-10-21 00:00:00-04:00,42.91637173791478,43.014885121063145,42.48292412576593,42.699649810791016,25885200,0.0,0.0,0.0,XLE
2025-10-22 00:00:00-04:00,42.98532983110446,43.43355727544907,42.625766311789754,43.24638748168945,32814000,0.0,0.0,0.0,XLE
2025-10-23 00:00:00-04:00,44.019700627619,44.11328364751967,43.55669710531558,43.82267761230469,47308800,0.0,0.0,0.0,XLE
2025-10-24 00:00:00-04:00,44.01969929872941,44.03447536679916,43.34982332162417,43.37937545776367,21191000,0.0,0.0,0.0,XLE
2025-10-27 00:00:00-04:00,43.51728971834828,43.6601313038327,43.29071457658373,43.482810974121094,19597200,0.0,0.0,0.0,XLE
2025-10-28 00:00:00-04:00,43.32026528329771,43.45818401355842,43.00502998707553,43.029659271240234,22474600,0.0,0.0,0.0,XLE
2025-10-29 00:00:00-04:00,43.07891589245243,43.57147153324137,42.99025572679437,43.349822998046875,26807800,0.0,0.0,0.0,XLE
2025-10-30 00:00:00-04:00,43.335043917741984,43.65027920530188,43.034584697114425,43.09368896484375,20663400,0.0,0.0,0.0,XLE
2025-10-31 00:00:00-04:00,43.1971250423807,43.655201905209324,43.00995526538122,43.4089241027832,26985400,0.0,0.0,0.0,XLE
2025-11-03 00:00:00-05:00,43.41877930013596,43.53206498999566,42.91637045584144,43.41385269165039,22232000,0.0,0.0,0.0,XLE
2025-11-04 00:00:00-05:00,42.881892029177685,43.064138965478726,42.54203119918552,42.945926666259766,29477600,0.0,0.0,0.0,XLE
2025-11-05 00:00:00-05:00,42.95084889245619,43.53699128731007,42.896667473205774,43.05921173095703,23857200,0.0,0.0,0.0,XLE
2025-11-06 00:00:00-05:00,43.12324549988465,43.88670444668508,43.12324549988465,43.477882385253906,32154800,0.0,0.0,0.0,XLE
2025-11-07 00:00:00-05:00,43.630578746301815,44.206867933341556,43.512362689036294,44.103431701660156,35458400,0.0,0.0,0.0,XLE
2025-11-10 00:00:00-05:00,44.21671628353856,44.605835673667286,43.64535371935666,44.50239944458008,31264600,0.0,0.0,0.0,XLE
2025-11-11 00:00:00-05:00,44.768382847849765,45.39885348027524,44.73390410257341,45.0836181640625,38752800,0.0,0.0,0.0,XLE
2025-11-12 00:00:00-05:00,44.77823642445496,44.98510889777233,44.38911700584291,44.453147888183594,29863200,0.0,0.0,0.0,XLE
2025-11-13 00:00:00-05:00,44.59598890398477,44.97033224937484,44.369413756430646,44.566436767578125,32243800,0.0,0.0,0.0,XLE
2025-11-14 00:00:00-05:00,44.8028624475337,45.42348363224487,44.24134929495265,45.32497024536133,34179400,0.0,0.0,0.0,XLE
2025-11-17 00:00:00-05:00,45.27079063204122,45.285566699962594,44.32015809745229,44.497474670410156,37447400,0.0,0.0,0.0,XLE
2025-11-18 00:00:00-05:00,44.30537479876322,44.97032786631356,44.182235898535524,44.85211181640625,34839400,0.0,0.0,0.0,XLE
2025-11-19 00:00:00-05:00,44.059101645271994,44.41374231659627,43.748792936813956,44.27090072631836,41062800,0.0,0.0,0.0,XLE
2025-11-20 00:00:00-05:00,44.497473881483465,45.10331896082773,43.734014908504726,43.76849365234375,41630000,0.0,0.0,0.0,XLE
2025-11-21 00:00:00-05:00,43.842377115929295,44.23641936013223,43.37937362714214,44.0443229675293,39317200,0.0,0.0,0.0,XLE
2025-11-24 00:00:00-05:00,43.99506863573149,44.059099514662535,43.24145912456115,43.92118453979492,33681800,0.0,0.0,0.0,XLE
2025-11-25 00:00:00-05:00,43.57639773617301,43.81774894570029,43.28578795670438,43.645355224609375,29299000,0.0,0.0,0.0,XLE
2025-11-26 00:00:00-05:00,43.63550010834158,44.290599977876845,43.59609851516514,43.975364685058594,26611000,0.0,0.0,0.0,XLE
2025-11-28 00:00:00-05:00,43.9999949202652,44.74375120895379,43.93596028390442,44.55165481567383,16666600,0.0,0.0,0.0,XLE
2025-12-01 00:00:00-05:00,44.61568872832504,45.22645664172071,44.58120998542128,44.98017883300781,31150000,0.0,0.0,0.0,XLE
2025-12-02 00:00:00-05:00,44.91122609008836,44.91122609008836,44.177319194831384,44.39896774291992,33305000,0.0,0.0,0.0,XLE
2025-12-03 00:00:00-05:00,44.69942329654641,45.31019122381305,44.63539241767128,45.23138427734375,30174000,0.0,0.0,0.0,XLE
2025-12-04 00:00:00-05:00,45.20675530692495,45.497365083934355,45.073766939752,45.42348098754883,23799600,0.0,0.0,0.0,XLE
2025-12-05 00:00:00-05:00,45.3446680718451,45.96528919016331,45.22645577813246,45.236305236816406,22164400,0.0,2.0,0.0,XLE
2025-12-08 00:00:00-05:00,44.98017988122953,45.23630715478326,44.59598709194833,44.743751525878906,27891900,0.0,0.0,0.0,XLE
2025-12-09 00:00:00-05:00,44.82256545315055,45.39393182755485,44.78316009810857,45.019588470458984,20917400,0.0,0.0,0.0,XLE
2025-12-10 00:00:00-05:00,45.157501284069184,45.58109943565054,44.95062881689726,45.49243927001953,26255100,0.0,0.0,0.0,XLE
2025-12-11 00:00:00-05:00,45.21661060076552,45.56139805586556,45.15750256936205,45.27571487426758,25827200,0.0,0.0,0.0,XLE
2025-12-12 00:00:00-05:00,45.36437371306497,45.55154726140699,44.71420041828513,44.83241271972656,33161200,0.0,0.0,0.0,XLE
2025-12-15 00:00:00-05:00,44.93092627527498,44.93092627527498,44.152687458832105,44.51717758178711,27521600,0.0,0.0,0.0,XLE
2025-12-16 00:00:00-05:00,44.162540238760215,44.1822391572967,43.11832093496626,43.1577262878418,49312400,0.0,0.0,0.0,XLE
2025-12-17 00:00:00-05:00,43.47296118240615,44.21179463125377,43.40400369447914,44.11328125,43375300,0.0,0.0,0.0,XLE
2025-12-18 00:00:00-05:00,43.98521973746486,44.044324008646754,43.32519323202397,43.47296142578125,29920200,0.0,0.0,0.0,XLE
2025-12-19 00:00:00-05:00,43.59117372604631,43.867003679298534,43.374448043975974,43.47296142578125,31959600,0.0,0.0,0.0,XLE
2025-12-22 00:00:00-05:00,43.85347410227918,44.2012044267167,43.80379942448381,43.92301940917969,23707400,0.373,0.0,0.0,XLE
2025-12-23 00:00:00-05:00,44.08197867583216,44.260810539826196,43.93295464912701,44.21113586425781,19137500,0.0,0.0,0.0,XLE
2025-12-24 00:00:00-05:00,44.1316563378655,44.27075074477847,44.02237356019363,44.08198165893555,11293900,0.0,0.0,0.0,XLE
2025-12-26 00:00:00-05:00,44.03230592205444,44.15152590660888,43.704450017045986,43.9130859375,17884500,0.0,0.0,0.0,XLE
2025-12-29 00:00:00-05:00,44.22107003582953,44.44958036921491,44.002500701622665,44.33035659790039,31352100,0.0,0.0,0.0,XLE
2025-12-30 00:00:00-05:00,44.50919060932575,44.797309052314645,44.50919060932575,44.66815185546875,18654700,0.0,0.0,0.0,XLE
2025-12-31 00:00:00-05:00,44.63834622875504,44.727762163421666,44.280682490088545,44.41977310180664,16965900,0.0,0.0,0.0,XLE
2026-01-02 00:00:00-05:00,44.42970866687282,45.482825425154886,44.20120212894493,45.35367202758789,31935500,0.0,0.0,0.0,XLE
2026-01-05 00:00:00-05:00,46.85386867553247,47.01282991096521,45.45302160392687,46.58562088012695,94961000,0.0,0.0,0.0,XLE
2026-01-06 00:00:00-05:00,46.69490712833531,46.75451901245013,45.23444818196782,45.34373474121094,69568200,0.0,0.0,0.0,XLE
2026-01-07 00:00:00-05:00,45.5225671984761,45.5225671984761,44.787372901126886,44.8370475769043,42739200,0.0,0.0,0.0,XLE
2026-01-08 00:00:00-05:00,45.02581418549276,46.54588129062382,44.92646483101509,46.24782943725586,51451000,0.0,0.0,0.0,XLE
2026-01-09 00:00:00-05:00,46.446532687714665,46.57568988257353,46.20808892720098,46.36705017089844,38839900,0.0,0.0,0.0,XLE
2026-01-12 00:00:00-05:00,46.44653060528972,46.506142490229195,45.800748449883955,46.03919219970703,28264400,0.0,0.0,0.0,XLE
2026-01-13 00:00:00-05:00,46.42666034265161,47.082375922411224,46.37698566644487,46.694908142089844,50469200,0.0,0.0,0.0,XLE
2026-01-14 00:00:00-05:00,46.943284418533715,48.334198065427145,46.873739115182524,47.74802780151367,80750200,0.0,0.0,0.0,XLE
2026-01-15 00:00:00-05:00,47.3208197251708,47.75796218217059,46.963155992200576,47.30094909667969,49328800,0.0,0.0,0.0,XLE
2026-01-16 00:00:00-05:00,47.251274912573855,47.49965208639743,47.18172960709805,47.380428314208984,30796300,0.0,0.0,0.0,XLE
2026-01-20 00:00:00-05:00,47.777832732703395,47.996405855814075,47.19166245794416,47.291011810302734,50178700,0.0,0.0,0.0,XLE
2026-01-21 00:00:00-05:00,47.976534892081354,48.73159981856051,47.976534892081354,48.43354797363281,58996000,0.0,0.0,0.0,XLE
2026-01-22 00:00:00-05:00,48.30439179164633,48.681926157724746,48.105689294240065,48.59251022338867,50869500,0.0,0.0,0.0,XLE
2026-01-23 00:00:00-05:00,49.19855290781168,49.56615007780146,48.77134384947151,48.87069320678711,51431200,0.0,0.0,0.0,XLE
2026-01-26 00:00:00-05:00,49.546275791279236,49.56614641926269,48.63224964364896,48.90049743652344,40122600,0.0,0.0,0.0,XLE
2026-01-27 00:00:00-05:00,49.06939491344914,49.49660396484257,48.8408883633909,49.34757614135742,39840300,0.0,0.0,0.0,XLE
2026-01-28 00:00:00-05:00,49.645630376029686,49.81452503390222,49.23829196535106,49.7251091003418,41890400,0.0,0.0,0.0,XLE
2026-01-29 00:00:00-05:00,50.817970009488675,51.39420306758355,50.15231722952111,50.18212127685547,77520700,0.0,0.0,0.0,XLE
2026-01-30 00:00:00-05:00,50.03309687253692,50.75835774169804,49.556213169113235,50.7186164855957,74039400,0.0,0.0,0.0,XLE
2026-02-02 00:00:00-05:00,49.774783776778726,50.18212218745735,49.44692788034709,49.7251091003418,61479900,0.0,0.0,0.0,XLE
2026-02-03 00:00:00-05:00,49.91387700736509,51.443877471427115,49.69530388824132,51.334590911865234,83754100,0.0,0.0,0.0,XLE
2026-02-04 00:00:00-05:00,51.48361849194724,52.61621775870438,51.48361849194724,52.487064361572266,78149900,0.0,0.0,0.0,XLE
2026-02-05 00:00:00-05:00,51.920764613865124,52.14927495713522,51.10608775764971,51.871089935302734,54235600,0.0,0.0,0.0,XLE
2026-02-06 00:00:00-05:00,52.15920730375908,53.073233498294265,52.02011669067198,52.90433883666992,41669600,0.0,0.0,0.0,XLE
2026-02-09 00:00:00-05:00,52.86459622950644,53.37128778131812,52.63608968670435,53.291805267333984,38798500,0.0,0.0,0.0,XLE
2026-02-10 00:00:00-05:00,53.42096209238086,53.44083272074105,52.89440370560781,53.23219680786133,32146000,0.0,0.0,0.0,XLE
2026-02-11 00:00:00-05:00,53.92765106167338,54.75226510243012,53.8978470134313,54.62310791015625,57349700,0.0,0.0,0.0,XLE
2026-02-12 00:00:00-05:00,54.58336799139254,54.881423640863865,53.411027392606044,53.629600524902344,67427800,0.0,0.0,0.0,XLE
2026-02-13 00:00:00-05:00,53.58985778309928,54.22570653309593,53.46070438116699,53.997196197509766,48392100,0.0,0.0,0.0,XLE
2026-02-17 00:00:00-05:00,54.20583593923122,54.55356246763407,52.83479287450657,53.401092529296875,50499600,0.0,0.0,0.0,XLE
2026-02-18 00:00:00-05:00,54.176026974895606,54.503886657661106,53.868041710408434,54.42440414428711,59196100,0.0,0.0,0.0,XLE
2026-02-19 00:00:00-05:00,55.099992905877436,55.51726854059053,54.57343449510463,54.82181167602539,62513500,0.0,0.0,0.0,XLE
2026-02-20 00:00:00-05:00,54.64297791611461,54.93109634562031,54.15615699074515,54.52375793457031,50833500,0.0,0.0,0.0,XLE
2026-02-23 00:00:00-05:00,54.682720880654955,55.56694303542547,54.51382242741997,54.79200744628906,44013500,0.0,0.0,0.0,XLE
2026-02-24 00:00:00-05:00,54.75226585330575,54.861552418272026,54.0468755757134,54.74232864379883,42921700,0.0,0.0,0.0,XLE
2026-02-25 00:00:00-05:00,54.941029687218865,55.01057499218256,53.838234437173256,54.51382064819336,36207500,0.0,0.0,0.0,XLE
2026-02-26 00:00:00-05:00,54.01706743089435,55.308627994218725,53.768690253719086,54.69265365600586,47033500,0.0,0.0,0.0,XLE
2026-02-27 00:00:00-05:00,55.27882180634923,55.785513350540484,54.57343156005572,55.557003021240234,59071500,0.0,0.0,0.0,XLE
2026-03-02 00:00:00-05:00,57.3949996863688,57.504286252867,55.904736593978896,56.66973876953125,135633300,0.0,0.0,0.0,XLE
2026-03-03 00:00:00-05:00,57.01746198619125,57.34532166658233,55.68616021629697,56.15311050415039,154770800,0.0,0.0,0.0,XLE
2026-03-04 00:00:00-05:00,55.696099130609554,56.06369628871972,54.97083823382575,55.825252532958984,70732700,0.0,0.0,0.0,XLE
2026-03-05 00:00:00-05:00,56.163043663338776,56.689605833353845,55.715967795689,56.11336898803711,85177800,0.0,0.0,0.0,XLE
2026-03-06 00:00:00-05:00,56.779022343128695,56.96778762717139,55.80538050561314,56.20278549194336,68219000,0.0,0.0,0.0,XLE
2026-03-09 00:00:00-04:00,56.47103553982345,56.77902460600071,55.57687617991203,55.954410552978516,88747400,0.0,0.0,0.0,XLE
2026-03-10 00:00:00-04:00,55.69609921987172,56.09350042686328,55.01057578967028,55.23908233642578,88817900,0.0,0.0,0.0,XLE
2026-03-11 00:00:00-04:00,55.26889123733204,56.66973838302696,55.17947530080109,56.61012649536133,48743700,0.0,0.0,0.0,XLE
2026-03-12 00:00:00-04:00,56.75915383553338,57.842078484313404,56.689608528817374,57.13668441772461,69358700,0.0,0.0,0.0,XLE
2026-03-13 00:00:00-04:00,57.12674840564499,57.5539574360472,56.729343422501366,57.3254508972168,43374600,0.0,0.0,0.0,XLE
2026-03-16 00:00:00-04:00,57.385060262950034,57.7228533691246,56.898243127246474,57.52415466308594,39474300,0.0,0.0,0.0,XLE
2026-03-17 00:00:00-04:00,57.85201058246843,58.66668740533501,57.603633409888744,58.130191802978516,40137700,0.0,0.0,0.0,XLE
2026-03-18 00:00:00-04:00,58.3587016412086,58.58720818324884,58.05071258544922,58.05071258544922,42908000,0.0,0.0,0.0,XLE
2026-03-19 00:00:00-04:00,58.48785710071508,59.33234178401211,58.14013056578601,58.97467803955078,69231400,0.0,0.0,0.0,XLE
2026-03-20 00:00:00-04:00,59.17338022966787,59.92844518294305,58.89519521325283,58.92500305175781,73003400,0.0,0.0,0.0,XLE
2026-03-23 00:00:00-04:00,57.88999938964844,59.84000015258789,57.65999984741211,59.630001068115234,71027200,0.385,0.0,0.0,XLE
2026-03-24 00:00:00-04:00,59.79999923706055,61.470001220703125,59.77000045776367,60.84000015258789,51207500,0.0,0.0,0.0,XLE
2026-03-25 00:00:00-04:00,60.31999969482422,61.0,60.2599983215332,60.56999969482422,42680700,0.0,0.0,0.0,XLE
2026-03-26 00:00:00-04:00,60.66999816894531,61.86000061035156,60.59000015258789,61.52000045776367,54967600,0.0,0.0,0.0,XLE
2026-03-27 00:00:00-04:00,61.529998779296875,62.790000915527344,61.2599983215332,62.560001373291016,59553200,0.0,0.0,0.0,XLE
2026-03-30 00:00:00-04:00,63.130001068115234,63.459999084472656,61.779998779296875,61.959999084472656,49750100,0.0,0.0,0.0,XLE
2026-03-31 00:00:00-04:00,62.040000915527344,62.83000183105469,60.040000915527344,61.2599983215332,94766900,0.0,0.0,0.0,XLE
2026-04-01 00:00:00-04:00,59.720001220703125,60.619998931884766,58.36000061035156,58.970001220703125,96652900,0.0,0.0,0.0,XLE
2026-04-02 00:00:00-04:00,60.529998779296875,61.0099983215332,58.97999954223633,59.25,60400500,0.0,0.0,0.0,XLE
2026-04-06 00:00:00-04:00,59.11000061035156,59.689998626708984,58.88999938964844,59.68000030517578,25474200,0.0,0.0,0.0,XLE
2026-04-07 00:00:00-04:00,59.810001373291016,60.77000045776367,59.790000915527344,60.15999984741211,38811700,0.0,0.0,0.0,XLE
2026-04-08 00:00:00-04:00,56.68000030517578,58.189998626708984,56.18000030517578,58.04999923706055,88023600,0.0,0.0,0.0,XLE
2026-04-09 00:00:00-04:00,58.20000076293945,59.02000045776367,57.11000061035156,57.33000183105469,55088500,0.0,0.0,0.0,XLE
2026-04-10 00:00:00-04:00,57.16999816894531,57.47999954223633,56.400001525878906,56.939998626708984,42561700,0.0,0.0,0.0,XLE
2026-04-13 00:00:00-04:00,57.619998931884766,57.720001220703125,56.650001525878906,57.11000061035156,43100900,0.0,0.0,0.0,XLE
2026-04-14 00:00:00-04:00,56.5,56.5,55.40999984741211,55.95000076293945,58830100,0.0,0.0,0.0,XLE
2026-04-15 00:00:00-04:00,55.599998474121094,56.209999084472656,55.27000045776367,55.7599983215332,39551500,0.0,0.0,0.0,XLE
2026-04-16 00:00:00-04:00,55.84000015258789,56.880001068115234,55.77000045776367,56.58000183105469,31282600,0.0,0.0,0.0,XLE
2026-04-17 00:00:00-04:00,54.40999984741211,55.15999984741211,53.40999984741211,55.02000045776367,90913300,0.0,0.0,0.0,XLE
2026-04-20 00:00:00-04:00,55.099998474121094,55.720001220703125,54.79999923706055,55.06999969482422,35150000,0.0,0.0,0.0,XLE
2026-04-21 00:00:00-04:00,55.31999969482422,55.959999084472656,54.91999816894531,55.869998931884766,41299800,0.0,0.0,0.0,XLE
2026-04-22 00:00:00-04:00,56.36000061035156,56.779998779296875,56.130001068115234,56.540000915527344,40565500,0.0,0.0,0.0,XLE
2026-04-23 00:00:00-04:00,56.88999938964844,57.189998626708984,56.470001220703125,56.97999954223633,34707200,0.0,0.0,0.0,XLE
2026-04-24 00:00:00-04:00,56.77000045776367,56.91999816894531,56.16999816894531,56.869998931884766,36426700,0.0,0.0,0.0,XLE
2026-04-27 00:00:00-04:00,57.099998474121094,57.68000030517578,56.630001068115234,56.77000045776367,33070600,0.0,0.0,0.0,XLE
2026-04-28 00:00:00-04:00,57.720001220703125,58.04999923706055,57.380001068115234,57.709999084472656,39151300,0.0,0.0,0.0,XLE
2026-04-29 00:00:00-04:00,58.279998779296875,59.11000061035156,58.060001373291016,59.029998779296875,40616700,0.0,0.0,0.0,XLE
2026-04-30 00:00:00-04:00,58.20000076293945,59.84000015258789,57.939998626708984,59.650001525878906,35896800,0.0,0.0,0.0,XLE
2026-05-01 00:00:00-04:00,59.060001373291016,59.599998474121094,58.2599983215332,58.849998474121094,35828400,0.0,0.0,0.0,XLE
2026-05-04 00:00:00-04:00,58.72999954223633,59.630001068115234,58.220001220703125,59.38999938964844,36883000,0.0,0.0,0.0,XLE
2026-05-05 00:00:00-04:00,59.22999954223633,59.7599983215332,58.88999938964844,59.45000076293945,27041400,0.0,0.0,0.0,XLE
2026-05-06 00:00:00-04:00,57.290000915527344,57.88999938964844,56.65999984741211,57.0,57907500,0.0,0.0,0.0,XLE
2026-05-07 00:00:00-04:00,55.869998931884766,56.150001525878906,55.130001068115234,55.95000076293945,52909900,0.0,0.0,0.0,XLE
2026-05-08 00:00:00-04:00,55.849998474121094,56.22999954223633,55.459999084472656,55.70000076293945,30555600,0.0,0.0,0.0,XLE
2024-05-09 00:00:00-04:00,506.74009211038566,509.46873323572237,506.0482217328398,509.342041015625,3153100,0.0,0.0,0.0,IVV
2024-05-10 00:00:00-04:00,511.0475273703041,511.8661495731539,508.8841235512203,510.0535583496094,2421200,0.0,0.0,0.0,IVV
2024-05-13 00:00:00-04:00,511.8174442833787,511.88566775811205,509.06929327805636,510.2289733886719,2566800,0.0,0.0,0.0,IVV
2024-05-14 00:00:00-04:00,510.3556219347792,513.0062851149988,509.8390983045614,512.5580444335938,3288300,0.0,0.0,0.0,IVV
2024-05-15 00:00:00-04:00,515.0430533014439,519.1652496946524,514.3706328029846,518.911865234375,3568800,0.0,0.0,0.0,IVV
2024-05-16 00:00:00-04:00,518.9607090941637,520.5686299962528,517.6353178515619,517.6937866210938,5526300,0.0,0.0,0.0,IVV
2024-05-17 00:00:00-04:00,517.9080740409726,518.6096990887788,516.4462957114637,518.5707397460938,4234400,0.0,0.0,0.0,IVV
2024-05-20 00:00:00-04:00,518.658525156449,520.6270727655912,518.2687532056782,519.175048828125,2270000,0.0,0.0,0.0,IVV
2024-05-21 00:00:00-04:00,518.3661033736238,520.5685257180222,518.2102065127436,520.4418334960938,2676000,0.0,0.0,0.0,IVV
2024-05-22 00:00:00-04:00,519.7110326322951,520.4127173253303,516.7777205765417,518.960693359375,3052600,0.0,0.0,0.0,IVV
2024-05-23 00:00:00-04:00,522.0011883252624,522.0888617369517,513.9321414936775,515.1697998046875,2665000,0.0,0.0,0.0,IVV
2024-05-24 00:00:00-04:00,516.9725362678942,519.3503648298927,516.0467313909021,518.5902709960938,1920700,0.0,0.0,0.0,IVV
2024-05-28 00:00:00-04:00,519.3601290865129,519.5744947041188,516.3001253230962,518.9898071289062,3431400,0.0,0.0,0.0,IVV
2024-05-29 00:00:00-04:00,514.8676961687299,516.446412362796,514.5558429170726,515.2769775390625,4272400,0.0,0.0,0.0,IVV
2024-05-30 00:00:00-04:00,513.7274078159548,514.3803783688876,510.5797304921074,511.934326171875,2718200,0.0,0.0,0.0,IVV
2024-05-31 00:00:00-04:00,512.7724659159459,516.6802971229251,507.6855046351894,516.4561767578125,3933600,0.0,0.0,0.0,IVV
2024-06-03 00:00:00-04:00,518.1615699026855,518.2785074358015,511.86615513029005,516.7777099609375,2958400,0.0,0.0,0.0,IVV
2024-06-04 00:00:00-04:00,515.6765379082736,518.2687922096478,514.1660450905188,517.5379028320312,2188900,0.0,0.0,0.0,IVV
2024-06-05 00:00:00-04:00,519.9156201028767,523.7357177734375,517.8788493043868,523.7357177734375,3201300,0.0,0.0,0.0,IVV
2024-06-06 00:00:00-04:00,524.0573038333195,524.3789117312325,521.7379440457806,523.7161865234375,25007800,0.0,0.0,0.0,IVV
2024-06-07 00:00:00-04:00,522.5956544473441,525.8700245509451,521.6016258702074,523.0536499023438,3081700,0.0,0.0,0.0,IVV
2024-06-10 00:00:00-04:00,522.342207975307,524.9636665848278,521.6502780407767,524.6128540039062,2460000,0.0,0.0,0.0,IVV
2024-06-11 00:00:00-04:00,523.1183423797884,526.0018145834966,521.0852418226086,525.913818359375,3888400,1.611,0.0,0.0,IVV
2024-06-12 00:00:00-04:00,530.5371466738792,532.931837034725,529.2469132799076,530.2927856445312,5384300,0.0,0.0,0.0,IVV
2024-06-13 00:00:00-04:00,532.0033297279829,532.1889868440611,528.5529232480668,531.4070434570312,4779600,0.0,0.0,0.0,IVV
2024-06-14 00:00:00-04:00,529.8333858583617,531.690553649843,528.8070814087357,531.5927734375,5444600,0.0,0.0,0.0,IVV
2024-06-17 00:00:00-04:00,530.9867339672895,537.1935399216018,530.5175798806036,535.9423828125,5746800,0.0,0.0,0.0,IVV
2024-06-18 00:00:00-04:00,535.9912135652786,537.3694431066897,535.5513518040102,537.2423706054688,5221800,0.0,0.0,0.0,IVV
2024-06-20 00:00:00-04:00,538.2198606463128,538.855163548234,534.0852313273481,535.5807495117188,5709600,0.0,0.0,0.0,IVV
2024-06-21 00:00:00-04:00,534.9942651429741,536.1965022620088,533.6844638354906,534.6716918945312,5104200,0.0,0.0,0.0,IVV
2024-06-24 00:00:00-04:00,534.9258743749269,537.4769892660481,533.2153471274122,533.3032836914062,3857000,0.0,0.0,0.0,IVV
2024-06-25 00:00:00-04:00,534.5544397279923,535.7762449022732,533.1469177808825,535.3265991210938,4817500,0.0,0.0,0.0,IVV
2024-06-26 00:00:00-04:00,534.3002604199746,536.7829468977535,533.6942498650958,536.1476440429688,10241900,0.0,0.0,0.0,IVV
2024-06-27 00:00:00-04:00,535.9619663038093,537.4574248276472,535.219099206078,536.9296264648438,6369100,0.0,0.0,0.0,IVV
2024-06-28 00:00:00-04:00,537.7018239028297,540.7710130622801,533.5574699680494,534.8867797851562,5968900,0.0,0.0,0.0,IVV
2024-07-01 00:00:00-04:00,536.2062474969765,536.4506084975565,533.2641315046423,536.0400390625,3912500,0.0,0.0,0.0,IVV
2024-07-02 00:00:00-04:00,534.3393233172408,539.55890080576,534.270895074572,539.4611206054688,2599500,0.0,0.0,0.0,IVV
2024-07-03 00:00:00-04:00,539.1678594381999,542.2956921055899,539.1678594381999,541.8265380859375,4554900,0.0,0.0,0.0,IVV
2024-07-05 00:00:00-04:00,542.2370831026203,545.4724205000944,541.6995008104141,545.17919921875,2759800,0.0,0.0,0.0,IVV
2024-07-08 00:00:00-04:00,545.8634951308004,546.6454385386552,544.6319059256618,545.8145751953125,3145000,0.0,0.0,0.0,IVV
2024-07-09 00:00:00-04:00,546.5965889868343,547.4958209405888,545.9416584230237,546.3228759765625,2257500,0.0,0.0,0.0,IVV
2024-07-10 00:00:00-04:00,547.4664103162198,551.9724729063636,547.1634050350063,551.5228271484375,2124300,0.0,0.0,0.0,IVV
2024-07-11 00:00:00-04:00,551.7672395726339,552.607827249347,546.2251477767775,546.8409423828125,2863400,0.0,0.0,0.0,IVV
2024-07-12 00:00:00-04:00,547.9844739308096,553.9468588965401,547.661900683229,550.340087890625,2778500,0.0,0.0,0.0,IVV
2024-07-15 00:00:00-04:00,552.3439696434806,555.0710174864879,549.998079698331,551.874755859375,3680200,0.0,0.0,0.0,IVV
2024-07-16 00:00:00-04:00,553.292002277162,555.4228232462019,552.4122787278868,555.149169921875,2379500,0.0,0.0,0.0,IVV
2024-07-17 00:00:00-04:00,549.1378908388175,550.7995578113282,547.0266377425559,547.3980712890625,2759200,0.0,0.0,0.0,IVV
2024-07-18 00:00:00-04:00,548.9033662700728,549.8710265174784,540.9958161583049,543.0679931640625,3420300,0.0,0.0,0.0,IVV
2024-07-19 00:00:00-04:00,542.8920123082864,544.4461747542733,538.4935136396088,539.5296020507812,2999800,0.0,0.0,0.0,IVV
2024-07-22 00:00:00-04:00,543.5077804772131,545.6875213903835,541.5431082886777,545.13037109375,2352600,0.0,0.0,0.0,IVV
2024-07-23 00:00:00-04:00,544.9838110358264,547.1048483438074,543.7327134242136,544.221435546875,2344700,0.0,0.0,0.0,IVV
2024-07-24 00:00:00-04:00,539.37321077615,539.6860000473704,531.0062916609792,531.9348754882812,6323800,0.0,0.0,0.0,IVV
2024-07-25 00:00:00-04:00,532.0423417564433,538.014510463824,528.1912098905458,529.1295776367188,4419600,0.0,0.0,0.0,IVV
2024-07-26 00:00:00-04:00,532.9026076345338,537.740968518407,532.1597404722794,535.043212890625,3520400,0.0,0.0,0.0,IVV
2024-07-29 00:00:00-04:00,536.6069427249512,537.6137386260518,533.3813896327015,535.4144897460938,2735200,0.0,0.0,0.0,IVV
2024-07-30 00:00:00-04:00,536.8415688439135,537.8581488228413,529.2468692513401,532.5310668945312,3670900,0.0,0.0,0.0,IVV
2024-07-31 00:00:00-04:00,539.4416176193008,543.8498998836527,538.1416003126575,540.83935546875,4102300,0.0,0.0,0.0,IVV
2024-08-01 00:00:00-04:00,543.0386242994035,545.2378735183423,530.1167823106202,533.7333374023438,4487200,0.0,0.0,0.0,IVV
2024-08-02 00:00:00-04:00,526.5294550317047,527.6828316355661,519.4723389491527,523.6851196289062,5429300,0.0,0.0,0.0,IVV
2024-08-05 00:00:00-04:00,502.76786066239134,514.5167565198759,501.44833513848585,508.4468078613281,10545200,0.0,0.0,0.0,IVV
2024-08-06 00:00:00-04:00,510.34305861290176,520.5769283575173,508.20245385773217,513.275390625,6335500,0.0,0.0,0.0,IVV
2024-08-07 00:00:00-04:00,519.384447038002,522.4047754427066,509.1115003894445,509.727294921875,6968600,0.0,0.0,0.0,IVV
2024-08-08 00:00:00-04:00,514.721974496038,522.0919402650431,512.8648667345486,521.5347900390625,3865200,0.0,0.0,0.0,IVV
2024-08-09 00:00:00-04:00,520.7234693618959,525.2294715580462,519.4528041854653,523.7633056640625,3635600,0.0,0.0,0.0,IVV
2024-08-12 00:00:00-04:00,525.024313100786,526.480695194832,521.8574039134871,524.0175170898438,4646600,0.0,0.0,0.0,IVV
2024-08-13 00:00:00-04:00,527.3604465828989,532.9513982271887,523.8416120099856,532.7363891601562,4299700,0.0,0.0,0.0,IVV
2024-08-14 00:00:00-04:00,533.5378284929538,535.5611449024539,530.9085015250668,534.4761962890625,4218200,0.0,0.0,0.0,IVV
2024-08-15 00:00:00-04:00,540.0965021999409,543.8401297566412,539.4709236663788,543.6250610351562,3944800,0.0,0.0,0.0,IVV
2024-08-16 00:00:00-04:00,541.9439249550322,545.4627000579837,541.7777761526567,544.856689453125,4186100,0.0,0.0,0.0,IVV
2024-08-19 00:00:00-04:00,545.2085726899808,549.9882890920869,544.3777689927376,549.9198608398438,4642800,0.0,0.0,0.0,IVV
2024-08-20 00:00:00-04:00,549.5386180560458,551.2100690194894,547.7499382264435,549.0988159179688,2874800,0.0,0.0,0.0,IVV
2024-08-21 00:00:00-04:00,550.1348633096567,552.4318330136452,548.4047682128911,551.2393798828125,4434000,0.0,0.0,0.0,IVV
2024-08-22 00:00:00-04:00,552.9108457131404,553.5168563464404,545.4627256575226,546.5770263671875,3448300,0.0,0.0,0.0,IVV
2024-08-23 00:00:00-04:00,549.9491053095778,553.4288035558468,547.7205043582582,552.4806518554688,2450100,0.0,0.0,0.0,IVV
2024-08-26 00:00:00-04:00,553.5265680594168,554.230358816217,549.4702109409031,550.9168090820312,5861500,0.0,0.0,0.0,IVV
2024-08-27 00:00:00-04:00,549.8806983233353,552.3927366541009,548.8054740889945,551.9235229492188,2258100,0.0,0.0,0.0,IVV
2024-08-28 00:00:00-04:00,551.5521777333705,552.0213318041577,545.4920124657416,548.697998046875,2890600,0.0,0.0,0.0,IVV
2024-08-29 00:00:00-04:00,550.682254713159,554.0055289117736,547.6326338445695,548.7860107421875,2504500,0.0,0.0,0.0,IVV
2024-08-30 00:00:00-04:00,551.1611709356256,554.533364933114,547.5836922049155,553.9664306640625,3016100,0.0,0.0,0.0,IVV
2024-09-03 00:00:00-04:00,550.8190771313374,551.1513747014143,540.0867008361618,542.735595703125,7817800,0.0,0.0,0.0,IVV
2024-09-04 00:00:00-04:00,540.7709419935773,544.8566511247268,540.0280749409224,541.6017456054688,3948900,0.0,0.0,0.0,IVV
2024-09-05 00:00:00-04:00,541.445374180421,544.2115576215773,537.7017466626608,540.0964965820312,6824000,0.0,0.0,0.0,IVV
2024-09-06 00:00:00-04:00,540.4679783739572,542.0416491598086,530.1754626920164,531.1138305664062,3525700,0.0,0.0,0.0,IVV
2024-09-09 00:00:00-04:00,535.2972761426327,538.2784686653414,533.3716802759205,537.076171875,4313000,0.0,0.0,0.0,IVV
2024-09-10 00:00:00-04:00,538.9529812939716,539.7055727735378,534.095052511601,539.0604858398438,5964600,0.0,0.0,0.0,IVV
2024-09-11 00:00:00-04:00,539.2559171773635,545.8145288494945,530.6641454322244,544.876220703125,4692000,0.0,0.0,0.0,IVV
2024-09-12 00:00:00-04:00,545.4528365050669,549.7536140332753,543.3220157119607,549.4896850585938,3480300,0.0,0.0,0.0,IVV
2024-09-13 00:00:00-04:00,550.0860518993063,553.3897582677101,549.8709831621394,552.3048095703125,3952900,0.0,0.0,0.0,IVV
2024-09-16 00:00:00-04:00,552.1288391675902,553.4875007727416,550.3303754480463,553.2235717773438,2453800,0.0,0.0,0.0,IVV
2024-09-17 00:00:00-04:00,555.4424266215709,556.8401646081214,551.2491530034623,553.4288940429688,3725800,0.0,0.0,0.0,IVV
2024-09-18 00:00:00-04:00,554.103237973472,558.9415976570963,551.2295502556818,551.7769165039062,5198300,0.0,0.0,0.0,IVV
2024-09-19 00:00:00-04:00,561.2679397624445,563.1055394997497,558.4333875801645,561.2386474609375,3623500,0.0,0.0,0.0,IVV
2024-09-20 00:00:00-04:00,559.8604487527439,561.2581866280653,557.2506301051782,560.065673828125,8763600,0.0,0.0,0.0,IVV
2024-09-23 00:00:00-04:00,561.3559440372501,562.3040958794674,560.143922843864,561.619873046875,31440700,0.0,0.0,0.0,IVV
2024-09-24 00:00:00-04:00,562.4702538692253,563.3499178182536,559.6942862047808,563.252197265625,7326000,0.0,0.0,0.0,IVV
2024-09-25 00:00:00-04:00,563.1197024185662,563.8752840133328,560.9707627227975,561.9225463867188,31448300,2.235,0.0,0.0,IVV
2024-09-26 00:00:00-04:00,566.3676768787503,566.6423957292479,561.893179377218,564.32666015625,8915300,0.0,0.0,0.0,IVV
2024-09-27 00:00:00-04:00,565.3472302160419,566.1027520154041,562.4034801183603,563.3062133789062,7128700,0.0,0.0,0.0,IVV
2024-09-30 00:00:00-04:00,562.4426356887504,566.3676353104684,560.175950802838,566.0045776367188,6090000,0.0,0.0,0.0,IVV
2024-10-01 00:00:00-04:00,565.3373809113829,565.4060755972442,558.0957512285213,560.6567993164062,5475700,0.0,0.0,0.0,IVV
2024-10-02 00:00:00-04:00,559.7540447833721,561.8833404010045,557.3205041867627,560.8824462890625,4400400,0.0,0.0,0.0,IVV
2024-10-03 00:00:00-04:00,559.4400474680466,561.785249258726,557.575648577811,559.8129272460938,2553800,0.0,0.0,0.0,IVV
2024-10-04 00:00:00-04:00,564.3461934341968,565.3176211384781,560.2151102801768,564.8956909179688,2433500,0.0,0.0,0.0,IVV
2024-10-07 00:00:00-04:00,563.2668940912959,563.8065695440123,558.6550077039435,559.83251953125,2664300,0.0,0.0,0.0,IVV
2024-10-08 00:00:00-04:00,562.3641590811952,565.6906108718964,561.530120558324,565.14111328125,2307800,0.0,0.0,0.0,IVV
2024-10-09 00:00:00-04:00,565.1411220910657,569.586153406155,564.5425739704631,568.977783203125,2048800,0.0,0.0,0.0,IVV
2024-10-10 00:00:00-04:00,567.682565702333,569.4488036447044,566.4461811754497,567.9769287109375,2197600,0.0,0.0,0.0,IVV
2024-10-11 00:00:00-04:00,567.9670055483139,572.1569612791261,567.8688446357525,571.4307861328125,2591700,0.0,0.0,0.0,IVV
2024-10-14 00:00:00-04:00,573.0793744224314,577.0239580646785,572.7359010430183,576.140869140625,1679300,0.0,0.0,0.0,IVV
2024-10-15 00:00:00-04:00,576.44501883211,576.6510429563812,570.508409734945,571.5681762695312,3872000,0.0,0.0,0.0,IVV
2024-10-16 00:00:00-04:00,571.6664384022291,574.6592387908448,570.8618062511604,574.1097412109375,1842500,0.0,0.0,0.0,IVV
2024-10-17 00:00:00-04:00,577.7500308497894,577.8874201914442,574.0114716195693,574.2764282226562,2731000,0.0,0.0,0.0,IVV
2024-10-18 00:00:00-04:00,575.8956318065248,577.1908290640973,574.4728073707462,576.4451293945312,4120400,0.0,0.0,0.0,IVV
2024-10-21 00:00:00-04:00,575.6698875382009,576.6609595635765,572.5004693859846,575.5914306640625,3512800,0.0,0.0,0.0,IVV
2024-10-22 00:00:00-04:00,572.9125581872785,576.2782381923266,572.3532385515837,575.1400146484375,2640900,0.0,0.0,0.0,IVV
2024-10-23 00:00:00-04:00,573.0794466840692,573.5209612563993,566.4068989992555,569.900146484375,2911600,0.0,0.0,0.0,IVV
2024-10-24 00:00:00-04:00,571.9019313497663,571.9019313497663,568.5460133629207,571.116943359375,4080600,0.0,0.0,0.0,IVV
2024-10-25 00:00:00-04:00,573.4227993412048,576.2880321698093,570.0178311757264,570.9893188476562,3781700,0.0,0.0,0.0,IVV
2024-10-28 00:00:00-04:00,574.4334925293894,574.4629587747105,572.4219421602826,572.70654296875,3635600,0.0,0.0,0.0,IVV
2024-10-29 00:00:00-04:00,571.7449059011193,574.7279441538258,570.3711918711979,573.5896606445312,3912700,0.0,0.0,0.0,IVV
2024-10-30 00:00:00-04:00,573.1578141386624,575.149780007443,571.2443650243606,571.7448120117188,3831000,0.0,0.0,0.0,IVV
2024-10-31 00:00:00-04:00,567.4961467173957,567.5746035954171,560.4703632359544,560.5292358398438,8318700,0.0,0.0,0.0,IVV
2024-11-01 00:00:00-04:00,563.2669525072267,567.4666712615902,562.6389381487671,562.9627075195312,3188800,0.0,0.0,0.0,IVV
2024-11-04 00:00:00-05:00,563.1785971874144,564.473854304828,559.9404843392523,561.8342895507812,3496000,0.0,0.0,0.0,IVV
2024-11-05 00:00:00-05:00,562.8155289090392,568.6638000459816,562.6094448633017,568.62451171875,2988700,0.0,0.0,0.0,IVV
2024-11-06 00:00:00-05:00,580.9784521161088,583.6474230715378,577.2692987813176,582.7446899414062,5260500,0.0,0.0,0.0,IVV
2024-11-07 00:00:00-05:00,584.8347780168673,588.2985591126927,584.7464391715946,587.2879028320312,3892800,0.0,0.0,0.0,IVV
2024-11-08 00:00:00-05:00,587.8863819108689,591.2618836559698,587.8863819108689,589.8587036132812,5485700,0.0,0.0,0.0,IVV
2024-11-11 00:00:00-05:00,591.4974547672346,591.7820555813122,588.7009163807578,590.3101806640625,3995600,0.0,0.0,0.0,IVV
2024-11-12 00:00:00-05:00,590.3395712283711,590.9282972232259,586.1496149109721,588.504638671875,6449700,0.0,0.0,0.0,IVV
2024-11-13 00:00:00-05:00,589.0345069834365,590.8694395863988,586.7187714907102,588.9462280273438,3592600,0.0,0.0,0.0,IVV
2024-11-14 00:00:00-05:00,589.0050639176596,589.4858667774566,584.4618721714614,585.0505981445312,2687700,0.0,0.0,0.0,IVV
2024-11-15 00:00:00-05:00,581.508391330717,581.9401437420294,575.7484584127603,577.6226196289062,5426600,0.0,0.0,0.0,IVV
2024-11-18 00:00:00-05:00,578.0445272650113,581.2728178603888,577.1810225657524,580.026611328125,5775700,0.0,0.0,0.0,IVV
2024-11-19 00:00:00-05:00,576.6118708668467,582.8231993668641,575.9838565708591,582.0479736328125,3747700,0.0,0.0,0.0,IVV
2024-11-20 00:00:00-05:00,582.1068432120206,582.5385955519314,576.4843006026687,582.3129272460938,4696900,0.0,0.0,0.0,IVV
2024-11-21 00:00:00-05:00,585.1782142682135,586.8071227475795,579.2514860451979,585.2959594726562,4175400,0.0,0.0,0.0,IVV
2024-11-22 00:00:00-05:00,585.4530048658797,587.8472572226264,584.9722019562076,587.2290649414062,3302700,0.0,0.0,0.0,IVV
2024-11-25 00:00:00-05:00,591.1735714513067,592.4492441755202,586.9346247811475,588.9657592773438,4637900,0.0,0.0,0.0,IVV
2024-11-26 00:00:00-05:00,590.4671920623971,592.9497833291381,589.7607208044969,592.4395141601562,4413200,0.0,0.0,0.0,IVV
2024-11-27 00:00:00-05:00,592.1548540527145,592.4688612105981,589.00508017375,590.5358276367188,4669400,0.0,0.0,0.0,IVV
2024-11-29 00:00:00-05:00,591.3306622766781,594.9514769885237,591.0853497891296,593.7249145507812,3132700,0.0,0.0,0.0,IVV
2024-12-02 00:00:00-05:00,594.6080531836667,595.9131324957247,594.127250250474,595.334228515625,6048800,0.0,0.0,0.0,IVV
2024-12-03 00:00:00-05:00,595.0397324095837,595.834542442174,594.0290761440453,595.5794677734375,4839900,0.0,0.0,0.0,IVV
2024-12-04 00:00:00-05:00,597.2672454745659,599.4652359018407,596.6000026584823,599.2493896484375,7524500,0.0,0.0,0.0,IVV
2024-12-05 00:00:00-05:00,599.2002172581527,600.0734840674671,597.9834171919816,598.2974243164062,3119000,0.0,0.0,0.0,IVV
2024-12-06 00:00:00-05:00,599.0235356103472,600.6132153830418,598.611427464474,599.3768310546875,4985800,0.0,0.0,0.0,IVV
2024-12-09 00:00:00-05:00,599.2983328326418,599.3964338592097,595.7069848117989,596.285888671875,2973800,0.0,0.0,0.0,IVV
2024-12-10 00:00:00-05:00,596.9826785092673,597.3064478752578,593.8132004076053,594.5589599609375,4489100,0.0,0.0,0.0,IVV
2024-12-11 00:00:00-05:00,597.3849427600353,600.014685373899,597.100401842263,599.1414184570312,4892100,0.0,0.0,0.0,IVV
2024-12-12 00:00:00-05:00,598.1994369306348,598.7292903652176,595.962158203125,595.962158203125,5830800,0.0,0.0,0.0,IVV
2024-12-13 00:00:00-05:00,598.0128875400959,598.7095964669536,594.4705900942158,595.8541259765625,9728800,0.0,0.0,0.0,IVV
2024-12-16 00:00:00-05:00,597.5910587490321,599.3867629783754,596.8943497039081,598.3956909179688,23494300,0.0,0.0,0.0,IVV
2024-12-17 00:00:00-05:00,595.8098742804696,596.7748568987046,594.5199252311933,595.7901611328125,20235900,2.134,0.0,0.0,IVV
2024-12-18 00:00:00-05:00,595.6030199872438,598.0155364453548,577.711116147522,578.2723999023438,33342500,0.0,0.0,0.0,IVV
2024-12-19 00:00:00-05:00,583.1958895045432,584.7122992581404,577.7504933920259,577.8489990234375,19020700,0.0,0.0,0.0,IVV
2024-12-20 00:00:00-05:00,575.5842016500122,589.4093075282733,574.7373176781538,584.24951171875,16782900,0.0,0.0,0.0,IVV
2024-12-23 00:00:00-05:00,584.5941138128115,588.9858781047818,581.4430756719975,588.4935302734375,16542300,0.0,0.0,0.0,IVV
2024-12-24 00:00:00-05:00,589.7244003077165,595.1106567382812,589.1532599946206,595.1106567382812,2365700,0.0,0.0,0.0,IVV
2024-12-26 00:00:00-05:00,593.111773388284,596.0757170393599,591.8021112887504,594.8251342773438,10375300,0.0,0.0,0.0,IVV
2024-12-27 00:00:00-05:00,591.181756053993,591.3787072153546,584.5252034669434,588.38525390625,7034200,0.0,0.0,0.0,IVV
2024-12-30 00:00:00-05:00,581.7385947670582,585.4705700920349,578.2527332830634,581.9354858398438,3730600,0.0,0.0,0.0,IVV
2024-12-31 00:00:00-05:00,583.668577869093,584.3381637998107,578.2626075525874,579.6707153320312,7228800,0.0,0.0,0.0,IVV
2025-01-02 00:00:00-05:00,583.1072072841291,584.8205681020517,574.4025313790155,578.45947265625,9400400,0.0,0.0,0.0,IVV
2025-01-03 00:00:00-05:00,581.3052779828918,586.3173453703274,580.2516463862645,585.5098876953125,5867300,0.0,0.0,0.0,IVV
2025-01-06 00:00:00-05:00,589.9803989113593,593.3381844977907,587.30199559898,589.1433715820312,4188000,0.0,0.0,0.0,IVV
2025-01-07 00:00:00-05:00,591.1029357586947,591.3786793918389,580.57653675542,582.5164184570312,3810700,0.0,0.0,0.0,IVV
2025-01-08 00:00:00-05:00,582.4376541098974,584.2888868471185,578.9813625622021,583.126953125,5303600,0.0,0.0,0.0,IVV
2025-01-10 00:00:00-05:00,579.6804810831724,579.6804810831724,572.4331355674253,574.4025268554688,5881200,0.0,0.0,0.0,IVV
2025-01-13 00:00:00-05:00,569.6563548464723,575.5645294180126,569.1541503917218,575.2395629882812,3658800,0.0,0.0,0.0,IVV
2025-01-14 00:00:00-05:00,578.1541678427586,578.7449611407105,572.2755040734231,576.0370483398438,4063200,0.0,0.0,0.0,IVV
2025-01-15 00:00:00-05:00,584.101826617476,587.6467674317897,576.0371658988167,586.5143432617188,5156300,0.0,0.0,0.0,IVV
2025-01-16 00:00:00-05:00,587.8928032126275,588.0601846250294,584.7319089137235,585.5196533203125,4562400,0.0,0.0,0.0,IVV
2025-01-17 00:00:00-05:00,590.581077463964,593.0132468907419,589.3502078914521,591.0734252929688,4002700,0.0,0.0,0.0,IVV
2025-01-21 00:00:00-05:00,594.3721353987632,596.6862062700912,592.3928874977016,596.43017578125,7109800,0.0,0.0,0.0,IVV
2025-01-22 00:00:00-05:00,599.5812554239739,601.3930619147714,599.0494812638672,599.97509765625,3865300,0.0,0.0,0.0,IVV
2025-01-23 00:00:00-05:00,599.4532122465768,603.3230590820312,599.1381024147997,603.3230590820312,4935900,0.0,0.0,0.0,IVV
2025-01-24 00:00:00-05:00,603.3722910648227,604.3963529579527,600.4280605336495,601.540771484375,4319400,0.0,0.0,0.0,IVV
2025-01-27 00:00:00-05:00,588.5230414001584,593.3087080098994,588.3753731110086,593.151123046875,4649800,0.0,0.0,0.0,IVV
2025-01-28 00:00:00-05:00,594.293453363002,598.9805546364162,590.9651769282227,598.1928100585938,5644500,0.0,0.0,0.0,IVV
2025-01-29 00:00:00-05:00,597.3262775185619,597.7398930084262,592.9345729159232,595.6522827148438,5827800,0.0,0.0,0.0,IVV
2025-01-30 00:00:00-05:00,597.6314554819505,600.1719870379858,594.3918284926442,598.6358642578125,2901100,0.0,0.0,0.0,IVV
2025-01-31 00:00:00-05:00,601.0976984252094,603.5200716968252,594.7168889598602,595.4061279296875,5415400,0.0,0.0,0.0,IVV
2025-02-03 00:00:00-05:00,586.4650150191259,593.909311258965,584.2593065185882,591.4869384765625,4540200,0.0,0.0,0.0,IVV
2025-02-04 00:00:00-05:00,591.4770515825795,595.9180380721267,591.0044169569936,595.435546875,3340800,0.0,0.0,0.0,IVV
2025-02-05 00:00:00-05:00,594.3130918362612,597.995844225598,592.294477623508,597.877685546875,2787600,0.0,0.0,0.0,IVV
2025-02-06 00:00:00-05:00,599.5812605281077,600.0736083984375,596.3415730766599,600.0736083984375,5303600,0.0,0.0,0.0,IVV
2025-02-07 00:00:00-05:00,600.5068657644094,601.737735417351,593.7616640056549,594.5592651367188,4828400,0.0,0.0,0.0,IVV
2025-02-10 00:00:00-05:00,597.6906175659499,599.0987253009733,596.44989128306,598.4488525390625,2091800,0.0,0.0,0.0,IVV
2025-02-11 00:00:00-05:00,596.2036172413042,599.4433042362674,596.11502829372,598.92138671875,3962700,0.0,0.0,0.0,IVV
2025-02-12 00:00:00-05:00,592.8950848116123,598.1632426123113,592.3042914606241,596.932373046875,4838800,0.0,0.0,0.0,IVV
2025-02-13 00:00:00-05:00,598.1139483821582,603.5297743671542,596.873282368661,603.29345703125,3370400,0.0,0.0,0.0,IVV
2025-02-14 00:00:00-05:00,603.5396620746577,604.5342143321043,602.6731250642719,603.3033447265625,2797300,0.0,0.0,0.0,IVV
2025-02-18 00:00:00-05:00,604.4652381533131,605.0757446289062,602.0034991062277,605.0757446289062,3723600,0.0,0.0,0.0,IVV
2025-02-19 00:00:00-05:00,603.7071558832047,606.7891983493564,603.175381702894,606.4248657226562,3210800,0.0,0.0,0.0,IVV
2025-02-20 00:00:00-05:00,605.1250426835447,605.2333447800834,600.6347728519148,604.0714111328125,2625900,0.0,0.0,0.0,IVV
2025-02-21 00:00:00-05:00,603.7563377543694,603.835070137848,593.190511992589,593.6434936523438,3615100,0.0,0.0,0.0,IVV
2025-02-24 00:00:00-05:00,595.6522119507193,596.6271111172438,590.2462425141533,590.8173828125,5666900,0.0,0.0,0.0,IVV
2025-02-25 00:00:00-05:00,590.8567382073394,591.5756068786771,583.3730755355202,587.9420776367188,4592100,0.0,0.0,0.0,IVV
2025-02-26 00:00:00-05:00,589.645652347376,593.2201026836709,585.6675032030489,588.1390991210938,4111800,0.0,0.0,0.0,IVV
2025-02-27 00:00:00-05:00,590.5712016214014,591.6839124867297,578.4200311535823,578.784423828125,8190500,0.0,0.0,0.0,IVV
2025-02-28 00:00:00-05:00,579.4047811047408,588.5132164981403,576.3423918453759,587.9027099609375,5788200,0.0,0.0,0.0,IVV
2025-03-03 00:00:00-05:00,589.9115189751202,591.0143733551315,573.7723419679288,577.8095703125,6730100,0.0,0.0,0.0,IVV
2025-03-04 00:00:00-05:00,573.5459260923767,579.1586439618064,566.1311380148154,570.8380126953125,5683400,0.0,0.0,0.0,IVV
2025-03-05 00:00:00-05:00,570.5622219812076,578.6564518841012,567.0173415032308,577.0907592773438,6225900,0.0,0.0,0.0,IVV
2025-03-06 00:00:00-05:00,569.4002975137881,573.9594434848452,564.1026297560725,566.7317504882812,5006500,0.0,0.0,0.0,IVV
2025-03-07 00:00:00-05:00,564.8509912784544,571.2416566656723,559.7010520720074,569.6563110351562,6534100,0.0,0.0,0.0,IVV
2025-03-10 00:00:00-04:00,561.5620971676884,563.4625526838083,549.7063824060941,554.8169555664062,7935600,0.0,0.0,0.0,IVV
2025-03-11 00:00:00-04:00,553.3891608590031,556.8257394471759,546.1516710593363,550.0904541015625,13308900,0.0,0.0,0.0,IVV
2025-03-12 00:00:00-04:00,556.1758118157001,557.0915715705389,547.786185531165,552.8869018554688,11461400,0.0,0.0,0.0,IVV
2025-03-13 00:00:00-04:00,552.5423731012654,553.0544341626158,543.8278390902684,545.58056640625,26587800,0.0,0.0,0.0,IVV
2025-03-14 00:00:00-04:00,550.1396858383978,557.8597271714884,545.5903961585434,556.904541015625,9822900,0.0,0.0,0.0,IVV
2025-03-17 00:00:00-04:00,556.7567830276049,563.6693662444748,556.4417332847619,560.8925170898438,11698400,0.0,0.0,0.0,IVV
2025-03-18 00:00:00-04:00,558.8528249344648,559.0009522164452,553.1040756576107,555.0499267578125,18534400,1.765,0.0,0.0,IVV
2025-03-19 00:00:00-04:00,556.7982535990869,564.8188301514652,555.6721969171966,561.0554809570312,16095700,0.0,0.0,0.0,IVV
2025-03-20 00:00:00-04:00,557.2921459597087,564.4829808539183,556.6797418443838,559.801025390625,7660900,0.0,0.0,0.0,IVV
2025-03-21 00:00:00-04:00,554.9807640851647,560.5517243255221,553.785617495064,559.6430053710938,7306300,0.0,0.0,0.0,IVV
2025-03-24 00:00:00-04:00,566.4683797568192,570.7256072156188,565.8856372712743,569.6588134765625,19735400,0.0,0.0,0.0,IVV
2025-03-25 00:00:00-04:00,570.9033811229309,571.9998364618634,569.332882328232,570.8836669921875,3640900,0.0,0.0,0.0,IVV
2025-03-26 00:00:00-04:00,570.8342967283185,571.7726774022723,562.8729822471767,564.4237670898438,3437900,0.0,0.0,0.0,IVV
2025-03-27 00:00:00-04:00,562.8630896938996,566.5079129377303,560.7097278561778,562.645751953125,3680200,0.0,0.0,0.0,IVV
2025-03-28 00:00:00-04:00,561.1542361847128,561.9148278536632,550.8618320697102,551.2865600585938,7466000,0.0,0.0,0.0,IVV
2025-03-31 00:00:00-04:00,545.5773762844856,556.4130346527586,542.6733701645885,555.0203247070312,6451200,0.0,0.0,0.0,IVV
2025-04-01 00:00:00-04:00,553.1633457112073,558.5663441568978,549.4592592963086,556.8773193359375,4466700,0.0,0.0,0.0,IVV
2025-04-02 00:00:00-04:00,550.8025963152322,563.0606264935878,550.5655444295256,560.2554321289062,3745500,0.0,0.0,0.0,IVV
2025-04-03 00:00:00-04:00,540.9051798738697,543.7301482499128,532.8154538603964,533.45751953125,12111300,0.0,0.0,0.0,IVV
2025-04-04 00:00:00-04:00,519.6783687952,521.7822946548876,501.2073430385937,501.3949890136719,17517100,0.0,0.0,0.0,IVV
2025-04-07 00:00:00-04:00,485.3933402893503,519.125212829074,478.0740622886918,500.1800537109375,29219900,0.0,0.0,0.0,IVV
2025-04-08 00:00:00-04:00,517.8707395380413,520.9328203041114,485.4723442852952,492.6928405761719,12062500,0.0,0.0,0.0,IVV
2025-04-09 00:00:00-04:00,489.58146922306355,542.1103791573569,489.2752671408265,539.5619506835938,21339000,0.0,0.0,0.0,IVV
2025-04-10 00:00:00-04:00,528.1335713125239,529.3682667811853,505.66211378288796,520.6068725585938,10186400,0.0,0.0,0.0,IVV
2025-04-11 00:00:00-04:00,518.9374988221678,532.3314712273138,516.1026431935875,530.4053344726562,11196100,0.0,0.0,0.0,IVV
2025-04-14 00:00:00-04:00,539.9273031425596,540.1446408618475,529.871952001833,534.8897705078125,5791300,0.0,0.0,0.0,IVV
2025-04-15 00:00:00-04:00,535.5219006742959,539.0087091665092,532.7068194837675,533.5760498046875,4528700,0.0,0.0,0.0,IVV
2025-04-16 00:00:00-04:00,527.5902958176683,530.9684056013652,516.3397366975995,521.6736450195312,6763400,0.0,0.0,0.0,IVV
2025-04-17 00:00:00-04:00,523.550364959355,527.1063240661667,519.915428750159,522.1971435546875,4320700,0.0,0.0,0.0,IVV
2025-04-21 00:00:00-04:00,517.2386559273482,517.6436095191692,504.57558167341585,510.0576477050781,4588600,0.0,0.0,0.0,IVV
2025-04-22 00:00:00-04:00,516.1421578479674,525.2493023286414,515.2038375886204,522.8984375,6635100,0.0,0.0,0.0,IVV
2025-04-23 00:00:00-04:00,536.312251671992,541.132507862057,529.8029102869768,531.2647705078125,6854700,0.0,0.0,0.0,IVV
2025-04-24 00:00:00-04:00,532.5784319003271,543.1573235233426,531.3832250797549,542.4954833984375,6140000,0.0,0.0,0.0,IVV
2025-04-25 00:00:00-04:00,542.4856802183376,546.8416591432356,539.5915613818917,546.4169311523438,3718000,0.0,0.0,0.0,IVV
2025-04-28 00:00:00-04:00,547.2269072650772,549.2616829425776,540.905242485031,546.6539916992188,5443400,0.0,0.0,0.0,IVV
2025-04-29 00:00:00-04:00,544.7772977840323,551.1878269569133,544.4315468830197,550.1309204101562,2676600,0.0,0.0,0.0,IVV
2025-04-30 00:00:00-04:00,543.3943911443986,552.2249350892107,537.4381915747055,551.1285400390625,8939200,0.0,0.0,0.0,IVV
2025-05-01 00:00:00-04:00,556.126638757363,559.7812892802597,553.6671349181664,554.239990234375,5403000,0.0,0.0,0.0,IVV
2025-05-02 00:00:00-04:00,560.4232903880797,564.068113567927,558.3391390519679,562.3692016601562,3569400,0.0,0.0,0.0,IVV
2025-05-05 00:00:00-04:00,558.3688066341366,562.3692683774381,557.4995761588982,559.238037109375,3189900,0.0,0.0,0.0,IVV
2025-05-06 00:00:00-04:00,553.7361794814665,559.0700878267608,552.5410328956094,554.6646728515625,4470500,0.0,0.0,0.0,IVV
2025-05-07 00:00:00-04:00,555.9191028843844,559.5244373783945,551.8495518825005,556.8673706054688,4836900,0.0,0.0,0.0,IVV
2025-05-08 00:00:00-04:00,560.956705397082,566.0140735830355,557.5292196590318,560.3838500976562,5915500,0.0,0.0,0.0,IVV
2025-05-09 00:00:00-04:00,562.2210463259471,563.1396525084353,558.5564485178122,559.94921875,2782000,0.0,0.0,0.0,IVV
2025-05-12 00:00:00-04:00,577.1164467426491,578.6079685413945,572.7011443184491,578.538818359375,5095700,0.0,0.0,0.0,IVV
2025-05-13 00:00:00-04:00,579.0722173130481,584.6332909351778,578.5190761139952,582.717041015625,7068500,0.0,0.0,0.0,IVV
2025-05-14 00:00:00-04:00,583.437974533656,584.524542594829,581.1661471880874,583.0527954101562,6298100,0.0,0.0,0.0,IVV
2025-05-15 00:00:00-04:00,581.156304579391,586.5297014698363,580.7414637980162,585.9172973632812,3084100,0.0,0.0,0.0,IVV
2025-05-16 00:00:00-04:00,586.8359225740421,590.0362435671242,584.89007146311,589.7300415039062,3596500,0.0,0.0,0.0,IVV
2025-05-19 00:00:00-04:00,583.7442674488701,591.0832903853733,583.6751172652044,590.4708862304688,4753500,0.0,0.0,0.0,IVV
2025-05-20 00:00:00-04:00,588.6830297621851,589.5720346219013,585.1863938705076,588.278076171875,21340900,0.0,0.0,0.0,IVV
2025-05-21 00:00:00-04:00,584.0010779004745,588.1298923727578,577.4423610071444,578.499267578125,7124200,0.0,0.0,0.0,IVV
2025-05-22 00:00:00-04:00,578.2819937297297,582.2033576811918,577.0275238154867,578.5881958007812,6368600,0.0,0.0,0.0,IVV
2025-05-23 00:00:00-04:00,571.6244491036739,577.4027991315215,571.2293224830271,574.8741455078125,6303600,0.0,0.0,0.0,IVV
2025-05-27 00:00:00-04:00,581.6798115817083,586.8754192729226,579.9907266352619,586.66796875,4533600,0.0,0.0,0.0,IVV
2025-05-28 00:00:00-04:00,587.1619019648324,588.3472216724019,582.608359545183,583.2108764648438,5337400,0.0,0.0,0.0,IVV
2025-05-29 00:00:00-04:00,588.6040116737671,588.7521389481622,581.6699430568294,585.522216796875,3830400,0.0,0.0,0.0,IVV
2025-05-30 00:00:00-04:00,584.4949495027004,586.7075141434796,578.8746133000674,584.8999633789062,5930100,0.0,0.0,0.0,IVV
2025-06-02 00:00:00-04:00,583.3195208004582,588.3472273241512,580.6822281344837,588.2978515625,3679000,0.0,0.0,0.0,IVV
2025-06-03 00:00:00-04:00,587.9224383617951,592.624107622705,587.4878231861646,591.5968627929688,3773800,0.0,0.0,0.0,IVV
2025-06-04 00:00:00-04:00,592.5155244958805,593.4736795290896,591.0734387729608,591.4389038085938,3686300,0.0,0.0,0.0,IVV
2025-06-05 00:00:00-04:00,593.1772613156224,594.5107080740584,586.6580342054194,588.6829223632812,5139600,0.0,0.0,0.0,IVV
2025-06-06 00:00:00-04:00,594.1650559538325,596.3380715099482,592.4561966169638,594.6292724609375,3624600,0.0,0.0,0.0,IVV
2025-06-09 00:00:00-04:00,595.2516457851476,596.7628817315958,594.046551624157,595.1923828125,3883600,0.0,0.0,0.0,IVV
2025-06-10 00:00:00-04:00,595.7355807289131,598.9951644936009,594.6194112758377,598.6099853515625,6921000,0.0,0.0,0.0,IVV
2025-06-11 00:00:00-04:00,599.7064392891696,600.5558953299233,594.8565215706124,596.9110717773438,20207000,0.0,0.0,0.0,IVV
2025-06-12 00:00:00-04:00,595.5874104231663,599.232233723354,595.0935322539693,599.0841064453125,6968300,0.0,0.0,0.0,IVV
2025-06-13 00:00:00-04:00,594.0960077884428,597.3654791805737,591.0635882949282,592.4464111328125,7231400,0.0,0.0,0.0,IVV
2025-06-16 00:00:00-04:00,595.9609165998729,600.0134816029998,595.8717748050242,598.22998046875,10221900,1.867,0.0,0.0,IVV
2025-06-17 00:00:00-04:00,595.7824909379725,597.3084240855833,592.3739970360826,593.2756958007812,11753100,0.0,0.0,0.0,IVV
2025-06-18 00:00:00-04:00,594.0089074093144,596.7931669249159,592.2451822086584,593.136962890625,4192000,0.0,0.0,0.0,IVV
2025-06-20 00:00:00-04:00,595.7230952452313,596.7932200636541,590.243777984787,591.1949462890625,7447400,0.0,0.0,0.0,IVV
2025-06-23 00:00:00-04:00,592.3938200638061,597.8632791161926,589.2627906131293,597.407470703125,6750400,0.0,0.0,0.0,IVV
2025-06-24 00:00:00-04:00,601.628488711945,605.116266874147,600.7565441713946,603.92724609375,7360000,0.0,0.0,0.0,IVV
2025-06-25 00:00:00-04:00,605.1954620024427,605.7503302769484,602.8769290424428,604.3731079101562,13558900,0.0,0.0,0.0,IVV
2025-06-26 00:00:00-04:00,606.2953609123681,609.5948164238014,605.6810446052245,609.129150390625,4955900,0.0,0.0,0.0,IVV
2025-06-27 00:00:00-04:00,610.1695322197845,613.6374742331261,608.1680149054438,611.804443359375,7933800,0.0,0.0,0.0,IVV
2025-06-30 00:00:00-04:00,614.6282681205286,616.4216870064394,612.3295109034538,615.212890625,6552400,0.0,0.0,0.0,IVV
2025-07-01 00:00:00-04:00,613.6275386403088,615.9857439801746,612.8150421346644,614.9849853515625,6039400,0.0,0.0,0.0,IVV
2025-07-02 00:00:00-04:00,614.5193611175016,617.9873032677402,613.9050447746912,617.7098388671875,4920900,0.0,0.0,0.0,IVV
2025-07-03 00:00:00-04:00,619.6716727051967,623.4863844386144,619.6716727051967,622.416259765625,4229400,0.0,0.0,0.0,IVV
2025-07-07 00:00:00-04:00,620.6031083706481,621.2570365364617,615.1633428488901,618.1160888671875,7472300,0.0,0.0,0.0,IVV
2025-07-08 00:00:00-04:00,618.6016501194732,619.3447806168892,616.8181490208979,617.6207275390625,4685600,0.0,0.0,0.0,IVV
2025-07-09 00:00:00-04:00,620.0184992154389,621.9704261492782,618.1755502322371,621.2868041992188,3019800,0.0,0.0,0.0,IVV
2025-07-10 00:00:00-04:00,621.435340146818,624.1007035220736,620.2760736902511,623.0900268554688,2556800,0.0,0.0,0.0,IVV
2025-07-11 00:00:00-04:00,620.028384129451,622.069513216693,618.7997515397082,620.7021484375,2739200,0.0,0.0,0.0,IVV
2025-07-14 00:00:00-04:00,620.4346683438889,622.3866558577057,619.0276915644812,621.9902954101562,2590500,0.0,0.0,0.0,IVV
2025-07-15 00:00:00-04:00,624.7447577329287,625.0816096289344,619.265380859375,619.265380859375,3813800,0.0,0.0,0.0,IVV
2025-07-16 00:00:00-04:00,621.0192585287459,621.9704267914526,615.3615369823954,621.5047607421875,4667300,0.0,0.0,0.0,IVV
2025-07-17 00:00:00-04:00,621.6930379412872,625.6365642369274,621.5047758053786,625.1510620117188,3575400,0.0,0.0,0.0,IVV
2025-07-18 00:00:00-04:00,626.5283438194741,626.597709919534,623.7044117860802,624.8934326171875,3970600,0.0,0.0,0.0,IVV
2025-07-21 00:00:00-04:00,626.0130916864782,628.787433327547,625.5771193945881,625.9437255859375,3558100,0.0,0.0,0.0,IVV
2025-07-22 00:00:00-04:00,626.3301375367,626.9841261808434,623.486429933139,625.95361328125,4955600,0.0,0.0,0.0,IVV
2025-07-23 00:00:00-04:00,628.7973746419442,631.4924926757812,626.9643436174722,631.4924926757812,5836500,0.0,0.0,0.0,IVV
2025-07-24 00:00:00-04:00,631.8095394397081,633.335412208391,631.2149987877752,631.7401733398438,3952800,0.0,0.0,0.0,IVV
2025-07-25 00:00:00-04:00,632.3049697440835,634.7721532269254,632.1167076060776,634.1974487304688,3306200,0.0,0.0,0.0,IVV
2025-07-28 00:00:00-04:00,634.6631745634114,635.2279005006857,632.7904712678837,634.0587158203125,9580900,0.0,0.0,0.0,IVV
2025-07-29 00:00:00-04:00,635.5548276334065,635.8619857756332,631.5815474711109,632.5526123046875,4958000,0.0,0.0,0.0,IVV
2025-07-30 00:00:00-04:00,633.2461789941726,634.8711720301454,628.7775388594102,631.6707763671875,4588300,0.0,0.0,0.0,IVV
2025-07-31 00:00:00-04:00,636.6843854407133,637.0509915865301,627.9946949293111,629.0846557617188,7730500,0.0,0.0,0.0,IVV
2025-08-01 00:00:00-04:00,623.59540926698,623.59540926698,616.6099953140613,618.9285888671875,6864300,0.0,0.0,0.0,IVV
2025-08-04 00:00:00-04:00,622.9711531700154,628.4604484646337,622.8324814562997,628.361328125,4654400,0.0,0.0,0.0,IVV
2025-08-05 00:00:00-04:00,629.0748441270339,629.8377503150965,624.3584328868732,625.33935546875,3641700,0.0,0.0,0.0,IVV
2025-08-06 00:00:00-04:00,626.3102876495942,630.6799283430056,625.4086493583153,629.9664916992188,3085800,0.0,0.0,0.0,IVV
2025-08-07 00:00:00-04:00,633.4939110988815,634.2172658579871,626.3896009562178,629.6197509765625,5354200,0.0,0.0,0.0,IVV
2025-08-08 00:00:00-04:00,631.3734868161034,634.8909584403922,631.0167382798917,634.3856201171875,2897600,0.0,0.0,0.0,IVV
2025-08-11 00:00:00-04:00,634.7324763005263,636.1692072932073,631.9086047270009,633.1273193359375,3625800,0.0,0.0,0.0,IVV
2025-08-12 00:00:00-04:00,635.495409975834,640.073088559858,634.0487609758019,639.8253784179688,4491300,0.0,0.0,0.0,IVV
2025-08-13 00:00:00-04:00,642.0845642646301,643.3627269056501,639.9245389488357,642.1737060546875,3643600,0.0,0.0,0.0,IVV
2025-08-14 00:00:00-04:00,640.0731290176038,642.8474706869018,639.5975448674707,642.1935424804688,3210400,0.0,0.0,0.0,IVV
2025-08-15 00:00:00-04:00,643.2536817317994,643.3230478257691,639.8055155767235,640.746826171875,3112800,0.0,0.0,0.0,IVV
2025-08-18 00:00:00-04:00,640.0829788049737,641.242245285289,639.4191325868912,640.4495849609375,4463300,0.0,0.0,0.0,IVV
2025-08-19 00:00:00-04:00,640.3703478494114,641.3414127585082,635.7827510458823,637.0609741210938,2958400,0.0,0.0,0.0,IVV
2025-08-20 00:00:00-04:00,636.6546882014234,636.8627864958321,630.2142243939976,635.356689453125,3875800,0.0,0.0,0.0,IVV
2025-08-21 00:00:00-04:00,633.5533726845595,635.2180381410913,631.1357191585922,632.8499145507812,2680000,0.0,0.0,0.0,IVV
2025-08-22 00:00:00-04:00,635.0595094630166,643.7293654087538,634.5442529573129,642.5601806640625,4024500,0.0,0.0,0.0,IVV
2025-08-25 00:00:00-04:00,641.3017209946959,642.5204960161785,639.6371160988338,639.726318359375,3811700,0.0,0.0,0.0,IVV
2025-08-26 00:00:00-04:00,639.4290890881864,642.7483808541432,638.844466534138,642.3223266601562,3301600,0.0,0.0,0.0,IVV
2025-08-27 00:00:00-04:00,641.8269125270493,644.6210902578756,641.7179345760298,643.8482055664062,3679700,0.0,0.0,0.0,IVV
2025-08-28 00:00:00-04:00,644.4823070759439,646.7116982349718,642.6294401507515,646.166748046875,3385000,0.0,0.0,0.0,IVV
2025-08-29 00:00:00-04:00,644.7300009908863,645.096607134174,640.4297266539083,642.3817138671875,3709100,0.0,0.0,0.0,IVV
2025-09-02 00:00:00-04:00,634.7721668113196,637.7446887532701,632.205862925279,637.5266723632812,5796400,0.0,0.0,0.0,IVV
2025-09-03 00:00:00-04:00,639.9046674641326,641.4702125060912,637.7446422675615,640.9549560546875,3886500,0.0,0.0,0.0,IVV
2025-09-04 00:00:00-04:00,641.6880996226971,646.3846737690465,640.7765433246296,646.236083984375,5855400,0.0,0.0,0.0,IVV
2025-09-05 00:00:00-04:00,648.7033205786086,649.4365329098815,640.6180278190227,644.5120239257812,3575400,0.0,0.0,0.0,IVV
2025-09-08 00:00:00-04:00,645.8695687334997,647.0783652471105,644.4922857736752,646.14697265625,5228300,0.0,0.0,0.0,IVV
2025-09-09 00:00:00-04:00,646.2262020996195,648.1186808917096,644.4922311819444,647.6331787109375,13556600,0.0,0.0,0.0,IVV
2025-09-10 00:00:00-04:00,650.8435307448078,651.7947594757554,647.9007632422389,649.486083984375,18437500,0.0,0.0,0.0,IVV
2025-09-11 00:00:00-04:00,651.4380333726488,655.5797395102369,650.8434927719533,654.8960571289062,8344100,0.0,0.0,0.0,IVV
2025-09-12 00:00:00-04:00,654.8465563769013,656.392265245814,654.1925677346061,654.6681518554688,6244800,0.0,0.0,0.0,IVV
2025-09-15 00:00:00-04:00,656.8678333335442,658.294646137415,656.6201231972897,658.0865478515625,7453400,0.0,0.0,0.0,IVV
2025-09-16 00:00:00-04:00,658.7276145854587,659.0257501895193,656.4815586043486,657.2169799804688,10650600,1.995,0.0,0.0,IVV
2025-09-17 00:00:00-04:00,657.276616658442,658.9561846871027,651.5720662706574,656.4915161132812,20473700,0.0,0.0,0.0,IVV
2025-09-18 00:00:00-04:00,659.1648870883056,662.1563123485049,657.5449462374888,659.6021728515625,11498000,0.0,0.0,0.0,IVV
2025-09-19 00:00:00-04:00,661.3711920539579,663.5973522014867,659.463063450121,662.7526245117188,6414900,0.0,0.0,0.0,IVV
2025-09-22 00:00:00-04:00,661.2817646231903,666.3800958375897,661.2718166598451,665.9428100585938,8709700,0.0,0.0,0.0,IVV
2025-09-23 00:00:00-04:00,665.8136601466337,666.4099314110458,661.073091290444,662.3849487304688,7513400,0.0,0.0,0.0,IVV
2025-09-24 00:00:00-04:00,663.58746367047,663.6967699532612,658.7773199861971,660.1587524414062,17964900,0.0,0.0,0.0,IVV
2025-09-25 00:00:00-04:00,657.0579887836969,658.4891003289529,653.510023480702,657.137451171875,5037900,0.0,0.0,0.0,IVV
2025-09-26 00:00:00-04:00,658.618318108055,661.4407494129126,657.0083251638569,660.7848510742188,4338500,0.0,0.0,0.0,IVV
2025-09-29 00:00:00-04:00,663.4483070312175,664.3029826746795,660.9637424920971,662.643310546875,5026800,0.0,0.0,0.0,IVV
2025-09-30 00:00:00-04:00,662.0072437420808,665.7241425663615,660.745065552649,665.1676025390625,4899400,0.0,0.0,0.0,IVV
2025-10-01 00:00:00-04:00,662.2556968703625,668.4671081520362,662.1563385531811,667.6919555664062,8195800,0.0,0.0,0.0,IVV
2025-10-02 00:00:00-04:00,669.5603388411405,669.649809859477,665.8832316333034,668.347900390625,5694900,0.0,0.0,0.0,IVV
2025-10-03 00:00:00-04:00,669.0832549612574,671.7566487219626,667.3043286612506,668.268310546875,5608400,0.0,0.0,0.0,IVV
2025-10-06 00:00:00-04:00,670.683352675805,671.5977161346101,668.556611450572,670.72314453125,4122400,0.0,0.0,0.0,IVV
2025-10-07 00:00:00-04:00,671.6473424447228,672.0746802489151,666.7775718845853,668.268310546875,4028200,0.0,0.0,0.0,IVV
2025-10-08 00:00:00-04:00,669.3913770583773,672.3132274309926,668.5466493644448,672.24365234375,5192000,0.0,0.0,0.0,IVV
2025-10-09 00:00:00-04:00,672.6212990292684,673.0089056548653,668.34786015917,670.3554077148438,2501800,0.0,0.0,0.0,IVV
2025-10-10 00:00:00-04:00,671.2597491542725,673.0188402213394,651.9795651344052,652.1484985351562,7643600,0.0,0.0,0.0,IVV
2025-10-13 00:00:00-04:00,659.7413186492092,663.7265089904527,658.8965303589385,662.1165161132812,6685000,0.0,0.0,0.0,IVV
2025-10-14 00:00:00-04:00,656.3324508463452,664.929068030259,652.3074686047836,661.3711547851562,6413000,0.0,0.0,0.0,IVV
2025-10-15 00:00:00-04:00,665.9428049614215,669.3118283024279,658.0816089630106,664.1539306640625,6901900,0.0,0.0,0.0,IVV
2025-10-16 00:00:00-04:00,665.9428058750059,667.7515761013844,656.3225794558454,659.8804321289062,5132300,0.0,0.0,0.0,IVV
2025-10-17 00:00:00-04:00,658.6183327320825,664.8098481962185,657.3164233308094,663.5675659179688,6734100,0.0,0.0,0.0,IVV
2025-10-20 00:00:00-04:00,666.4397365423677,671.3293426011151,666.3999446881759,670.4249877929688,7433200,0.0,0.0,0.0,IVV
2025-10-21 00:00:00-04:00,670.5740137489015,672.0945963460624,669.1131189320026,670.2659301757812,10108000,0.0,0.0,0.0,IVV
2025-10-22 00:00:00-04:00,671.1007835178114,671.1107314813806,662.4842699505838,667.01611328125,4929900,0.0,0.0,0.0,IVV
2025-10-23 00:00:00-04:00,667.244698684748,671.8262209292442,666.9366151221927,670.8025512695312,5702400,0.0,0.0,0.0,IVV
2025-10-24 00:00:00-04:00,675.5530940909302,677.5904248689939,674.7679935383213,676.318359375,7901100,0.0,0.0,0.0,IVV
2025-10-27 00:00:00-04:00,681.8539369869418,684.6564722287112,681.217873947567,684.348388671875,8293100,0.0,0.0,0.0,IVV
2025-10-28 00:00:00-04:00,686.1671691462292,687.9858874223006,683.9509569281541,686.0777587890625,5521400,0.0,0.0,0.0,IVV
2025-10-29 00:00:00-04:00,687.8169190158196,688.7908488812359,681.9831058116335,686.4454345703125,6523100,0.0,0.0,0.0,IVV
2025-10-30 00:00:00-04:00,683.0067958931718,685.0640226228771,678.981813447363,679.0115966796875,6398200,0.0,0.0,0.0,IVV
2025-10-31 00:00:00-04:00,684.1497391956563,684.1894703926504,678.365665471414,680.999267578125,8120200,0.0,0.0,0.0,IVV
2025-11-03 00:00:00-05:00,684.7757742183724,684.9049157580735,679.0612762511739,682.4501953125,5675400,0.0,0.0,0.0,IVV
2025-11-04 00:00:00-05:00,675.2251156712208,679.0513814393859,673.6946457589429,674.618896484375,8949900,0.0,0.0,0.0,IVV
2025-11-05 00:00:00-05:00,674.1021137436863,679.9856064477902,673.3070651956042,676.7059326171875,8342700,0.0,0.0,0.0,IVV
2025-11-06 00:00:00-05:00,675.5928187843349,676.5071821943735,667.8608856022076,669.361572265625,7916200,0.0,0.0,0.0,IVV
2025-11-07 00:00:00-05:00,667.0559468667522,670.4150832143589,660.357570099922,670.1765747070312,10021600,0.0,0.0,0.0,IVV
2025-11-10 00:00:00-05:00,676.3978204243871,681.3172703039254,674.1915562473908,680.591796875,8998000,0.0,0.0,0.0,IVV
2025-11-11 00:00:00-05:00,679.0811347771075,682.6787792026655,677.878644419794,681.9234619140625,12258800,0.0,0.0,0.0,IVV
2025-11-12 00:00:00-05:00,683.9110865548057,684.0800806026132,680.074933801239,682.4005126953125,8053600,0.0,0.0,0.0,IVV
2025-11-13 00:00:00-05:00,679.6377115528792,679.9656910582153,669.679618071742,671.2796630859375,9741000,0.0,0.0,0.0,IVV
2025-11-14 00:00:00-05:00,664.571328907026,674.7878266550435,662.4147438913499,671.1405029296875,6930200,0.0,0.0,0.0,IVV
2025-11-17 00:00:00-05:00,668.8348001796304,672.8299992151545,661.3314276924552,664.8594970703125,6151300,0.0,0.0,0.0,IVV
2025-11-18 00:00:00-05:00,661.2320439353417,664.2632003079024,655.0206330660335,659.3536987304688,9412100,0.0,0.0,0.0,IVV
2025-11-19 00:00:00-05:00,659.910293351309,666.4894154360941,657.9126937450308,661.8383178710938,6254300,0.0,0.0,0.0,IVV
2025-11-20 00:00:00-05:00,672.0846102483606,674.7083247818579,651.055223445752,651.7211303710938,8500900,0.0,0.0,0.0,IVV
2025-11-21 00:00:00-05:00,654.1361527613454,663.6768561644514,650.00180347057,658.1909790039062,6113500,0.0,0.0,0.0,IVV
2025-11-24 00:00:00-05:00,661.8283742817929,669.2025449407472,660.764973366904,667.9105834960938,4876100,0.0,0.0,0.0,IVV
2025-11-25 00:00:00-05:00,667.8012963774529,675.354348623194,663.6669468459377,674.1915893554688,5414400,0.0,0.0,0.0,IVV
2025-11-26 00:00:00-05:00,676.7556414417645,680.8501989022627,675.9108531132356,678.8426513671875,3883300,0.0,0.0,0.0,IVV
2025-11-28 00:00:00-05:00,679.9954884130444,682.887555581563,679.6874048283952,682.6390991210938,3784100,0.0,0.0,0.0,IVV
2025-12-01 00:00:00-05:00,677.9879569959321,682.1620373897316,677.9183819125658,679.4389038085938,8243600,0.0,0.0,0.0,IVV
2025-12-02 00:00:00-05:00,681.068814619601,682.9868911515327,678.51467501206,680.6017456054688,9107200,0.0,0.0,0.0,IVV
2025-12-03 00:00:00-05:00,679.7769025906415,684.0702376754754,678.8427038361872,683.0167846679688,6578700,0.0,0.0,0.0,IVV
2025-12-04 00:00:00-05:00,684.4379287846655,684.5075038733385,680.5918275881552,683.6030883789062,6652600,0.0,0.0,0.0,IVV
2025-12-05 00:00:00-05:00,684.6366730835114,687.5386274485928,683.7720494861812,684.8552856445312,16119000,0.0,0.0,0.0,IVV
2025-12-08 00:00:00-05:00,685.7795135172665,685.7994094433559,680.7607055029388,682.8179321289062,6333500,0.0,0.0,0.0,IVV
2025-12-09 00:00:00-05:00,682.370720621747,684.5571495218742,681.7843973661323,682.2713623046875,6793000,0.0,0.0,0.0,IVV
2025-12-10 00:00:00-05:00,681.7346638632613,688.1150692570408,680.5122775238677,686.6541137695312,17850700,0.0,0.0,0.0,IVV
2025-12-11 00:00:00-05:00,684.3186436162363,688.4330970176841,681.3669494253494,688.3138427734375,27041100,0.0,0.0,0.0,IVV
2025-12-12 00:00:00-05:00,687.3696593689549,688.055401565861,678.3656004599288,680.9395751953125,14659500,0.0,0.0,0.0,IVV
2025-12-15 00:00:00-05:00,684.9348246906079,684.9348246906079,678.4451129190564,679.9259643554688,9028400,0.0,0.0,0.0,IVV
2025-12-16 00:00:00-05:00,678.3840195049081,680.2490495693003,674.1552869338135,678.0349731445312,40598500,2.414,0.0,0.0,IVV
2025-12-17 00:00:00-05:00,679.0922046308401,679.540961162385,670.3753585853137,670.6246948242188,32809900,0.0,0.0,0.0,IVV
2025-12-18 00:00:00-05:00,676.7683382261283,679.9398877133302,674.085478001767,675.701171875,37055700,0.0,0.0,0.0,IVV
2025-12-19 00:00:00-05:00,677.77570098221,682.3136083489479,677.6260748898462,681.67529296875,10176200,0.0,0.0,0.0,IVV
2025-12-22 00:00:00-05:00,685.1061493882993,686.5523117197118,683.869451407705,686.0037841796875,14978200,0.0,0.0,0.0,IVV
2025-12-23 00:00:00-05:00,685.0961413082774,689.3747898858438,685.0363030492325,689.1353759765625,8736400,0.0,0.0,0.0,IVV
2025-12-24 00:00:00-05:00,689.1353926865621,692.0177341255023,688.9858274718741,691.5490112304688,2348200,0.0,0.0,0.0,IVV
2025-12-26 00:00:00-05:00,691.8382059156639,692.8555171974508,690.5217033372049,691.4293212890625,2763600,0.0,0.0,0.0,IVV
2025-12-29 00:00:00-05:00,688.7265151458005,690.3521922579689,687.2703696279326,689.0755615234375,5395400,0.0,0.0,0.0,IVV
2025-12-30 00:00:00-05:00,688.626801020781,689.7238560925301,687.7591158031186,688.0881958007812,4574500,0.0,0.0,0.0,IVV
2025-12-31 00:00:00-05:00,688.3374931259044,688.5569406517126,682.9418841536292,683.1213989257812,3845900,0.0,0.0,0.0,IVV
2026-01-02 00:00:00-05:00,686.9113203613298,688.0682745404566,681.0668938256061,684.3681030273438,7056700,0.0,0.0,0.0,IVV
2026-01-05 00:00:00-05:00,687.759106383098,690.6314037336406,687.5895139189969,688.9558715820312,11227900,0.0,0.0,0.0,IVV
2026-01-06 00:00:00-05:00,689.145391118584,693.5037836615596,688.9958259005878,693.0450439453125,7654100,0.0,0.0,0.0,IVV
2026-01-07 00:00:00-05:00,693.4040544410714,695.1693744258374,690.5217130176687,690.791015625,7529600,0.0,0.0,0.0,IVV
2026-01-08 00:00:00-05:00,690.0031057375093,691.7883311510818,688.6666368196185,690.711181640625,6080000,0.0,0.0,0.0,IVV
2026-01-09 00:00:00-05:00,691.8282068770081,696.5157399944843,690.4219773783157,695.2291870117188,5758700,0.0,0.0,0.0,IVV
2026-01-12 00:00:00-05:00,691.8780634678467,697.3136052583692,691.8681411524149,696.3760986328125,6746300,0.0,0.0,0.0,IVV
2026-01-13 00:00:00-05:00,696.7351791850623,697.3036121923631,692.5961736272969,695.0197143554688,6958700,0.0,0.0,0.0,IVV
2026-01-14 00:00:00-05:00,692.2272197937932,692.9054070580014,687.3501883573122,691.6487426757812,11674800,0.0,0.0,0.0,IVV
2026-01-15 00:00:00-05:00,695.8176131654577,696.6753760600601,692.4266769619359,693.473876953125,7668800,0.0,0.0,0.0,IVV
2026-01-16 00:00:00-05:00,694.9000905124358,695.4885508142227,691.3295785644365,692.8156127929688,7668600,0.0,0.0,0.0,IVV
2026-01-20 00:00:00-05:00,682.6925603232787,685.9638199081292,677.7756573208574,678.7929077148438,8597100,0.0,0.0,0.0,IVV
2026-01-21 00:00:00-05:00,680.8474255593874,689.9531891376652,679.3613914353857,686.492431640625,8142200,0.0,0.0,0.0,IVV
2026-01-22 00:00:00-05:00,691.0702316961324,692.3468623942804,688.1480184277461,690.122802734375,6493600,0.0,0.0,0.0,IVV
2026-01-23 00:00:00-05:00,689.3548385814846,692.1972472579205,688.3873823538196,690.4020385742188,7894000,0.0,0.0,0.0,IVV
2026-01-26 00:00:00-05:00,691.718527732523,695.368783289342,691.1600170223784,694.0423583984375,7028000,0.0,0.0,0.0,IVV
2026-01-27 00:00:00-05:00,695.4286862919422,697.7724224752294,694.8102764460637,696.7950439453125,8645900,0.0,0.0,0.0,IVV
2026-01-28 00:00:00-05:00,698.2511392248161,699.1088412487968,695.1693775025982,696.8449096679688,10289100,0.0,0.0,0.0,IVV
2026-01-29 00:00:00-05:00,697.6128216827002,698.2910697963483,686.0636113425455,695.2391967773438,7416100,0.0,0.0,0.0,IVV
2026-01-30 00:00:00-05:00,693.0150999120494,695.4785736016803,688.3674992120165,693.1846923828125,11124800,0.0,0.0,0.0,IVV
2026-02-02 00:00:00-05:00,690.8109873834509,698.2012865013766,690.6913108621721,696.685302734375,8246400,0.0,0.0,0.0,IVV
2026-02-03 00:00:00-05:00,697.4433132239159,698.2212715060849,685.2756926267836,690.731201171875,7309600,0.0,0.0,0.0,IVV
2026-02-04 00:00:00-05:00,691.6287332120355,692.6759940473829,682.9717868520462,687.4598388671875,15289200,0.0,0.0,0.0,IVV
2026-02-05 00:00:00-05:00,682.1141152507539,684.8867633938629,677.0077140447111,678.7131958007812,8108900,0.0,0.0,0.0,IVV
2026-02-06 00:00:00-05:00,682.6726150094435,693.5536821828865,682.0941379109862,691.93798828125,7928100,0.0,0.0,0.0,IVV
2026-02-09 00:00:00-05:00,690.6513736233932,697.1241324118002,689.5643017499837,695.2391967773438,5078600,0.0,0.0,0.0,IVV
2026-02-10 00:00:00-05:00,696.1965849322529,697.8022955878646,692.9153421742942,693.3043212890625,5057100,0.0,0.0,0.0,IVV
2026-02-11 00:00:00-05:00,697.6527701999091,698.4107620956147,690.4419857477972,693.20458984375,7277900,0.0,0.0,0.0,IVV
2026-02-12 00:00:00-05:00,695.5084340889688,696.6055500173966,681.6254099411074,682.5130615234375,7400000,0.0,0.0,0.0,IVV
2026-02-13 00:00:00-05:00,682.9119449655528,687.5196734734386,678.7330674542859,682.94189453125,5509500,0.0,0.0,0.0,IVV
2026-02-17 00:00:00-05:00,681.35608829617,686.1732811369924,676.9976960169357,684.01904296875,7334700,0.0,0.0,0.0,IVV
2026-02-18 00:00:00-05:00,685.2657659103278,690.3820894813882,684.0888453054083,687.5197143554688,7366800,0.0,0.0,0.0,IVV
2026-02-19 00:00:00-05:00,685.1061173097975,687.4299479456826,682.8022530510851,685.8541259765625,4774300,0.0,0.0,0.0,IVV
2026-02-20 00:00:00-05:00,683.5004475264558,691.2398540678222,683.0815796924842,690.661376953125,6459200,0.0,0.0,0.0,IVV
2026-02-23 00:00:00-05:00,689.1055250851299,691.2597634020208,681.6154547394426,683.6699829101562,5701900,0.0,0.0,0.0,IVV
2026-02-24 00:00:00-05:00,683.1413837290136,689.6041591932078,681.2364208835564,688.6766357421875,4646200,0.0,0.0,0.0,IVV
2026-02-25 00:00:00-05:00,691.4193157596691,694.9798442577759,691.3993493828353,694.4013671875,7411800,0.0,0.0,0.0,IVV
2026-02-26 00:00:00-05:00,694.5808790515019,694.5808790515019,685.6347248054667,690.571533203125,6298700,0.0,0.0,0.0,IVV
2026-02-27 00:00:00-05:00,684.3082507062957,688.0981490940741,682.9019603297323,687.5496215820312,7614200,0.0,0.0,0.0,IVV
2026-03-02 00:00:00-05:00,679.9498611705056,689.9033436819597,679.2517075736818,687.6194458007812,6344500,0.0,0.0,0.0,IVV
2026-03-03 00:00:00-05:00,676.2796702380948,683.8494842020997,670.8640945484693,681.5556030273438,8231300,0.0,0.0,0.0,IVV
2026-03-04 00:00:00-05:00,682.8920470926033,688.3574776548006,680.8574245416935,686.4525756835938,7473600,0.0,0.0,0.0,IVV
2026-03-05 00:00:00-05:00,683.2809546565607,686.7916281223789,676.8381456743475,682.6427001953125,7001400,0.0,0.0,0.0,IVV
2026-03-06 00:00:00-05:00,674.6339840518043,677.3368105675962,670.963762229849,673.6067504882812,5369100,0.0,0.0,0.0,IVV
2026-03-09 00:00:00-04:00,667.5827984273175,681.1766149107855,663.5834354542668,679.5409545898438,8305500,0.0,0.0,0.0,IVV
2026-03-10 00:00:00-04:00,679.0422512824828,684.6174360614796,676.0303110761218,678.314208984375,13577200,0.0,0.0,0.0,IVV
2026-03-11 00:00:00-04:00,678.8128964161492,681.3262251007386,674.5841636836107,677.586181640625,8208100,0.0,0.0,0.0,IVV
2026-03-12 00:00:00-04:00,672.3700171781173,672.8487841282258,667.0641958296927,667.1738891601562,28564600,0.0,0.0,0.0,IVV
2026-03-13 00:00:00-04:00,670.4551240536396,673.4571419343538,662.5461863224407,663.433837890625,24744000,0.0,0.0,0.0,IVV
2026-03-16 00:00:00-04:00,669.5575435449654,673.2576541187314,668.3607175053692,670.1259765625,8237300,0.0,0.0,0.0,IVV
2026-03-17 00:00:00-04:00,673.6099853515625,675.6699829101562,671.3300170898438,671.989990234375,23215600,1.784,0.0,0.0,IVV
2026-03-18 00:00:00-04:00,669.5800170898438,670.9000244140625,662.4500122070312,662.8499755859375,17019900,0.0,0.0,0.0,IVV
2026-03-19 00:00:00-04:00,658.0700073242188,664.0999755859375,656.3699951171875,660.9299926757812,10220600,0.0,0.0,0.0,IVV
2026-03-20 00:00:00-04:00,659.489990234375,659.6500244140625,647.7000122070312,651.2999877929688,12760200,0.0,0.0,0.0,IVV
2026-03-23 00:00:00-04:00,660.969970703125,665.6099853515625,656.9400024414062,658.3400268554688,18623400,0.0,0.0,0.0,IVV
2026-03-24 00:00:00-04:00,654.25,660.0,652.8400268554688,656.22998046875,14784000,0.0,0.0,0.0,IVV
2026-03-25 00:00:00-04:00,661.6300048828125,663.8699951171875,657.2000122070312,659.739990234375,19644600,0.0,0.0,0.0,IVV
2026-03-26 00:00:00-04:00,654.97998046875,657.7999877929688,647.6900024414062,648.010009765625,5846600,0.0,0.0,0.0,IVV
2026-03-27 00:00:00-04:00,645.469970703125,645.5700073242188,636.0,636.989990234375,7237100,0.0,0.0,0.0,IVV
2026-03-30 00:00:00-04:00,642.97998046875,643.280029296875,632.1400146484375,634.9299926757812,11817900,0.0,0.0,0.0,IVV
2026-03-31 00:00:00-04:00,641.8599853515625,654.5,640.8900146484375,653.2100219726562,10621700,0.0,0.0,0.0,IVV
2026-04-01 00:00:00-04:00,656.8300170898438,661.52001953125,655.989990234375,658.0599975585938,13123000,0.0,0.0,0.0,IVV
2026-04-02 00:00:00-04:00,649.3499755859375,660.9500122070312,648.0800170898438,658.9600219726562,10369300,0.0,0.0,0.0,IVV
2026-04-06 00:00:00-04:00,658.8499755859375,662.6799926757812,658.5700073242188,661.8599853515625,3242000,0.0,0.0,0.0,IVV
2026-04-07 00:00:00-04:00,659.6099853515625,662.5499877929688,654.0599975585938,662.3800048828125,4140400,0.0,0.0,0.0,IVV
2026-04-08 00:00:00-04:00,679.469970703125,680.1900024414062,674.5499877929688,678.989990234375,7110300,0.0,0.0,0.0,IVV
2026-04-09 00:00:00-04:00,677.9299926757812,684.260009765625,676.9000244140625,683.010009765625,4793800,0.0,0.0,0.0,IVV
2026-04-10 00:00:00-04:00,684.4199829101562,685.1699829101562,681.5599975585938,682.6199951171875,3043800,0.0,0.0,0.0,IVV
2026-04-13 00:00:00-04:00,680.52001953125,689.8300170898438,679.72998046875,689.5399780273438,10447600,0.0,0.0,0.0,IVV
2026-04-14 00:00:00-04:00,690.8599853515625,697.77001953125,690.8499755859375,697.6900024414062,3816900,0.0,0.0,0.0,IVV
2026-04-15 00:00:00-04:00,698.469970703125,703.6099853515625,697.489990234375,703.1900024414062,4337000,0.0,0.0,0.0,IVV
2026-04-16 00:00:00-04:00,704.3200073242188,706.0,701.77001953125,704.739990234375,4760100,0.0,0.0,0.0,IVV
2026-04-17 00:00:00-04:00,709.3900146484375,715.6599731445312,709.0399780273438,713.3599853515625,4914700,0.0,0.0,0.0,IVV
2026-04-20 00:00:00-04:00,712.0599975585938,713.1699829101562,709.3900146484375,712.0900268554688,5023100,0.0,0.0,0.0,IVV
2026-04-21 00:00:00-04:00,713.52001953125,714.5499877929688,705.9000244140625,707.22998046875,4309200,0.0,0.0,0.0,IVV
2026-04-22 00:00:00-04:00,712.3699951171875,714.8900146484375,711.5,714.5599975585938,4128400,0.0,0.0,0.0,IVV
2026-04-23 00:00:00-04:00,712.739990234375,715.6400146484375,705.5700073242188,711.739990234375,5708100,0.0,0.0,0.0,IVV
2026-04-24 00:00:00-04:00,714.0599975585938,717.77001953125,712.3200073242188,717.280029296875,4460400,0.0,0.0,0.0,IVV
2026-04-27 00:00:00-04:00,716.5,718.9500122070312,715.6099853515625,718.5,2977400,0.0,0.0,0.0,IVV
2026-04-28 00:00:00-04:00,715.0800170898438,716.1699829101562,712.5599975585938,714.9600219726562,3505700,0.0,0.0,0.0,IVV
2026-04-29 00:00:00-04:00,714.25,715.47998046875,711.6599731445312,714.8900146484375,4270200,0.0,0.0,0.0,IVV
2026-04-30 00:00:00-04:00,717.9500122070312,723.1500244140625,713.760009765625,722.0700073242188,7612600,0.0,0.0,0.0,IVV
2026-05-01 00:00:00-04:00,724.5499877929688,728.25,723.7999877929688,724.010009765625,4448700,0.0,0.0,0.0,IVV
2026-05-04 00:00:00-04:00,723.4099731445312,725.4500122070312,718.3400268554688,721.3900146484375,3569600,0.0,0.0,0.0,IVV
2026-05-05 00:00:00-04:00,725.1300048828125,728.3900146484375,724.8699951171875,726.97998046875,8410300,0.0,0.0,0.0,IVV
2026-05-06 00:00:00-04:00,731.5800170898438,738.0399780273438,731.1900024414062,737.4099731445312,11582300,0.0,0.0,0.0,IVV
2026-05-07 00:00:00-04:00,738.5399780273438,739.5399780273438,733.1500244140625,734.9600219726562,4094700,0.0,0.0,0.0,IVV
2026-05-08 00:00:00-04:00,738.3900146484375,741.5,738.02001953125,740.969970703125,3480300,0.0,0.0,0.0,IVV
2024-05-09 00:00:00-04:00,435.54661913008255,436.8028422580396,433.69693803654405,436.2291259765625,24580100,0.0,0.0,0.0,QQQ
2024-05-10 00:00:00-04:00,437.73263958289897,439.4834009785405,435.71479191286244,437.2578430175781,27116600,0.0,0.0,0.0,QQQ
2024-05-13 00:00:00-04:00,439.16687233072867,439.26579205563456,436.85229566102873,438.2667541503906,22994200,0.0,0.0,0.0,QQQ
2024-05-14 00:00:00-04:00,437.8414172762935,441.6199272591331,437.65347886134185,441.0857849121094,34478300,0.0,0.0,0.0,QQQ
2024-05-15 00:00:00-04:00,443.5586593238126,448.22738676768705,442.04528105207277,447.9801025390625,41464700,0.0,0.0,0.0,QQQ
2024-05-16 00:00:00-04:00,447.7921189150022,449.75062067502097,446.9019018190155,447.070068359375,34780400,0.0,0.0,0.0,QQQ
2024-05-17 00:00:00-04:00,447.1986517798775,447.80204096189675,444.6565929882727,446.85247802734375,35803700,0.0,0.0,0.0,QQQ
2024-05-20 00:00:00-04:00,447.07003726286433,450.6309053991306,446.88209886626544,449.96820068359375,24474200,0.0,0.0,0.0,QQQ
2024-05-21 00:00:00-04:00,448.11857455171366,451.03651019690585,447.92073510394465,450.84857177734375,23167700,0.0,0.0,0.0,QQQ
2024-05-22 00:00:00-04:00,451.1057559416888,451.85750961813636,448.15811721893635,450.7595520019531,25120000,0.0,0.0,0.0,QQQ
2024-05-23 00:00:00-04:00,455.546948488236,455.5766213852706,446.9414763015437,448.7318115234375,40899200,0.0,0.0,0.0,QQQ
2024-05-24 00:00:00-04:00,450.34411215761514,454.24131365132826,448.64279561626796,452.9752197265625,29669500,0.0,0.0,0.0,QQQ
2024-05-28 00:00:00-04:00,454.19183296241476,454.7457471608754,451.7288919661858,454.6864013671875,26216800,0.0,0.0,0.0,QQQ
2024-05-29 00:00:00-04:00,450.53206548946173,453.26206268217703,450.3935718404809,451.48162841796875,29739200,0.0,0.0,0.0,QQQ
2024-05-30 00:00:00-04:00,450.55187839736584,450.69037205896115,445.31933550680014,446.644775390625,30536800,0.0,0.0,0.0,QQQ
2024-05-31 00:00:00-04:00,446.8722875838762,447.5646955194597,438.24701222029506,445.81390380859375,55941300,0.0,0.0,0.0,QQQ
2024-06-03 00:00:00-04:00,449.6319706436315,450.6309783922545,443.0344141981781,448.2076110839844,32997500,0.0,0.0,0.0,QQQ
2024-06-04 00:00:00-04:00,447.9504072512339,450.63095970345694,446.22931876556424,449.4341125488281,23767400,0.0,0.0,0.0,QQQ
2024-06-05 00:00:00-04:00,453.00496130365275,458.5737770997196,449.47373506895633,458.4946594238281,33817400,0.0,0.0,0.0,QQQ
2024-06-06 00:00:00-04:00,459.1771371560527,459.4936682116241,457.1691904379951,458.33636474609375,21966800,0.0,0.0,0.0,QQQ
2024-06-07 00:00:00-04:00,457.9703600587807,460.6805853594163,456.82295769418954,457.9307861328125,25829700,0.0,0.0,0.0,QQQ
2024-06-10 00:00:00-04:00,456.8032055496993,460.1365920375163,456.5163473996493,459.7804870605469,20660800,0.0,0.0,0.0,QQQ
2024-06-11 00:00:00-04:00,458.50450772730306,463.0545433124852,457.0109014117994,462.9358215332031,22053300,0.0,0.0,0.0,QQQ
2024-06-12 00:00:00-04:00,466.8626674378341,471.32368405453144,466.1702897911525,468.99920654296875,34532600,0.0,0.0,0.0,QQQ
2024-06-13 00:00:00-04:00,472.53048823334285,473.1932232482495,469.26634848832265,471.5413513183594,25859000,0.0,0.0,0.0,QQQ
2024-06-14 00:00:00-04:00,471.3434883571342,474.05374389556346,470.87859282283176,473.9844970703125,23372600,0.0,0.0,0.0,QQQ
2024-06-17 00:00:00-04:00,474.2515381397125,481.57114467660335,472.94590045979214,479.79071044921875,37054500,0.0,0.0,0.0,QQQ
2024-06-18 00:00:00-04:00,479.7412776538949,480.6215937616727,478.1784245124455,479.9390869140625,24438600,0.0,0.0,0.0,QQQ
2024-06-20 00:00:00-04:00,481.13598584006996,481.55140643530837,474.4098367852232,476.23974609375,33918700,0.0,0.0,0.0,QQQ
2024-06-21 00:00:00-04:00,475.9628136184934,477.29815454447134,473.4701993597817,474.9637756347656,37456800,0.0,0.0,0.0,QQQ
2024-06-24 00:00:00-04:00,473.73725096126896,475.47099181592733,469.41777397286,469.55645751953125,37751000,0.762,0.0,0.0,QQQ
2024-06-25 00:00:00-04:00,471.64684204643737,475.2232870328967,470.70565640050626,474.92608642578125,29014700,0.0,0.0,0.0,QQQ
2024-06-26 00:00:00-04:00,474.10379318229053,476.45179897488026,473.6877123216575,475.9068908691406,22737100,0.0,0.0,0.0,QQQ
2024-06-27 00:00:00-04:00,475.65922915173917,478.611553035427,474.84684046619515,477.1353759765625,26222100,0.0,0.0,0.0,QQQ
2024-06-28 00:00:00-04:00,477.9279271409459,482.67343166507135,474.014614539721,474.6585693359375,34881600,0.0,0.0,0.0,QQQ
2024-07-01 00:00:00-04:00,475.57999748371265,478.0072166007963,471.8351183529178,477.4425354003906,24898300,0.0,0.0,0.0,QQQ
2024-07-02 00:00:00-04:00,475.94653963864454,482.51494549553286,475.8177426243462,482.45550537109375,26723600,0.0,0.0,0.0,QQQ
2024-07-03 00:00:00-04:00,481.7025280801993,486.6065496921619,481.7025280801993,486.4777526855469,18064900,0.0,0.0,0.0,QQQ
2024-07-05 00:00:00-04:00,487.31982418527076,491.98605472350044,487.0225933694499,491.5501403808594,28495900,0.0,0.0,0.0,QQQ
2024-07-08 00:00:00-04:00,491.9167358967407,493.27400238194434,490.89630684162825,492.7192077636719,22109400,0.0,0.0,0.0,QQQ
2024-07-09 00:00:00-04:00,494.2349579865554,495.35446391244346,491.62938866893,493.1451721191406,25614500,0.0,0.0,0.0,QQQ
2024-07-10 00:00:00-04:00,495.06724371399383,498.84184302588216,493.7595306592135,498.28704833984375,28046900,0.0,0.0,0.0,QQQ
2024-07-11 00:00:00-04:00,498.3960416391144,498.60408208769064,486.1706947905551,487.3595275878906,49966600,0.0,0.0,0.0,QQQ
2024-07-12 00:00:00-04:00,487.9340904027109,494.9780167524356,487.4684559718065,490.2226257324219,37109400,0.0,0.0,0.0,QQQ
2024-07-15 00:00:00-04:00,491.9960314409882,496.3551756664707,489.49945539424647,491.5403137207031,31151400,0.0,0.0,0.0,QQQ
2024-07-16 00:00:00-04:00,492.9966525685197,493.80904127855604,488.56818172649724,491.7285461425781,25950600,0.0,0.0,0.0,QQQ
2024-07-17 00:00:00-04:00,483.74340981561966,484.2585676332021,477.224557622275,477.29388427734375,56268800,0.0,0.0,0.0,QQQ
2024-07-18 00:00:00-04:00,481.0189557238677,481.19727609369016,471.8449804007106,475.0350646972656,49347400,0.0,0.0,0.0,QQQ
2024-07-19 00:00:00-04:00,474.69823041742177,477.2146398442787,469.53664478511604,470.8245544433594,42042900,0.0,0.0,0.0,QQQ
2024-07-22 00:00:00-04:00,476.6895800024484,478.85923528562404,473.2716216155166,477.83880615234375,40300000,0.0,0.0,0.0,QQQ
2024-07-23 00:00:00-04:00,476.93720956859266,479.929139778085,475.67902005911884,476.154541015625,23282500,0.0,0.0,0.0,QQQ
2024-07-24 00:00:00-04:00,469.4177418439957,469.7842993335882,458.21282556323735,459.0747375488281,58818600,0.0,0.0,0.0,QQQ
2024-07-25 00:00:00-04:00,459.4115832282099,463.59237645887646,451.3967509671105,454.01220703125,59256800,0.0,0.0,0.0,QQQ
2024-07-26 00:00:00-04:00,458.35151444667815,461.60103876896824,455.4982676790012,458.6685485839844,39992100,0.0,0.0,0.0,QQQ
2024-07-29 00:00:00-04:00,461.3830856787975,463.56265759959666,457.3310894463461,459.58990478515625,28218500,0.0,0.0,0.0,QQQ
2024-07-30 00:00:00-04:00,461.5218203822993,462.2252153474391,449.93051231846664,453.27911376953125,41317200,0.0,0.0,0.0,QQQ
2024-07-31 00:00:00-04:00,463.52301742956,468.3973190381643,462.07659074748636,466.69329833984375,44552100,0.0,0.0,0.0,QQQ
2024-08-01 00:00:00-04:00,467.37686663790385,471.1316318116761,451.7434805255841,455.3892822265625,56653900,0.0,0.0,0.0,QQQ
2024-08-02 00:00:00-04:00,446.70078970370685,449.3558825329527,440.3404247035784,444.5806579589844,66323200,0.0,0.0,0.0,QQQ
2024-08-05 00:00:00-04:00,420.76401989618296,438.1807014186111,419.51574708871345,431.3249816894531,87483500,0.0,0.0,0.0,QQQ
2024-08-06 00:00:00-04:00,433.1677010049891,442.91627380301435,430.5224947083419,435.4463195800781,63164400,0.0,0.0,0.0,QQQ
2024-08-07 00:00:00-04:00,442.34167151120243,444.8283608872693,430.33428273182557,430.7305603027344,54929200,0.0,0.0,0.0,QQQ
2024-08-08 00:00:00-04:00,436.96213279824934,444.8184483377776,433.08845677026795,443.9070129394531,47890100,0.0,0.0,0.0,QQQ
2024-08-09 00:00:00-04:00,442.58933486287685,447.8599140690418,441.4698288405631,446.2252502441406,33574000,0.0,0.0,0.0,QQQ
2024-08-12 00:00:00-04:00,447.1961350262788,450.14842839749286,444.38249495467545,447.18621826171875,27795000,0.0,0.0,0.0,QQQ
2024-08-13 00:00:00-04:00,451.5850231776538,458.5497068481307,451.4463093931689,458.2821960449219,40084500,0.0,0.0,0.0,QQQ
2024-08-14 00:00:00-04:00,459.203568511929,460.78867882910635,454.1410294667669,458.4308166503906,34733700,0.0,0.0,0.0,QQQ
2024-08-15 00:00:00-04:00,464.4047901058715,470.4084846096922,464.02831582443696,470.01220703125,38280600,0.0,0.0,0.0,QQQ
2024-08-16 00:00:00-04:00,468.22890368838864,471.9836994318874,467.267914706038,470.61651611328125,38383600,0.0,0.0,0.0,QQQ
2024-08-19 00:00:00-04:00,470.75528232811564,476.8382208160942,468.971987709281,476.798583984375,23737700,0.0,0.0,0.0,QQQ
2024-08-20 00:00:00-04:00,475.887072779306,478.4530054535782,474.1037784441942,475.79791259765625,29209300,0.0,0.0,0.0,QQQ
2024-08-21 00:00:00-04:00,476.58054970811685,479.86971082600905,474.86664249742586,478.01708984375,25658800,0.0,0.0,0.0,QQQ
2024-08-22 00:00:00-04:00,480.33537571180096,481.0288841455253,469.4078560191765,470.4382019042969,37739600,0.0,0.0,0.0,QQQ
2024-08-23 00:00:00-04:00,474.7873956850109,478.25487736174836,470.8641963105765,475.54034423828125,36061500,0.0,0.0,0.0,QQQ
2024-08-26 00:00:00-04:00,474.99544423155214,475.9167963494327,468.8431195460001,470.9236145019531,27452600,0.0,0.0,0.0,QQQ
2024-08-27 00:00:00-04:00,469.28896037364865,473.400396779738,467.32734562030106,472.3304443359375,27510000,0.0,0.0,0.0,QQQ
2024-08-28 00:00:00-04:00,471.86477727035714,472.5879754586852,463.5428280840913,466.9706726074219,37372400,0.0,0.0,0.0,QQQ
2024-08-29 00:00:00-04:00,468.88276216101195,473.4895530413343,465.0090862780714,466.287109375,41081500,0.0,0.0,0.0,QQQ
2024-08-30 00:00:00-04:00,470.62641796700854,472.4691222187162,466.13850734780476,471.844970703125,33466500,0.0,0.0,0.0,QQQ
2024-09-03 00:00:00-04:00,468.8035388395337,468.9323056206166,455.1416524496019,457.51934814453125,44985200,0.0,0.0,0.0,QQQ
2024-09-04 00:00:00-04:00,454.4084967487091,460.13479338816336,453.4772278978257,456.3304443359375,32505100,0.0,0.0,0.0,QQQ
2024-09-05 00:00:00-04:00,454.70572529323357,461.0363402813741,453.6852962003829,456.7565002441406,34452400,0.0,0.0,0.0,QQQ
2024-09-06 00:00:00-04:00,456.05304639419114,456.9347918889345,444.0258552322997,444.5212097167969,50624400,0.0,0.0,0.0,QQQ
2024-09-09 00:00:00-04:00,448.8506232910241,451.2283188768992,445.64073576179464,450.23760986328125,32981200,0.0,0.0,0.0,QQQ
2024-09-10 00:00:00-04:00,452.0010913798349,454.90389190042566,448.02836861259885,454.39862060546875,29680300,0.0,0.0,0.0,QQQ
2024-09-11 00:00:00-04:00,455.6370151696974,465.0091145713216,447.08719099889396,464.2660827636719,57843000,0.0,0.0,0.0,QQQ
2024-09-12 00:00:00-04:00,464.29578616525714,469.635722410282,462.51252198450715,468.8233337402344,40067800,0.0,0.0,0.0,QQQ
2024-09-13 00:00:00-04:00,468.0902012618372,472.1025606358586,467.8623273065814,470.9236145019531,29111800,0.0,0.0,0.0,QQQ
2024-09-16 00:00:00-04:00,468.79361628971213,469.4573744200276,465.524288528779,468.8431396484375,22585600,0.0,0.0,0.0,QQQ
2024-09-17 00:00:00-04:00,471.86482380417743,473.16265024621885,466.59424438062723,469.0908203125,30084400,0.0,0.0,0.0,QQQ
2024-09-18 00:00:00-04:00,470.2895966560615,474.38119962315574,466.4555272479723,467.05987548828125,39909200,0.0,0.0,0.0,QQQ
2024-09-19 00:00:00-04:00,478.1260478524707,481.71243976811724,476.0257496456091,478.86907958984375,52782500,0.0,0.0,0.0,QQQ
2024-09-20 00:00:00-04:00,478.0071954775703,479.19605842028795,473.8561221774012,477.9576721191406,34577700,0.0,0.0,0.0,QQQ
2024-09-23 00:00:00-04:00,479.1352933813507,480.3158962480575,477.7959506872309,479.2245788574219,24843000,0.677,0.0,0.0,QQQ
2024-09-24 00:00:00-04:00,480.6333780488886,482.48860259985565,476.3772853530918,481.53619384765625,25952600,0.0,0.0,0.0,QQQ
2024-09-25 00:00:00-04:00,480.91114919551086,483.93707616737726,480.732578237264,481.9826354980469,26549900,0.0,0.0,0.0,QQQ
2024-09-26 00:00:00-04:00,489.47300978582507,489.80042016717226,481.96279573601043,485.60382080078125,32020200,0.0,0.0,0.0,QQQ
2024-09-27 00:00:00-04:00,486.6256530479584,486.76456175281504,481.72467055232573,482.9052734375,22851100,0.0,0.0,0.0,QQQ
2024-09-30 00:00:00-04:00,481.942923506745,484.55215452746376,479.10552858521237,484.21484375,30281100,0.0,0.0,0.0,QQQ
2024-10-01 00:00:00-04:00,483.8478010651969,484.1454193353246,473.62913982724353,477.46856689453125,42735400,0.0,0.0,0.0,QQQ
2024-10-02 00:00:00-04:00,476.5657209152366,480.05793653831387,473.9465894744548,478.1431884765625,23744000,0.0,0.0,0.0,QQQ
2024-10-03 00:00:00-04:00,475.9506174766113,480.722621801194,475.2065415805555,477.7860107421875,25337200,0.0,0.0,0.0,QQQ
2024-10-04 00:00:00-04:00,483.5997421604296,484.0263384101603,478.57971250941176,483.47076416015625,30686600,0.0,0.0,0.0,QQQ
2024-10-07 00:00:00-04:00,481.55604432247213,482.72671654095666,477.0717272577596,478.2920227050781,24975100,0.0,0.0,0.0,QQQ
2024-10-08 00:00:00-04:00,480.8317856664436,486.11967189958807,480.02818609243036,485.43511962890625,28272000,0.0,0.0,0.0,QQQ
2024-10-09 00:00:00-04:00,485.1374857909003,489.8301353566888,484.09579164367744,489.25469970703125,24995000,0.0,0.0,0.0,QQQ
2024-10-10 00:00:00-04:00,486.97288079520195,490.56428230026705,485.6632999428998,488.6991271972656,25750400,0.0,0.0,0.0,QQQ
2024-10-11 00:00:00-04:00,486.86374286155046,490.48493653463544,486.298268176488,489.4630432128906,20644500,0.0,0.0,0.0,QQQ
2024-10-14 00:00:00-04:00,491.85402746733337,494.8898548804224,491.34807641617016,493.57037353515625,26060100,0.0,0.0,0.0,QQQ
2024-10-15 00:00:00-04:00,493.8977476785361,494.5624688319381,484.82002737514097,486.972900390625,34784500,0.0,0.0,0.0,QQQ
2024-10-16 00:00:00-04:00,487.30026609568785,487.8062474023501,483.718795252719,487.03240966796875,22996800,0.0,0.0,0.0,QQQ
2024-10-17 00:00:00-04:00,492.5187281720624,492.5683211220585,487.31019680837863,487.3697204589844,27210700,0.0,0.0,0.0,QQQ
2024-10-18 00:00:00-04:00,490.15753539620334,491.6556179545978,489.40352876657005,490.5643005371094,25335000,0.0,0.0,0.0,QQQ
2024-10-21 00:00:00-04:00,489.35393242594535,492.3104049952959,487.4292536147581,491.5068054199219,30336500,0.0,0.0,0.0,QQQ
2024-10-22 00:00:00-04:00,488.83807375200354,493.5207929965994,488.08406709201313,492.04254150390625,26685800,0.0,0.0,0.0,QQQ
2024-10-23 00:00:00-04:00,489.6912023486025,490.3459927399207,481.218650061365,484.50250244140625,39346600,0.0,0.0,0.0,QQQ
2024-10-24 00:00:00-04:00,488.2229113611023,489.1058959697234,485.5740180882913,488.4312744140625,22024900,0.0,0.0,0.0,QQQ
2024-10-25 00:00:00-04:00,491.22902181685464,496.32840643950317,490.52460813834386,491.4075927734375,38762100,0.0,0.0,0.0,QQQ
2024-10-28 00:00:00-04:00,494.52279649460877,494.58232014940006,491.1893507201843,491.4869689941406,20477800,0.0,0.0,0.0,QQQ
2024-10-29 00:00:00-04:00,491.80438849362184,497.3899228714751,489.9491641677327,496.2093200683594,28014100,0.0,0.0,0.0,QQQ
2024-10-30 00:00:00-04:00,495.4454629981242,496.39787173074626,491.9731085864843,492.459228515625,29756000,0.0,0.0,0.0,QQQ
2024-10-31 00:00:00-04:00,488.4907896798999,488.54038262888133,479.92895155012076,480.0281677246094,41245200,0.0,0.0,0.0,QQQ
2024-11-01 00:00:00-04:00,481.66511651625655,486.8736476423335,481.36749827680495,483.5798645019531,33655800,0.0,0.0,0.0,QQQ
2024-11-04 00:00:00-05:00,482.97474217579787,485.5145189767317,480.4250346737851,482.171142578125,23291600,0.0,0.0,0.0,QQQ
2024-11-05 00:00:00-05:00,483.7584717889176,488.986864708101,483.66918631037436,488.3221435546875,24353600,0.0,0.0,0.0,QQQ
2024-11-06 00:00:00-05:00,496.6062103649232,502.4100088623021,495.6538016210877,501.5865478515625,43082200,0.0,0.0,0.0,QQQ
2024-11-07 00:00:00-05:00,504.3842278003702,510.26741073728783,504.3247041524069,509.4836120605469,32853100,0.0,0.0,0.0,QQQ
2024-11-08 00:00:00-05:00,508.9876012725544,510.8527564586331,508.36257264354634,510.0789489746094,22924500,0.0,0.0,0.0,QQQ
2024-11-11 00:00:00-05:00,511.2992862201701,511.50764931023565,506.88445322044754,509.7814025878906,24167500,0.0,0.0,0.0,QQQ
2024-11-12 00:00:00-05:00,509.711895702093,510.59481982391384,505.80298394720904,508.858642578125,25835300,0.0,0.0,0.0,QQQ
2024-11-13 00:00:00-05:00,508.35269682828596,510.9122744153452,505.9220366929146,508.203857421875,24567400,0.0,0.0,0.0,QQQ
2024-11-14 00:00:00-05:00,507.8665643683169,508.739588052962,503.75925058094214,504.6719970703125,28679500,0.0,0.0,0.0,QQQ
2024-11-15 00:00:00-05:00,498.9673849410941,499.35428866917067,490.58411760662926,492.647705078125,51461100,0.0,0.0,0.0,QQQ
2024-11-18 00:00:00-05:00,494.1954398375358,498.1737758551424,492.8065040323021,496.07049560546875,27080800,0.0,0.0,0.0,QQQ
2024-11-19 00:00:00-05:00,493.49103689348044,499.9694571048066,493.1536958116036,499.4833068847656,24523000,0.0,0.0,0.0,QQQ
2024-11-20 00:00:00-05:00,499.18562594048456,499.5031055797306,492.6377521945281,499.195556640625,29565500,0.0,0.0,0.0,QQQ
2024-11-21 00:00:00-05:00,502.2412988893756,502.9556129602977,493.62986778963904,500.99127197265625,34526700,0.0,0.0,0.0,QQQ
2024-11-22 00:00:00-05:00,500.4357175118036,502.5290365817057,498.8086569561695,501.7948913574219,23826600,0.0,0.0,0.0,QQQ
2024-11-25 00:00:00-05:00,505.87241468402135,507.41018976726633,500.2769794512125,502.58856201171875,26375200,0.0,0.0,0.0,QQQ
2024-11-26 00:00:00-05:00,504.0667834357268,506.1105398394157,503.2235216050594,505.2870788574219,26557100,0.0,0.0,0.0,QQQ
2024-11-27 00:00:00-05:00,504.15607164871835,504.2254957213914,497.9653396767726,501.3087158203125,24957400,0.0,0.0,0.0,QQQ
2024-11-29 00:00:00-05:00,501.9337807222535,506.3089508903919,501.31868278834094,505.71368408203125,15334000,0.0,0.0,0.0,QQQ
2024-12-02 00:00:00-05:00,506.97362609834516,512.18215721545,506.58669211119974,511.21978759765625,25147200,0.0,0.0,0.0,QQQ
2024-12-03 00:00:00-05:00,509.890434903682,513.0651709231122,509.31499924035353,512.787353515625,18597900,0.0,0.0,0.0,QQQ
2024-12-04 00:00:00-05:00,516.2101120920232,519.3848480945504,515.4957677287545,519.1268920898438,26086200,0.0,0.0,0.0,QQQ
2024-12-05 00:00:00-05:00,519.1764451670765,519.9006596223231,517.3013594796879,517.6882934570312,18169600,0.0,0.0,0.0,QQQ
2024-12-06 00:00:00-05:00,518.3530064032137,522.5595057281002,518.2240284052577,522.3214111328125,23762600,0.0,0.0,0.0,QQQ
2024-12-09 00:00:00-05:00,521.398850563676,522.1925195302961,517.1030347782992,518.25390625,20674400,0.0,0.0,0.0,QQQ
2024-12-10 00:00:00-05:00,519.4840189672058,521.2301267457367,515.0592258717493,516.4878540039062,24350000,0.0,0.0,0.0,QQQ
2024-12-11 00:00:00-05:00,520.853192430636,526.4188662970179,520.4464575332266,525.7343139648438,32168600,0.0,0.0,0.0,QQQ
2024-12-12 00:00:00-05:00,523.5119196314856,524.7818381497026,521.8650583907863,522.3412475585938,23577500,0.0,0.0,0.0,QQQ
2024-12-13 00:00:00-05:00,526.2699621617475,528.9585173420876,523.1348888305102,526.3394165039062,28780400,0.0,0.0,0.0,QQQ
2024-12-16 00:00:00-05:00,528.8693668170654,534.8914288475645,528.7899817598816,533.9191284179688,31979900,0.0,0.0,0.0,QQQ
2024-12-17 00:00:00-05:00,532.1234454065931,533.2345940322791,529.9110788568347,531.56787109375,28579100,0.0,0.0,0.0,QQQ
2024-12-18 00:00:00-05:00,530.9230707876706,532.6393867756537,510.9421347229387,512.3905639648438,54703200,0.0,0.0,0.0,QQQ
2024-12-19 00:00:00-05:00,517.0732740500031,517.6387790519901,509.77142308420235,510.10870361328125,46441800,0.0,0.0,0.0,QQQ
2024-12-20 00:00:00-05:00,506.4081888202465,520.674610325421,505.2672783831969,514.563232421875,60530000,0.0,0.0,0.0,QQQ
2024-12-23 00:00:00-05:00,516.2773215508976,519.9540272324169,512.8788812504641,519.576416015625,29672800,0.835,0.0,0.0,QQQ
2024-12-24 00:00:00-05:00,521.5241349732042,526.7112253012842,520.8881517500126,526.621826171875,17558200,0.0,0.0,0.0,QQQ
2024-12-26 00:00:00-05:00,524.9921932011364,527.8937835457399,522.994844207,526.2640991210938,19090500,0.0,0.0,0.0,QQQ
2024-12-27 00:00:00-05:00,522.6967134646023,523.1339443647176,514.598025422934,519.2684326171875,33839600,0.0,0.0,0.0,QQQ
2024-12-30 00:00:00-05:00,512.2627757493814,516.088500066774,508.60593328242436,512.3621215820312,34584000,0.0,0.0,0.0,QQQ
2024-12-31 00:00:00-05:00,513.6440635547258,514.3992253569596,507.04587445625845,508.009765625,29117000,0.0,0.0,0.0,QQQ
2025-01-02 00:00:00-05:00,511.06042287109295,513.3857099460889,502.52453474139946,507.0160827636719,36389800,0.0,0.0,0.0,QQQ
2025-01-03 00:00:00-05:00,510.11637914045036,516.3767439002675,509.3015977009679,515.3134765625,29059500,0.0,0.0,0.0,QQQ
2025-01-06 00:00:00-05:00,520.719278575862,524.5946765405293,518.7418230577623,521.2359619140625,36109700,0.0,0.0,0.0,QQQ
2025-01-07 00:00:00-05:00,522.2793368947259,522.67678090554,510.0468799728483,511.93487548828125,36690300,0.0,0.0,0.0,QQQ
2025-01-08 00:00:00-05:00,511.8354863915311,513.6638621182858,507.35388554228564,512.0242919921875,30777800,0.0,0.0,0.0,QQQ
2025-01-10 00:00:00-05:00,508.25819448854884,508.3575403275065,500.7458174123479,503.9952087402344,40532500,0.0,0.0,0.0,QQQ
2025-01-13 00:00:00-05:00,498.04296636403393,502.83258226211484,496.5524148250259,502.37548828125,31694200,0.0,0.0,0.0,QQQ
2025-01-14 00:00:00-05:00,505.5354479124467,506.94651670595886,498.4304916746537,501.89849853515625,33737200,0.0,0.0,0.0,QQQ
2025-01-15 00:00:00-05:00,509.79844685715614,514.5880322454942,508.2382987029594,513.4453125,34957600,0.0,0.0,0.0,QQQ
2025-01-16 00:00:00-05:00,515.710913384707,515.790426445023,509.7189280346691,509.8481140136719,28229000,0.0,0.0,0.0,QQQ
2025-01-17 00:00:00-05:00,519.5565458046289,520.768892568159,509.8779077274795,518.4535522460938,51837900,0.0,0.0,0.0,QQQ
2025-01-21 00:00:00-05:00,521.1763930991889,522.6569982033352,516.7842507172882,521.494384765625,23628000,0.0,0.0,0.0,QQQ
2025-01-22 00:00:00-05:00,526.2342659003573,530.4574953112844,525.926221004647,528.1620483398438,33593000,0.0,0.0,0.0,QQQ
2025-01-23 00:00:00-05:00,525.7076127624492,529.4042124255304,525.1213630726537,529.2849731445312,23096600,0.0,0.0,0.0,QQQ
2025-01-24 00:00:00-05:00,529.6624839179889,530.4275923841087,524.8231652884439,526.2938232421875,19878300,0.0,0.0,0.0,QQQ
2025-01-27 00:00:00-05:00,507.78126694027895,514.727227991377,506.93661493215734,510.9710693359375,60771700,0.0,0.0,0.0,QQQ
2025-01-28 00:00:00-05:00,511.9746158466005,519.7056389765987,508.5563122008364,518.5231323242188,33194200,0.0,0.0,0.0,QQQ
2025-01-29 00:00:00-05:00,519.1690539120722,519.2982398960235,513.6440786970315,517.54931640625,26649000,0.0,0.0,0.0,QQQ
2025-01-30 00:00:00-05:00,520.4111867008249,522.7860860608997,514.9458310521527,519.7553100585938,27431300,0.0,0.0,0.0,QQQ
2025-01-31 00:00:00-05:00,523.6009629833273,528.1720244019145,517.9070751282055,519.0001220703125,38755200,0.0,0.0,0.0,QQQ
2025-02-03 00:00:00-05:00,510.2356481268789,517.5691667149378,507.8309085723365,514.846435546875,40580800,0.0,0.0,0.0,QQQ
2025-02-04 00:00:00-05:00,515.3632014316573,521.8023650900426,514.9656967351663,521.1663818359375,26046800,0.0,0.0,0.0,QQQ
2025-02-05 00:00:00-05:00,518.533087344952,523.6903982021383,517.3406339590531,523.5313720703125,21134100,0.0,0.0,0.0,QQQ
2025-02-06 00:00:00-05:00,524.0382182731402,526.4727981946036,522.4284272795057,526.2640991210938,19434500,0.0,0.0,0.0,QQQ
2025-02-07 00:00:00-05:00,526.8005893572072,528.7482042296231,518.9006553768635,519.6260375976562,29605500,0.0,0.0,0.0,QQQ
2025-02-10 00:00:00-05:00,523.8989568010895,527.0191921678618,523.4319464927245,525.9161987304688,20852800,0.0,0.0,0.0,QQQ
2025-02-11 00:00:00-05:00,522.6470030660466,526.5820202342347,522.5178170831823,524.6641845703125,19325500,0.0,0.0,0.0,QQQ
2025-02-12 00:00:00-05:00,519.0100229717194,525.8566374548477,518.6622518801204,524.9722290039062,25009400,0.0,0.0,0.0,QQQ
2025-02-13 00:00:00-05:00,526.6416602099531,532.8423450241579,525.856658218969,532.5244140625,28714800,0.0,0.0,0.0,QQQ
2025-02-14 00:00:00-05:00,532.6335974800666,535.445787842244,532.2957125078301,534.7601318359375,17862600,0.0,0.0,0.0,QQQ
2025-02-18 00:00:00-05:00,536.3302520039847,536.5985706975572,532.6634926781901,535.9725341796875,20565000,0.0,0.0,0.0,QQQ
2025-02-19 00:00:00-05:00,535.1775539526902,537.4034344848549,533.0808594023651,536.12158203125,19666900,0.0,0.0,0.0,QQQ
2025-02-20 00:00:00-05:00,535.3365599110106,535.7042244561445,529.1060954227281,533.8460083007812,26550800,0.0,0.0,0.0,QQQ
2025-02-21 00:00:00-05:00,534.9886829724813,535.0085763982402,522.398509843998,522.7661743164062,47093800,0.0,0.0,0.0,QQQ
2025-02-24 00:00:00-05:00,524.5548916727963,525.7373982954535,516.2575125365582,516.5953369140625,39268400,0.0,0.0,0.0,QQQ
2025-02-25 00:00:00-05:00,515.9692710044544,516.0487840625606,506.23101383534026,510.0865783691406,48940000,0.0,0.0,0.0,QQQ
2025-02-26 00:00:00-05:00,512.2827081341442,516.3866374854662,508.1488779896471,511.31878662109375,34457600,0.0,0.0,0.0,QQQ
2025-02-27 00:00:00-05:00,514.866321152696,515.8004025498751,496.90018949133594,497.1188049316406,52448000,0.0,0.0,0.0,QQQ
2025-02-28 00:00:00-05:00,496.9796905709141,505.5751982352111,493.7998352114138,504.96905517578125,47654000,0.0,0.0,0.0,QQQ
2025-03-03 00:00:00-05:00,508.29792199196845,509.80833658708485,490.4709237175102,493.9190673828125,44587200,0.0,0.0,0.0,QQQ
2025-03-04 00:00:00-05:00,491.0671622880661,500.5669416036149,484.6677252997208,492.42852783203125,67875400,0.0,0.0,0.0,QQQ
2025-03-05 00:00:00-05:00,493.0744692441924,500.45766070927147,488.1655836699512,498.8478698730469,46323700,0.0,0.0,0.0,QQQ
2025-03-06 00:00:00-05:00,490.58025627763743,495.43943846939203,483.1374453830968,485.1248474121094,57574300,0.0,0.0,0.0,QQQ
2025-03-07 00:00:00-05:00,484.0913896771833,490.172835031535,477.5031471015196,488.6922302246094,54714700,0.0,0.0,0.0,QQQ
2025-03-10 00:00:00-04:00,480.4047960555825,480.9215096966139,465.7079486891979,469.7523193359375,76668000,0.0,0.0,0.0,QQQ
2025-03-11 00:00:00-04:00,469.37467027626616,475.7939702022416,464.0683106107926,468.62939453125,68760800,0.0,0.0,0.0,QQQ
2025-03-12 00:00:00-04:00,476.14180474816123,478.02983070184774,468.8182327695673,473.9159240722656,46971100,0.0,0.0,0.0,QQQ
2025-03-13 00:00:00-04:00,473.2501016514119,473.2799114684233,463.4919505450515,465.3899230957031,46563300,0.0,0.0,0.0,QQQ
2025-03-14 00:00:00-04:00,470.745971366685,477.5329356476442,470.1397980058928,476.63861083984375,43563000,0.0,0.0,0.0,QQQ
2025-03-17 00:00:00-04:00,476.5889052181335,482.77967314656735,474.7903088976975,479.72900390625,41744400,0.0,0.0,0.0,QQQ
2025-03-18 00:00:00-04:00,476.3902225670012,476.5889445811857,469.4343152382102,471.5509033203125,39072300,0.0,0.0,0.0,QQQ
2025-03-19 00:00:00-04:00,473.8065534525706,482.27287473503395,471.87877115950045,477.8608703613281,40430300,0.0,0.0,0.0,QQQ
2025-03-20 00:00:00-04:00,473.87616704158864,481.4978372007988,473.18056416842603,476.2411804199219,36780500,0.0,0.0,0.0,QQQ
2025-03-21 00:00:00-04:00,471.0937592442753,478.5763266010879,469.93114605028205,477.8111877441406,42234900,0.0,0.0,0.0,QQQ
2025-03-24 00:00:00-04:00,485.39050030859886,489.1423592971704,482.0665930507614,488.29644775390625,34567200,0.716,0.0,0.0,QQQ
2025-03-25 00:00:00-04:00,489.022941249908,491.2421796862816,488.05761261924056,491.08294677734375,26035200,0.0,0.0,0.0,QQQ
2025-03-26 00:00:00-04:00,489.92852335581483,490.7843964317407,480.49420901971564,482.04669189453125,34627100,0.0,0.0,0.0,QQQ
2025-03-27 00:00:00-04:00,480.08616022723464,484.23605568618603,477.9365616361051,479.2999572753906,33469800,0.0,0.0,0.0,QQQ
2025-03-28 00:00:00-04:00,477.49872503017417,478.2052964153207,465.79536391222956,466.68109130859375,46363800,0.0,0.0,0.0,QQQ
2025-03-31 00:00:00-04:00,459.6949133234896,467.5966378628316,455.1269969393962,466.66119384765625,53000300,0.0,0.0,0.0,QQQ
2025-04-01 00:00:00-04:00,465.0489314542302,471.34845587241415,462.1828303710836,470.4229431152344,41156200,0.0,0.0,0.0,QQQ
2025-04-02 00:00:00-04:00,463.8746102747231,477.2498697785152,463.61585302345657,473.8562927246094,49894500,0.0,0.0,0.0,QQQ
2025-04-03 00:00:00-04:00,454.24126086225453,457.8537794541511,447.9716210778618,448.4891052246094,70456300,0.0,0.0,0.0,QQQ
2025-04-04 00:00:00-04:00,436.0294213013578,438.2486595831719,420.6339416503906,420.6339416503906,117088400,0.0,0.0,0.0,QQQ
2025-04-07 00:00:00-04:00,406.69142055496206,441.0053356019918,400.4516351196774,421.6490173339844,161557000,0.0,0.0,0.0,QQQ
2025-04-08 00:00:00-04:00,436.04930169029,441.0053229949478,407.8159703583268,414.0557556152344,101248100,0.0,0.0,0.0,QQQ
2025-04-09 00:00:00-04:00,413.56815354318593,465.5763897991723,413.4288133631856,463.7552185058594,142876900,0.0,0.0,0.0,QQQ
2025-04-10 00:00:00-04:00,451.3751553721857,453.3953754518723,430.5459844866977,444.03070068359375,108384100,0.0,0.0,0.0,QQQ
2025-04-11 00:00:00-04:00,442.5080869674275,453.5944394661005,439.2040723268698,452.21112060546875,52483800,0.0,0.0,0.0,QQQ
2025-04-14 00:00:00-04:00,462.2226636947785,462.8098179898462,450.4496627786491,455.27630615234375,43941200,0.0,0.0,0.0,QQQ
2025-04-15 00:00:00-04:00,456.33115174787315,460.152650240748,453.9526501626425,455.7837829589844,35404200,0.0,0.0,0.0,QQQ
2025-04-16 00:00:00-04:00,446.8669566467618,450.43965945558847,435.6512567922465,442.0403137207031,48980600,0.0,0.0,0.0,QQQ
2025-04-17 00:00:00-04:00,445.0159426129849,445.59313532137156,439.2339021288606,441.9607238769531,44837000,0.0,0.0,0.0,QQQ
2025-04-21 00:00:00-04:00,436.1189822025886,436.9648633110088,425.86858083880827,431.02362060546875,44149300,0.0,0.0,0.0,QQQ
2025-04-22 00:00:00-04:00,436.7061890853483,445.42397106891866,435.5119573980011,442.33892822265625,52304400,0.0,0.0,0.0,QQQ
2025-04-23 00:00:00-04:00,455.9629568263105,461.14785116525866,450.6984308488603,452.3703308105469,55801100,0.0,0.0,0.0,QQQ
2025-04-24 00:00:00-04:00,454.28109133466916,465.4072286279397,453.6341981671536,465.0987243652344,45956100,0.0,0.0,0.0,QQQ
2025-04-25 00:00:00-04:00,464.72053142933055,470.8110455432342,463.1481559071448,470.2835998535156,38697100,0.0,0.0,0.0,QQQ
2025-04-28 00:00:00-04:00,470.7513468926074,472.5227711679886,463.785066874951,470.13433837890625,33550800,0.0,0.0,0.0,QQQ
2025-04-29 00:00:00-04:00,467.9051531308386,474.1250461983433,467.32793004665405,473.23931884765625,30613100,0.0,0.0,0.0,QQQ
2025-04-30 00:00:00-04:00,464.87977453427817,474.90127322951986,460.2024029412006,473.1795959472656,46810600,0.0,0.0,0.0,QQQ
2025-05-01 00:00:00-04:00,481.08135748377987,484.83318599096134,478.4242058431775,479.35968017578125,43316500,0.0,0.0,0.0,QQQ
2025-05-02 00:00:00-04:00,484.19630323903306,488.54524771174533,482.49451859013254,486.4752502441406,39218100,0.0,0.0,0.0,QQQ
2025-05-05 00:00:00-04:00,482.26562303187217,486.6742758401759,481.768031598775,483.5892028808594,28309500,0.0,0.0,0.0,QQQ
2025-05-06 00:00:00-04:00,477.2499089792982,482.71345338039805,475.88651326591844,479.09100341796875,32786300,0.0,0.0,0.0,QQQ
2025-05-07 00:00:00-04:00,479.7577689327616,483.4598506116992,474.4833116025476,480.9718933105469,38006300,0.0,0.0,0.0,QQQ
2025-05-08 00:00:00-04:00,486.1767003880921,490.32662643958486,481.8377175267332,485.9378662109375,39577600,0.0,0.0,0.0,QQQ
2025-05-09 00:00:00-04:00,487.8485846688506,489.172194889319,483.8579220246552,485.619384765625,27767400,0.0,0.0,0.0,QQQ
2025-05-12 00:00:00-04:00,504.5477524292731,505.44344130675324,499.0643154796623,505.40362548828125,45090600,0.0,0.0,0.0,QQQ
2025-05-13 00:00:00-04:00,506.70727479815804,514.8976401223139,505.9708492495279,513.1063232421875,53269600,0.0,0.0,0.0,QQQ
2025-05-14 00:00:00-04:00,514.2806849131285,516.7287959644325,513.2655789214306,516.1814575195312,47014500,0.0,0.0,0.0,QQQ
2025-05-15 00:00:00-04:00,514.0318883953613,519.4158011315517,512.6883550423395,516.7487182617188,50153300,0.0,0.0,0.0,QQQ
2025-05-16 00:00:00-04:00,518.1519218274547,519.1869509574169,514.6090729974479,518.9978637695312,48394600,0.0,0.0,0.0,QQQ
2025-05-19 00:00:00-04:00,511.7628921130437,520.0129979914711,511.7628921130437,519.4954833984375,52536200,0.0,0.0,0.0,QQQ
2025-05-20 00:00:00-04:00,516.967720965549,518.4207101166679,514.1712589644468,517.763916015625,42517600,0.0,0.0,0.0,QQQ
2025-05-21 00:00:00-04:00,513.7831162356644,520.4806779894516,508.77731688816084,510.5686340332031,71292800,0.0,0.0,0.0,QQQ
2025-05-22 00:00:00-04:00,511.185689412206,515.2162292841061,509.8322550667711,511.5240783691406,55607200,0.0,0.0,0.0,QQQ
2025-05-23 00:00:00-04:00,503.74166904926017,509.37440786318274,503.14455323986806,506.78692626953125,58368100,0.0,0.0,0.0,QQQ
2025-05-27 00:00:00-04:00,513.6637044067394,519.1969191841325,512.1112214329714,518.709228515625,47226300,0.0,0.0,0.0,QQQ
2025-05-28 00:00:00-04:00,519.6646069225357,521.1573812940497,515.8928855439889,516.4103393554688,46637200,0.0,0.0,0.0,QQQ
2025-05-29 00:00:00-04:00,523.7946714004786,523.9439124018006,514.8280630915039,517.4254760742188,58513300,0.0,0.0,0.0,QQQ
2025-05-30 00:00:00-04:00,516.937802360934,518.1718194248762,509.46396914496165,516.609375,67662800,0.0,0.0,0.0,QQQ
2025-06-02 00:00:00-04:00,514.7484234216115,520.9285314569356,513.4845216279213,520.689697265625,44762800,0.0,0.0,0.0,QQQ
2025-06-03 00:00:00-04:00,521.0379742774489,526.1930145844751,520.1721699845227,524.7599487304688,44070300,0.0,0.0,0.0,QQQ
2025-06-04 00:00:00-04:00,525.4665516408473,527.2877534208493,523.4363395775185,526.222900390625,41359300,0.0,0.0,0.0,QQQ
2025-06-05 00:00:00-04:00,527.6261361168769,530.4823065783713,520.1423402294238,522.2620849609375,61031200,0.0,0.0,0.0,QQQ
2025-06-06 00:00:00-04:00,527.4469412104685,529.2382582965394,525.6655856720602,527.3673095703125,42467000,0.0,0.0,0.0,QQQ
2025-06-09 00:00:00-04:00,527.5862547168781,529.7855699578893,526.4616932284755,528.1435546875,33688700,0.0,0.0,0.0,QQQ
2025-06-10 00:00:00-04:00,528.6112629449328,532.3233363181573,526.342277608641,531.6366577148438,40664800,0.0,0.0,0.0,QQQ
2025-06-11 00:00:00-04:00,533.039834702878,534.1942808270467,527.5563674659288,529.8452758789062,53701000,0.0,0.0,0.0,QQQ
2025-06-12 00:00:00-04:00,528.5317277617894,532.0646150066514,528.2829320298816,531.0892944335938,34104900,0.0,0.0,0.0,QQQ
2025-06-13 00:00:00-04:00,525.1381334298933,529.3079524332428,523.197514523019,524.421630859375,55814400,0.0,0.0,0.0,QQQ
2025-06-16 00:00:00-04:00,527.9445262501218,532.7910620936354,527.8947792535579,531.7162475585938,37622100,0.0,0.0,0.0,QQQ
2025-06-17 00:00:00-04:00,529.1486465500997,530.7608377600702,525.3669034737391,526.5313110351562,42180900,0.0,0.0,0.0,QQQ
2025-06-18 00:00:00-04:00,527.5463496966778,529.9845595741693,524.8594048736611,526.4417114257812,43983500,0.0,0.0,0.0,QQQ
2025-06-20 00:00:00-04:00,529.6960723110417,530.989797962704,522.3516174800588,524.292236328125,61643500,0.0,0.0,0.0,QQQ
2025-06-23 00:00:00-04:00,524.8611059770333,530.2012624901581,521.7128229011945,529.6832275390625,50666100,0.591,0.0,0.0,QQQ
2025-06-24 00:00:00-04:00,534.9038188952696,538.6997215726698,534.2861174166954,537.7831420898438,45442000,0.0,0.0,0.0,QQQ
2025-06-25 00:00:00-04:00,540.0546537700266,541.3000294115662,537.3845756916884,539.157958984375,44804200,0.0,0.0,0.0,QQQ
2025-06-26 00:00:00-04:00,541.3398412384469,544.6475661276676,539.5166551436107,544.19921875,43811400,0.0,0.0,0.0,QQQ
2025-06-27 00:00:00-04:00,545.2354924154549,547.95537367592,542.5255230814219,546.0624389648438,57577100,0.0,0.0,0.0,QQQ
2025-06-30 00:00:00-04:00,549.2206440950201,550.7549250315776,546.9789678853869,549.5992431640625,45548700,0.0,0.0,0.0,QQQ
2025-07-01 00:00:00-04:00,547.6963457952282,548.6727617985166,542.6450941202479,544.9664916992188,56166700,0.0,0.0,0.0,QQQ
2025-07-02 00:00:00-04:00,544.139419448452,548.9615403155057,544.0995893223733,548.7622680664062,36538300,0.0,0.0,0.0,QQQ
2025-07-03 00:00:00-04:00,551.1335605372531,555.1387084222483,551.1335605372531,554.1622924804688,26443500,0.0,0.0,0.0,QQQ
2025-07-07 00:00:00-04:00,551.4723321808171,552.2893059767699,547.5469053516296,549.9878540039062,45349300,0.0,0.0,0.0,QQQ
2025-07-08 00:00:00-04:00,551.3328226115977,551.9604968449189,549.0612280892235,550.2966918945312,36153300,0.0,0.0,0.0,QQQ
2025-07-09 00:00:00-04:00,552.4287282148103,555.5670993773455,551.0538285444961,554.1921997070312,43045500,0.0,0.0,0.0,QQQ
2025-07-10 00:00:00-04:00,554.8298779906593,555.2383344969288,550.7051787469096,553.3952026367188,34710900,0.0,0.0,0.0,QQQ
2025-07-11 00:00:00-04:00,551.2530854493318,553.733864104168,550.0077097543851,552.1497802734375,39618600,0.0,0.0,0.0,QQQ
2025-07-14 00:00:00-04:00,551.9405857278426,554.8896575344722,549.5893307950605,554.1524047851562,36453300,0.0,0.0,0.0,QQQ
2025-07-15 00:00:00-04:00,558.177370440617,558.7253235687808,554.6006247913591,554.660400390625,43277700,0.0,0.0,0.0,QQQ
2025-07-16 00:00:00-04:00,555.2184205935204,558.1375740177878,549.519549612121,555.2283325195312,52314700,0.0,0.0,0.0,QQQ
2025-07-17 00:00:00-04:00,555.9556949409956,560.2298027364059,555.1486938660757,559.7216796875,40423800,0.0,0.0,0.0,QQQ
2025-07-18 00:00:00-04:00,561.0367592084838,562.6407884950407,557.9083608963978,559.1836547851562,50484700,0.0,0.0,0.0,QQQ
2025-07-21 00:00:00-04:00,560.0106243017523,563.9659084478778,559.9807060956166,562.0828857421875,39595200,0.0,0.0,0.0,QQQ
2025-07-22 00:00:00-04:00,562.2123493250268,562.262152187211,556.5433971551718,559.1736450195312,43270600,0.0,0.0,0.0,QQQ
2025-07-23 00:00:00-04:00,560.2597104593184,561.7640732969975,557.5099110527195,561.7242431640625,40215300,0.0,0.0,0.0,QQQ
2025-07-24 00:00:00-04:00,563.0393510094046,564.145230057719,561.2061311881392,562.9197998046875,42275500,0.0,0.0,0.0,QQQ
2025-07-25 00:00:00-04:00,562.8401049406639,565.599877131678,562.1825732841013,564.2747802734375,30630800,0.0,0.0,0.0,QQQ
2025-07-28 00:00:00-04:00,565.6396024726357,566.934780883673,564.7728259539763,566.0381469726562,31498700,0.0,0.0,0.0,QQQ
2025-07-29 00:00:00-04:00,568.648489779181,569.9934711462136,564.4341580737452,565.1614379882812,45463300,0.0,0.0,0.0,QQQ
2025-07-30 00:00:00-04:00,566.078082515952,568.5090584763351,562.9596566910935,565.918701171875,43433800,0.0,0.0,0.0,QQQ
2025-07-31 00:00:00-04:00,572.414512700583,572.5042065088016,561.784002550513,562.9197998046875,64613600,0.0,0.0,0.0,QQQ
2025-08-01 00:00:00-04:00,556.7626938955674,556.951993446216,549.6391201209816,551.8309936523438,69400800,0.0,0.0,0.0,QQQ
2025-08-04 00:00:00-04:00,556.9817563948841,562.2322792440823,556.8821506732708,562.0130615234375,47669800,0.0,0.0,0.0,QQQ
2025-08-05 00:00:00-04:00,563.2983805936119,564.4640352064246,557.6592854470431,558.1973266601562,48666600,0.0,0.0,0.0,QQQ
2025-08-06 00:00:00-04:00,559.0342039471559,565.6596271290572,558.5559991276681,565.2212524414062,41823700,0.0,0.0,0.0,QQQ
2025-08-07 00:00:00-04:00,569.5551584832303,571.1990788301907,563.0194288475504,567.1341552734375,44463000,0.0,0.0,0.0,QQQ
2025-08-08 00:00:00-04:00,568.3396307619837,572.6436562068012,568.0407527747095,572.4244384765625,35255500,0.0,0.0,0.0,QQQ
2025-08-11 00:00:00-04:00,572.5639325532171,574.6661119984625,569.4554798808987,570.730712890625,33112900,0.0,0.0,0.0,QQQ
2025-08-12 00:00:00-04:00,573.0321895540377,578.2029917684722,570.372084149425,577.9041137695312,42143300,0.0,0.0,0.0,QQQ
2025-08-13 00:00:00-04:00,580.604084362888,581.1620102059526,576.7982091868794,578.1930541992188,41209300,0.0,0.0,0.0,QQQ
2025-08-14 00:00:00-04:00,576.1407216563158,579.7273793774012,575.7720345015408,577.7447509765625,45425000,0.0,0.0,0.0,QQQ
2025-08-15 00:00:00-04:00,577.6550842269212,577.6949751695009,573.4407520858407,575.2042236328125,49480200,0.0,0.0,0.0,QQQ
2025-08-18 00:00:00-04:00,574.3074712675442,575.6325679790418,573.1118984877381,574.9749755859375,29831000,0.0,0.0,0.0,QQQ
2025-08-19 00:00:00-04:00,574.2576936083949,574.4270476767487,566.1477924665415,567.1740112304688,53752600,0.0,0.0,0.0,QQQ
2025-08-20 00:00:00-04:00,566.2274603525832,566.347011543646,556.772578668353,563.8064575195312,76781100,0.0,0.0,0.0,QQQ
2025-08-21 00:00:00-04:00,562.2622161511607,564.3943140175195,558.9046880126308,561.1962280273438,46436900,0.0,0.0,0.0,QQQ
2025-08-22 00:00:00-04:00,562.5810219572568,571.8665505027725,561.186237654488,569.85400390625,51502100,0.0,0.0,0.0,QQQ
2025-08-25 00:00:00-04:00,568.2898040708618,571.1690661717927,567.0543404263368,568.2100830078125,34044700,0.0,0.0,0.0,QQQ
2025-08-26 00:00:00-04:00,567.7219543005008,570.8004889189272,566.6957355547859,570.4916381835938,34103000,0.0,0.0,0.0,QQQ
2025-08-27 00:00:00-04:00,569.4754735923461,572.2849877073902,568.2599552674767,571.368408203125,36927100,0.0,0.0,0.0,QQQ
2025-08-28 00:00:00-04:00,571.9860851866184,575.8617088595212,570.3422257905413,574.9451293945312,46787900,0.0,0.0,0.0,QQQ
2025-08-29 00:00:00-04:00,572.5341066955731,572.9027938819278,566.4367515618461,568.2899169921875,56030400,0.0,0.0,0.0,QQQ
2025-09-02 00:00:00-04:00,559.2334132357979,563.8761466603551,557.469941948523,563.5274658203125,65876800,0.0,0.0,0.0,QQQ
2025-09-03 00:00:00-04:00,567.1242013007502,569.5850955347586,564.6334496680194,567.9611206054688,54230200,0.0,0.0,0.0,QQQ
2025-09-04 00:00:00-04:00,568.6285491052419,573.4705550386212,566.9249141338813,573.1019287109375,47526300,0.0,0.0,0.0,QQQ
2025-09-05 00:00:00-04:00,578.3424981949754,578.9701724080204,569.4156841594208,573.9288940429688,68342500,0.0,0.0,0.0,QQQ
2025-09-08 00:00:00-04:00,576.2303043493281,578.6911981583403,575.6325483844515,576.7284545898438,46371400,0.0,0.0,0.0,QQQ
2025-09-09 00:00:00-04:00,577.5255685086003,578.7908897662577,574.9052929899314,578.3624877929688,44007600,0.0,0.0,0.0,QQQ
2025-09-10 00:00:00-04:00,581.5804896782814,581.6104078841153,576.4096872460331,578.5517578125,49308000,0.0,0.0,0.0,QQQ
2025-09-11 00:00:00-04:00,581.0823312583443,582.7162787776647,579.4683292093007,581.9192504882812,44745800,0.0,0.0,0.0,QQQ
2025-09-12 00:00:00-04:00,582.875622079706,585.6851967841828,581.9390971782137,584.4896240234375,50745900,0.0,0.0,0.0,QQQ
2025-09-15 00:00:00-04:00,586.2631455882268,589.6007283774782,586.1136761698691,589.4911499023438,44360300,0.0,0.0,0.0,QQQ
2025-09-16 00:00:00-04:00,590.417622334017,590.6666974580144,588.3054701472681,588.992919921875,36942100,0.0,0.0,0.0,QQQ
2025-09-17 00:00:00-04:00,588.9132280535239,589.560847731768,582.2081448420756,587.8173217773438,69384800,0.0,0.0,0.0,QQQ
2025-09-18 00:00:00-04:00,592.7091584852494,595.9272507480725,590.7664209781601,593.11767578125,61069300,0.0,0.0,0.0,QQQ
2025-09-19 00:00:00-04:00,595.1202047360832,597.83011295333,593.6456386208329,597.1326904296875,58196100,0.0,0.0,0.0,QQQ
2025-09-22 00:00:00-04:00,596.2190510860968,601.3360027595129,596.1990824942005,600.667724609375,57154800,0.694,0.0,0.0,QQQ
2025-09-23 00:00:00-04:00,600.8372900448078,601.0367933292055,595.4609900615409,596.6779174804688,64635500,0.0,0.0,0.0,QQQ
2025-09-24 00:00:00-04:00,598.0544387994095,598.3736318933126,591.8502333814113,594.583251953125,49850300,0.0,0.0,0.0,QQQ
2025-09-25 00:00:00-04:00,590.6932034651784,593.6057566967052,587.0026056631178,592.0198364257812,70920200,0.0,0.0,0.0,QQQ
2025-09-26 00:00:00-04:00,592.8376791327265,594.7827296224774,589.5560723046866,594.4535522460938,54337400,0.0,0.0,0.0,QQQ
2025-09-29 00:00:00-04:00,597.5855809487724,600.5181027058711,595.8898943349653,597.20654296875,48332900,0.0,0.0,0.0,QQQ
2025-09-30 00:00:00-04:00,596.9073409482912,599.1815689140329,594.5832523790604,598.8424072265625,46533800,0.0,0.0,0.0,QQQ
2025-10-01 00:00:00-04:00,595.6504804045827,602.2536309055715,594.8226361779185,601.7150268554688,46899600,0.0,0.0,0.0,QQQ
2025-10-02 00:00:00-04:00,605.5153536087707,605.6150748101588,601.3958573858611,604.188720703125,43765400,0.0,0.0,0.0,QQQ
2025-10-03 00:00:00-04:00,604.9668078782124,605.7847287787447,599.859840058186,601.645263671875,46482100,0.0,0.0,0.0,QQQ
2025-10-06 00:00:00-04:00,606.9018036091138,607.8094613156995,604.4280726015548,606.1636962890625,41962100,0.0,0.0,0.0,QQQ
2025-10-07 00:00:00-04:00,607.4703970532165,608.1586438162234,601.4956480641417,602.9718627929688,58209500,0.0,0.0,0.0,QQQ
2025-10-08 00:00:00-04:00,603.8695906281247,610.1934861561377,603.7200088104369,609.88427734375,50629800,0.0,0.0,0.0,QQQ
2025-10-09 00:00:00-04:00,609.9241018375851,610.0537759298148,605.9342796270852,609.1461181640625,45551000,0.0,0.0,0.0,QQQ
2025-10-10 00:00:00-04:00,609.8443624637231,611.6198017284072,587.5511938507611,588.0000610351562,97614800,0.0,0.0,0.0,QQQ
2025-10-13 00:00:00-04:00,598.1541220292103,601.415821078074,595.7103438165695,600.4782104492188,65872600,0.0,0.0,0.0,QQQ
2025-10-14 00:00:00-04:00,593.7952358040048,601.1564623206032,588.6284235801336,596.4783935546875,69203200,0.0,0.0,0.0,QQQ
2025-10-15 00:00:00-04:00,602.4731063786636,605.1562641092269,594.4136488911962,600.6876220703125,62805500,0.0,0.0,0.0,QQQ
2025-10-16 00:00:00-04:00,603.5702851791965,606.7621549667239,593.9847524006545,598.4633178710938,70982000,0.0,0.0,0.0,QQQ
2025-10-17 00:00:00-04:00,596.4285459627954,603.9693073296388,594.8525491800316,602.393310546875,72024900,0.0,0.0,0.0,QQQ
2025-10-20 00:00:00-04:00,605.5951192469275,611.2406903321764,605.5252900595317,609.98388671875,45761700,0.0,0.0,0.0,QQQ
2025-10-21 00:00:00-04:00,610.0837500489531,611.1609582497778,607.7696457807522,609.8244018554688,44538200,0.0,0.0,0.0,QQQ
2025-10-22 00:00:00-04:00,609.2657958565487,609.8542605281881,598.2139715066553,603.9493408203125,61478800,0.0,0.0,0.0,QQQ
2025-10-23 00:00:00-04:00,603.3708114071275,609.8143961922938,602.9818500103868,609.0264282226562,42844300,0.0,0.0,0.0,QQQ
2025-10-24 00:00:00-04:00,614.4226241256162,616.8464337655934,613.5648269782704,615.52978515625,47632500,0.0,0.0,0.0,QQQ
2025-10-27 00:00:00-04:00,622.930958710038,626.9506729134798,622.4422152319877,626.4918823242188,54098600,0.0,0.0,0.0,QQQ
2025-10-28 00:00:00-04:00,628.7560864561588,633.0651018787079,627.648925370604,631.3095703125,61195700,0.0,0.0,0.0,QQQ
2025-10-29 00:00:00-04:00,633.9728090539653,635.3891789092543,628.6463695521778,634.15234375,67422800,0.0,0.0,0.0,QQQ
2025-10-30 00:00:00-04:00,630.5614543099158,631.8880872300178,624.3473257513068,624.45703125,61628600,0.0,0.0,0.0,QQQ
2025-10-31 00:00:00-04:00,632.5563592252307,632.5863121135939,625.0954113092228,627.4693603515625,66305100,0.0,0.0,0.0,QQQ
2025-11-03 00:00:00-05:00,633.4939381480045,634.2021534587442,628.2473125587718,630.4716796875,37154300,0.0,0.0,0.0,QQQ
2025-11-04 00:00:00-05:00,621.6941527131348,625.354797701833,616.8864094378021,617.6743774414062,63830800,0.0,0.0,0.0,QQQ
2025-11-05 00:00:00-05:00,616.9163015661201,625.0056518350635,615.6395900613109,621.6941528320312,48688500,0.0,0.0,0.0,QQQ
2025-11-06 00:00:00-05:00,620.2078932237561,620.4572571227977,608.7471381645778,610.1136474609375,72115100,0.0,0.0,0.0,QQQ
2025-11-07 00:00:00-05:00,606.7621834660789,608.3980251800011,597.1466973484642,608.1885375976562,81835400,0.0,0.0,0.0,QQQ
2025-11-10 00:00:00-05:00,617.3451949289606,622.7214951546598,615.3203917446493,621.6442260742188,55919900,0.0,0.0,0.0,QQQ
2025-11-11 00:00:00-05:00,618.9910087880348,621.1355017301039,615.9487814833327,619.9884643554688,44868800,0.0,0.0,0.0,QQQ
2025-11-12 00:00:00-05:00,623.2501373408774,623.2700450530867,616.2379957742788,619.4996948242188,47444400,0.0,0.0,0.0,QQQ
2025-11-13 00:00:00-05:00,615.9686873362173,616.5472286099415,604.5378855310528,606.8519897460938,71333600,0.0,0.0,0.0,QQQ
2025-11-14 00:00:00-05:00,598.0244819828539,611.7893568378086,595.6505328274214,607.310791015625,80087300,0.0,0.0,0.0,QQQ
2025-11-17 00:00:00-05:00,604.7573208445992,610.9215891749508,598.3436886131177,602.1240234375,63850400,0.0,0.0,0.0,QQQ
2025-11-18 00:00:00-05:00,598.0943000892208,600.7774579901122,589.8353996813287,594.792724609375,83327300,0.0,0.0,0.0,QQQ
2025-11-19 00:00:00-05:00,595.5508254465173,604.6176628042144,593.077155027408,598.3436889648438,73111500,0.0,0.0,0.0,QQQ
2025-11-20 00:00:00-05:00,610.0637948039835,612.4676969147798,583.262167456246,584.1798095703125,117743200,0.0,0.0,0.0,QQQ
2025-11-21 00:00:00-05:00,585.9751825584982,595.4609945768989,579.2623261905873,588.568603515625,103344200,0.0,0.0,0.0,QQQ
2025-11-24 00:00:00-05:00,593.7653733267485,605.1363301511908,593.6456226504143,603.6201782226562,60168100,0.0,0.0,0.0,QQQ
2025-11-25 00:00:00-05:00,601.9743827443708,608.7072074163303,595.8001307211132,607.3406982421875,57560900,0.0,0.0,0.0,QQQ
2025-11-26 00:00:00-05:00,610.9514997668095,614.6221288317284,608.8368989020178,612.70703125,42393600,0.0,0.0,0.0,QQQ
2025-11-28 00:00:00-05:00,614.5423522607352,617.7442066386661,613.8541054647261,617.6743774414062,23034400,0.0,0.0,0.0,QQQ
2025-12-01 00:00:00-05:00,612.0686387329198,617.8638528985133,610.961477711232,615.599609375,40957600,0.0,0.0,0.0,QQQ
2025-12-02 00:00:00-05:00,617.8838431924653,622.1629056286581,616.018606165418,620.4173583984375,54541800,0.0,0.0,0.0,QQQ
2025-12-03 00:00:00-05:00,618.0434315384043,622.6317029281745,616.4575112334458,621.9335327148438,47841600,0.0,0.0,0.0,QQQ
2025-12-04 00:00:00-05:00,623.339907329069,623.3498916256304,617.9636071501104,621.35498046875,47067800,0.0,0.0,0.0,QQQ
2025-12-05 00:00:00-05:00,622.7913119974152,627.3197383563271,622.1230338136666,623.8884887695312,53614200,0.0,0.0,0.0,QQQ
2025-12-08 00:00:00-05:00,625.6141268554061,627.2399842967836,620.10815265492,622.6915893554688,43462400,0.0,0.0,0.0,QQQ
2025-12-09 00:00:00-05:00,621.4248072711308,624.2775156033157,619.4199118254116,623.4595947265625,37156000,0.0,0.0,0.0,QQQ
2025-12-10 00:00:00-05:00,622.2626189242517,627.6090269272694,619.4099106697121,626.0130615234375,55031400,0.0,0.0,0.0,QQQ
2025-12-11 00:00:00-05:00,622.2327496814814,624.1877845427603,616.148234091509,623.98828125,58272800,0.0,0.0,0.0,QQQ
2025-12-12 00:00:00-05:00,620.4972123256402,621.953458575216,609.8044563667469,612.0587158203125,75158700,0.0,0.0,0.0,QQQ
2025-12-15 00:00:00-05:00,616.7966055109866,616.8464661142882,607.7696446385382,608.9865112304688,49538200,0.0,0.0,0.0,QQQ
2025-12-16 00:00:00-05:00,606.7123103516171,611.9489518835392,605.3657088583533,610.1934204101562,55152800,0.0,0.0,0.0,QQQ
2025-12-17 00:00:00-05:00,611.5001003103562,612.0886258751325,598.7526499708691,598.8822631835938,70654300,0.0,0.0,0.0,QQQ
2025-12-18 00:00:00-05:00,608.2484274799762,611.3704684542074,605.3757504118026,607.5601806640625,78875800,0.0,0.0,0.0,QQQ
2025-12-19 00:00:00-05:00,610.392920608793,616.0484763883416,610.3131071204459,615.4799194335938,60369800,0.0,0.0,0.0,QQQ
2025-12-22 00:00:00-05:00,620.5674955378034,620.8671665076671,616.9920478025754,618.4302368164062,43703100,0.794,0.0,0.0,QQQ
2025-12-23 00:00:00-05:00,617.42148892244,621.6261480926279,617.0020349130734,621.3265380859375,41120400,0.0,0.0,0.0,QQQ
2025-12-24 00:00:00-05:00,621.2067276835874,623.4938829346665,620.9370481838333,623.144287109375,18468700,0.0,0.0,0.0,QQQ
2025-12-26 00:00:00-05:00,623.873297918951,624.7322611929134,622.3552536061636,623.1043090820312,28959800,0.0,0.0,0.0,QQQ
2025-12-29 00:00:00-05:00,619.3190849184411,621.995763643064,617.9508150333834,620.088134765625,32458300,0.0,0.0,0.0,QQQ
2025-12-30 00:00:00-05:00,619.0594201394988,621.3964390816567,618.4401448660525,618.64990234375,31226800,0.0,0.0,0.0,QQQ
2025-12-31 00:00:00-05:00,618.8696789386981,619.1792861072609,613.2766946262738,613.536376953125,40746500,0.0,0.0,0.0,QQQ
2026-01-02 00:00:00-05:00,619.2791633693975,622.0656280105537,609.381669736326,612.347900390625,61859200,0.0,0.0,0.0,QQQ
2026-01-05 00:00:00-05:00,618.5400731036631,620.0281869343077,615.9433108116908,617.2117309570312,46828400,0.0,0.0,0.0,QQQ
2026-01-06 00:00:00-05:00,618.4501618747352,623.2341686687002,617.7610283782293,622.6348876953125,43137500,0.0,0.0,0.0,QQQ
2026-01-07 00:00:00-05:00,622.2553845556755,627.1492383750701,621.7760085257346,623.2341918945312,44880300,0.0,0.0,0.0,QQQ
2026-01-08 00:00:00-05:00,622.2454332860368,622.6348958217857,617.0219780933957,619.6885986328125,50435900,0.0,0.0,0.0,QQQ
2026-01-09 00:00:00-05:00,620.6273877403378,627.0992684709724,618.280371644388,625.86083984375,49688700,0.0,0.0,0.0,QQQ
2026-01-12 00:00:00-05:00,621.5263228144307,628.0580650499223,621.4763979710708,626.3801879882812,37388700,0.0,0.0,0.0,QQQ
2026-01-13 00:00:00-05:00,626.4800871429724,628.6772678768714,622.9145755930199,625.4513549804688,44481400,0.0,0.0,0.0,QQQ
2026-01-14 00:00:00-05:00,621.4563902550666,622.6648884214621,613.7860691564842,618.769775390625,72598700,0.0,0.0,0.0,QQQ
2026-01-15 00:00:00-05:00,625.8108857116995,629.206628407055,619.9682771169513,620.9970092773438,53934900,0.0,0.0,0.0,QQQ
2026-01-16 00:00:00-05:00,624.7123119754499,625.2915986535979,618.1006533744517,620.4776611328125,61058100,0.0,0.0,0.0,QQQ
2026-01-20 00:00:00-05:00,609.7611716460692,614.2854351912486,606.2855126563834,607.2942504882812,81988900,0.0,0.0,0.0,QQQ
2026-01-21 00:00:00-05:00,608.7024240227943,619.6386461402016,607.0944662344775,615.50390625,79837900,0.0,0.0,0.0,QQQ
2026-01-22 00:00:00-05:00,621.5662350217955,621.6761428244047,617.0020437780021,619.978271484375,42254800,0.0,0.0,0.0,QQQ
2026-01-23 00:00:00-05:00,618.949566020391,624.612469784726,617.8709699342951,621.935791015625,43645800,0.0,0.0,0.0,QQQ
2026-01-26 00:00:00-05:00,622.425196766994,626.81961915323,621.3365426117721,624.67236328125,35983000,0.0,0.0,0.0,QQQ
2026-01-27 00:00:00-05:00,628.1179690883873,631.2440322678261,626.5499998769385,630.335205078125,38997200,0.0,0.0,0.0,QQQ
2026-01-28 00:00:00-05:00,634.6597767228699,635.7982947738302,631.014348844542,632.4225463867188,50691700,0.0,0.0,0.0,QQQ
2026-01-29 00:00:00-05:00,631.8533057393616,632.8719797654484,617.4914101080947,628.6373291015625,79944000,0.0,0.0,0.0,QQQ
2026-01-30 00:00:00-05:00,624.9220440060533,627.4688205124429,618.5200822009824,621.0868530273438,65650700,0.0,0.0,0.0,QQQ
2026-02-02 00:00:00-05:00,617.9208683974972,627.6985176699922,617.8808797571519,625.3515014648438,49020300,0.0,0.0,0.0,QQQ
2026-02-03 00:00:00-05:00,627.5087242048245,629.1866011443993,610.1905958568021,615.7435913085938,81234000,0.0,0.0,0.0,QQQ
2026-02-04 00:00:00-05:00,614.2455284678144,614.3253838343164,599.7138024298947,604.9871826171875,81850700,0.0,0.0,0.0,QQQ
2026-02-05 00:00:00-05:00,599.4541864003901,604.0483693053457,594.0110373128413,596.2781982421875,89354500,0.0,0.0,0.0,QQQ
2026-02-06 00:00:00-05:00,599.434154665902,610.6399955270392,598.0159600076653,608.8822631835938,78019300,0.0,0.0,0.0,QQQ
2026-02-09 00:00:00-05:00,606.7748955946631,615.6837064208919,604.3080353554789,613.54638671875,56797600,0.0,0.0,0.0,QQQ
2026-02-10 00:00:00-05:00,614.5351423104305,616.2430108652889,610.2405694597212,610.699951171875,53938900,0.0,0.0,0.0,QQQ
2026-02-11 00:00:00-05:00,615.6037921922693,616.7423712103644,606.9247331463698,612.337890625,58575100,0.0,0.0,0.0,QQQ
2026-02-12 00:00:00-05:00,613.9358943887876,615.0344847338599,598.8149461335121,599.8836059570312,81378900,0.0,0.0,0.0,QQQ
2026-02-13 00:00:00-05:00,599.673873409497,605.7162424752422,595.6689134343201,601.1619873046875,69237500,0.0,0.0,0.0,QQQ
2026-02-17 00:00:00-05:00,597.626419057608,603.1894116444834,592.5927882610704,600.542724609375,69013800,0.0,0.0,0.0,QQQ
2026-02-18 00:00:00-05:00,601.3517411914925,609.0021290003773,599.9634770047899,605.027099609375,64250700,0.0,0.0,0.0,QQQ
2026-02-19 00:00:00-05:00,602.0508799312083,605.0570991965415,599.993476524114,602.7100219726562,60960800,0.0,0.0,0.0,QQQ
2026-02-20 00:00:00-05:00,599.3642756707148,609.581373723881,598.4753818004266,608.0433349609375,74127300,0.0,0.0,0.0,QQQ
2026-02-23 00:00:00-05:00,605.8460514657053,607.2443127599432,598.2955745850619,600.652587890625,63859100,0.0,0.0,0.0,QQQ
2026-02-24 00:00:00-05:00,601.6414099286677,608.2230768722754,598.9747284234804,607.1044921875,55023700,0.0,0.0,0.0,QQQ
2026-02-25 00:00:00-05:00,610.3004608891118,616.053216829597,610.2305417280922,615.9033813476562,55710700,0.0,0.0,0.0,QQQ
2026-02-26 00:00:00-05:00,614.8148183820397,614.8148183820397,603.2193924504018,608.4727783203125,96178900,0.0,0.0,0.0,QQQ
2026-02-27 00:00:00-05:00,602.2206376135266,607.5539396831472,601.4316544188312,606.5252075195312,68125200,0.0,0.0,0.0,QQQ
2026-03-02 00:00:00-05:00,598.1058012495889,609.1518702196468,597.2369017749593,607.32421875,75264600,0.0,0.0,0.0,QQQ
2026-03-03 00:00:00-05:00,595.5790600436336,603.1994564784976,591.1246545665933,600.8224487304688,97015500,0.0,0.0,0.0,QQQ
2026-03-04 00:00:00-05:00,603.3991678160902,612.108218610738,602.6701065956436,609.9808959960938,70943900,0.0,0.0,0.0,QQQ
2026-03-05 00:00:00-05:00,606.6350803018902,611.9883154244911,601.5015388569162,608.1431274414062,89602400,0.0,0.0,0.0,QQQ
2026-03-06 00:00:00-05:00,599.5539822531658,605.2368188486739,597.5764953219963,598.9946899414062,86302300,0.0,0.0,0.0,QQQ
2026-03-09 00:00:00-04:00,593.4816386137257,608.5027370453225,590.5853272955466,606.99462890625,93068200,0.0,0.0,0.0,QQQ
2026-03-10 00:00:00-04:00,607.0146358319374,612.5176457382476,604.65756151405,607.004638671875,64078900,0.0,0.0,0.0,QQQ
2026-03-11 00:00:00-04:00,608.1831666985171,611.6587648578186,604.2681201890963,606.9247436523438,60114800,0.0,0.0,0.0,QQQ
2026-03-12 00:00:00-04:00,602.0009473234562,603.3792143506387,596.2981160455262,596.5078735351562,71836600,0.0,0.0,0.0,QQQ
2026-03-13 00:00:00-04:00,598.9747313072235,602.8398528802119,591.8237748266745,592.9722900390625,63145500,0.0,0.0,0.0,QQQ
2026-03-16 00:00:00-04:00,599.2843027330098,603.099499235842,598.3554812666724,599.6239013671875,49077200,0.0,0.0,0.0,QQQ
2026-03-17 00:00:00-04:00,602.3804630878033,605.1369970937805,601.1120429286618,602.5502319335938,47106600,0.0,0.0,0.0,QQQ
2026-03-18 00:00:00-04:00,600.7325461165636,602.400426051188,593.8112802396884,594.15087890625,56128000,0.0,0.0,0.0,QQQ
2026-03-19 00:00:00-04:00,588.7676039624899,595.0496606380132,586.3406715242521,592.273193359375,75597600,0.0,0.0,0.0,QQQ
2026-03-20 00:00:00-04:00,590.3156309505814,590.4254777892629,577.8113788279011,581.3269653320312,91964700,0.0,0.0,0.0,QQQ
2026-03-23 00:00:00-04:00,590.52001953125,595.0800170898438,585.9600219726562,588.0,89936100,0.733,0.0,0.0,QQQ
2026-03-24 00:00:00-04:00,584.8099975585938,587.9299926757812,581.9299926757812,583.97998046875,57750900,0.0,0.0,0.0,QQQ
2026-03-25 00:00:00-04:00,589.1400146484375,591.3699951171875,585.6900024414062,587.8200073242188,60475500,0.0,0.0,0.0,QQQ
2026-03-26 00:00:00-04:00,582.5999755859375,584.6300048828125,573.4299926757812,573.7899780273438,81492100,0.0,0.0,0.0,QQQ
2026-03-27 00:00:00-04:00,570.8099975585938,571.02001953125,561.5700073242188,562.5800170898438,82702200,0.0,0.0,0.0,QQQ
2026-03-30 00:00:00-04:00,567.3800048828125,568.0499877929688,555.5999755859375,558.280029296875,70602600,0.0,0.0,0.0,QQQ
2026-03-31 00:00:00-04:00,564.2899780273438,578.6400146484375,564.2100219726562,577.1799926757812,95878000,0.0,0.0,0.0,QQQ
2026-04-01 00:00:00-04:00,581.47998046875,587.739990234375,580.4199829101562,584.3099975585938,79435100,0.0,0.0,0.0,QQQ
2026-04-02 00:00:00-04:00,573.969970703125,586.0499877929688,571.9199829101562,584.97998046875,50941700,0.0,0.0,0.0,QQQ
2026-04-06 00:00:00-04:00,586.22998046875,590.6099853515625,584.6900024414062,588.5,35108500,0.0,0.0,0.0,QQQ
2026-04-07 00:00:00-04:00,585.6400146484375,588.97998046875,578.4000244140625,588.5900268554688,49948200,0.0,0.0,0.0,QQQ
2026-04-08 00:00:00-04:00,608.7100219726562,609.9000244140625,602.1199951171875,606.0900268554688,63086000,0.0,0.0,0.0,QQQ
2026-04-09 00:00:00-04:00,605.9299926757812,610.5,603.030029296875,610.1900024414062,37837500,0.0,0.0,0.0,QQQ
2026-04-10 00:00:00-04:00,611.8400268554688,613.6699829101562,609.5800170898438,611.0700073242188,34038500,0.0,0.0,0.0,QQQ
2026-04-13 00:00:00-04:00,609.47998046875,626.739990234375,608.1099853515625,617.3900146484375,32972100,0.0,0.0,0.0,QQQ
2026-04-14 00:00:00-04:00,620.219970703125,628.5999755859375,620.0999755859375,628.5999755859375,49921100,0.0,0.0,0.0,QQQ
2026-04-15 00:00:00-04:00,629.0800170898438,637.8300170898438,628.2000122070312,637.4000244140625,50102400,0.0,0.0,0.0,QQQ
2026-04-16 00:00:00-04:00,639.2100219726562,642.1799926757812,635.260009765625,640.469970703125,42320600,0.0,0.0,0.0,QQQ
2026-04-17 00:00:00-04:00,645.5900268554688,650.0,644.0700073242188,648.8499755859375,53488900,0.0,0.0,0.0,QQQ
2026-04-20 00:00:00-04:00,648.0399780273438,648.760009765625,642.52001953125,646.7899780273438,37138500,0.0,0.0,0.0,QQQ
2026-04-21 00:00:00-04:00,648.4099731445312,650.2000122070312,642.2100219726562,644.3300170898438,39580500,0.0,0.0,0.0,QQQ
2026-04-22 00:00:00-04:00,650.1500244140625,655.3300170898438,648.52001953125,655.1099853515625,37368400,0.0,0.0,0.0,QQQ
2026-04-23 00:00:00-04:00,653.5499877929688,656.9199829101562,645.52001953125,651.4199829101562,40099800,0.0,0.0,0.0,QQQ
2026-04-24 00:00:00-04:00,658.510009765625,664.510009765625,656.530029296875,663.8800048828125,45563100,0.0,0.0,0.0,QQQ
2026-04-27 00:00:00-04:00,663.4000244140625,664.4299926757812,660.6900024414062,664.22998046875,32717000,0.0,0.0,0.0,QQQ
2026-04-28 00:00:00-04:00,657.4099731445312,659.6400146484375,653.8099975585938,657.5499877929688,34147900,0.0,0.0,0.0,QQQ
2026-04-29 00:00:00-04:00,658.6300048828125,661.719970703125,656.5900268554688,661.5700073242188,31724900,0.0,0.0,0.0,QQQ
2026-04-30 00:00:00-04:00,665.3499755859375,668.9000244140625,657.5599975585938,667.739990234375,40622200,0.0,0.0,0.0,QQQ
2026-05-01 00:00:00-04:00,669.1599731445312,675.969970703125,668.7999877929688,674.1500244140625,39172600,0.0,0.0,0.0,QQQ
2026-05-04 00:00:00-04:00,674.6599731445312,676.72998046875,668.9000244140625,672.8800048828125,34542000,0.0,0.0,0.0,QQQ
2026-05-05 00:00:00-04:00,677.9600219726562,682.77001953125,677.510009765625,681.6099853515625,37101100,0.0,0.0,0.0,QQQ
2026-05-06 00:00:00-04:00,687.780029296875,695.9299926757812,686.47998046875,695.77001953125,38778500,0.0,0.0,0.0,QQQ
2026-05-07 00:00:00-04:00,696.5800170898438,701.239990234375,691.77001953125,694.9400024414062,43779100,0.0,0.0,0.0,QQQ
2026-05-08 00:00:00-04:00,699.9199829101562,711.22998046875,699.5,711.22998046875,44146300,0.0,0.0,0.0,QQQ
2024-05-09 00:00:00-04:00,66.14468031071465,66.34848857542596,66.10762362005431,66.31143188476562,4525200,0.0,0.0,0.0,BND
2024-05-10 00:00:00-04:00,66.20025778599224,66.21878966411569,66.09835365983514,66.12614440917969,5562000,0.0,0.0,0.0,BND
2024-05-13 00:00:00-04:00,66.3299518617317,66.3299518617317,66.17246623878437,66.18173217773438,5600500,0.0,0.0,0.0,BND
2024-05-14 00:00:00-04:00,66.35774223109274,66.42258966769067,66.27436998454134,66.37627410888672,4272500,0.0,0.0,0.0,BND
2024-05-15 00:00:00-04:00,66.71902700800787,66.84872893136583,66.64492071045417,66.80240631103516,4208200,0.0,0.0,0.0,BND
2024-05-16 00:00:00-04:00,66.82091797453819,66.84871578197239,66.6726983407466,66.69122314453125,4359500,0.0,0.0,0.0,BND
2024-05-17 00:00:00-04:00,66.63564512965817,66.69122661173988,66.51521622920164,66.52447509765625,4373500,0.0,0.0,0.0,BND
2024-05-20 00:00:00-04:00,66.48743124933287,66.51522906357594,66.45038163268855,66.45964050292969,3699600,0.0,0.0,0.0,BND
2024-05-21 00:00:00-04:00,66.63564371267879,66.63564371267879,66.56153035958683,66.59858703613281,4612300,0.0,0.0,0.0,BND
2024-05-22 00:00:00-04:00,66.45963971150009,66.58933457173042,66.44111490339853,66.51522827148438,4306200,0.0,0.0,0.0,BND
2024-05-23 00:00:00-04:00,66.53376818438649,66.56155893676791,66.24658765265656,66.32069396972656,3589900,0.0,0.0,0.0,BND
2024-05-24 00:00:00-04:00,66.30213723800465,66.41330726185187,66.2650805633889,66.394775390625,4025200,0.0,0.0,0.0,BND
2024-05-28 00:00:00-04:00,66.45962200834313,66.45962200834313,66.06127159579194,66.07980346679688,4743400,0.0,0.0,0.0,BND
2024-05-29 00:00:00-04:00,65.9593800238704,65.96864596113097,65.74631294175178,65.83895111083984,4877500,0.0,0.0,0.0,BND
2024-05-30 00:00:00-04:00,66.0705629104906,66.16320109758595,66.0149814118015,66.12614440917969,3723200,0.0,0.0,0.0,BND
2024-05-31 00:00:00-04:00,66.28362453291244,66.40405344651616,66.27435859560775,66.36699676513672,4193000,0.0,0.0,0.0,BND
2024-06-03 00:00:00-04:00,66.50545333555382,66.74705680085984,66.46828302631356,66.73776245117188,4798900,0.219,0.0,0.0,BND
2024-06-04 00:00:00-04:00,66.86784928334723,67.03511211590121,66.8213917178945,66.9886474609375,5298400,0.0,0.0,0.0,BND
2024-06-05 00:00:00-04:00,67.07230579497107,67.18381675203612,66.9050429041302,67.17452239990234,5506400,0.0,0.0,0.0,BND
2024-06-06 00:00:00-04:00,67.06299446503681,67.21167570348311,67.06299446503681,67.18379974365234,4119700,0.0,0.0,0.0,BND
2024-06-07 00:00:00-04:00,66.7470529979904,66.7470529979904,66.63554207662283,66.64483642578125,3826500,0.0,0.0,0.0,BND
2024-06-10 00:00:00-04:00,66.5519045162627,66.57978047016951,66.47756391283774,66.54261016845703,3925100,0.0,0.0,0.0,BND
2024-06-11 00:00:00-04:00,66.60767772085102,66.83998686369863,66.58909610880866,66.8121109008789,4073200,0.0,0.0,0.0,BND
2024-06-12 00:00:00-04:00,67.29530927898242,67.4439905300134,67.10946480470594,67.11875915527344,4495700,0.0,0.0,0.0,BND
2024-06-13 00:00:00-04:00,67.33247983074904,67.4997426939965,67.26743355557015,67.4161148071289,4339600,0.0,0.0,0.0,BND
2024-06-14 00:00:00-04:00,67.5183334350586,67.58337971220266,67.46257441928333,67.5183334350586,3527000,0.0,0.0,0.0,BND
2024-06-17 00:00:00-04:00,67.24885155492268,67.28602186759738,67.17451092957327,67.2674331665039,4019000,0.0,0.0,0.0,BND
2024-06-18 00:00:00-04:00,67.3510740557405,67.59267047506955,67.34177970437773,67.49974822998047,8491900,0.0,0.0,0.0,BND
2024-06-20 00:00:00-04:00,67.2767295546886,67.39752775740585,67.23026489005987,67.3696517944336,4227800,0.0,0.0,0.0,BND
2024-06-21 00:00:00-04:00,67.49972502080071,67.53689532395825,67.30458624635651,67.38821411132812,4115300,0.0,0.0,0.0,BND
2024-06-24 00:00:00-04:00,67.40681054192329,67.44398084934575,67.33246992707839,67.4253921508789,31937200,0.0,0.0,0.0,BND
2024-06-25 00:00:00-04:00,67.43468660280368,67.47185691028274,67.35105872810924,67.46256256103516,5958500,0.0,0.0,0.0,BND
2024-06-26 00:00:00-04:00,67.18379964305201,67.20238125307415,67.11875337370707,67.1466293334961,5910600,0.0,0.0,0.0,BND
2024-06-27 00:00:00-04:00,67.27672751705065,67.33247944130657,67.23955720437594,67.2674331665039,5514800,0.0,0.0,0.0,BND
2024-06-28 00:00:00-04:00,67.41611055713288,67.41611055713288,66.95149230957031,66.95149230957031,4824500,0.0,0.0,0.0,BND
2024-07-01 00:00:00-04:00,66.71940543507357,66.88718292923744,66.55162794090968,66.59822845458984,4960000,0.221,0.0,0.0,BND
2024-07-02 00:00:00-04:00,66.82195282616321,66.8685533512143,66.71009876565222,66.79399108886719,6080100,0.0,0.0,0.0,BND
2024-07-03 00:00:00-04:00,66.9803853647834,67.20408630084619,66.93377774374657,67.1761245727539,4438600,0.0,0.0,0.0,BND
2024-07-05 00:00:00-04:00,67.35322606469214,67.53031938251986,67.3159413895377,67.48371887207031,4201700,0.0,0.0,0.0,BND
2024-07-08 00:00:00-04:00,67.47439592545054,67.53031938251986,67.38118779322679,67.48371887207031,4742300,0.0,0.0,0.0,BND
2024-07-09 00:00:00-04:00,67.45574951171875,67.502350016896,67.3066108279743,67.45574951171875,8533200,0.0,0.0,0.0,BND
2024-07-10 00:00:00-04:00,67.50235002806627,67.5489576445751,67.4091419063725,67.51167297363281,5591500,0.0,0.0,0.0,BND
2024-07-11 00:00:00-04:00,67.88453657621628,67.98706767973236,67.82860599436346,67.84725189208984,4978100,0.0,0.0,0.0,BND
2024-07-12 00:00:00-04:00,67.90314556170452,68.02432250976562,67.856545060493,68.02432250976562,4656800,0.0,0.0,0.0,BND
2024-07-15 00:00:00-04:00,67.86586760434473,67.95908283863115,67.79130537276912,67.80994415283203,4557200,0.0,0.0,0.0,BND
2024-07-16 00:00:00-04:00,67.87519128721279,68.08025342675171,67.86586834141809,68.07093048095703,4636600,0.0,0.0,0.0,BND
2024-07-17 00:00:00-04:00,67.98705309918633,68.17346936851315,67.9404454761922,68.13618469238281,8365100,0.0,0.0,0.0,BND
2024-07-18 00:00:00-04:00,68.02432231830547,68.14549215470227,67.92179126007615,67.95907592773438,7673700,0.0,0.0,0.0,BND
2024-07-19 00:00:00-04:00,68.03363740726562,68.03363740726562,67.76332890319378,67.78197479248047,5593100,0.0,0.0,0.0,BND
2024-07-22 00:00:00-04:00,67.88452877348735,67.90316755774502,67.67014364223365,67.75403594970703,5055700,0.0,0.0,0.0,BND
2024-07-23 00:00:00-04:00,67.7913202836618,67.88452842712567,67.75403560401116,67.76335144042969,6981700,0.0,0.0,0.0,BND
2024-07-24 00:00:00-04:00,67.84723557296739,67.89383608342195,67.5676040649414,67.5676040649414,5080200,0.0,0.0,0.0,BND
2024-07-25 00:00:00-04:00,67.6421817391396,67.86588270629369,67.6421817391396,67.71675109863281,4567700,0.0,0.0,0.0,BND
2024-07-26 00:00:00-04:00,67.94045291877521,68.00569933131955,67.89384529067542,67.987060546875,3692700,0.0,0.0,0.0,BND
2024-07-29 00:00:00-04:00,68.0895763725464,68.1734615507265,68.00568408304228,68.07093048095703,5185000,0.0,0.0,0.0,BND
2024-07-30 00:00:00-04:00,68.1734620836337,68.20142380991231,68.01500756050554,68.15482330322266,4282400,0.0,0.0,0.0,BND
2024-07-31 00:00:00-04:00,68.39715614202571,68.52764892578125,68.22006285625653,68.52764892578125,6041400,0.0,0.0,0.0,BND
2024-08-01 00:00:00-04:00,68.71840580808791,68.88669606681782,68.66231143286423,68.78385162353516,8733700,0.224,0.0,0.0,BND
2024-08-02 00:00:00-04:00,69.30740065024577,69.59723815953514,69.18586049025804,69.5691909790039,6476300,0.0,0.0,0.0,BND
2024-08-05 00:00:00-04:00,69.92447518819478,69.93382662713199,69.36351011394613,69.50374603271484,8354200,0.0,0.0,0.0,BND
2024-08-06 00:00:00-04:00,69.42896810376304,69.4476638518603,69.07368469238281,69.07368469238281,6484400,0.0,0.0,0.0,BND
2024-08-07 00:00:00-04:00,69.00823231582629,69.07367812753536,68.80254344100965,68.90538787841797,5907200,0.0,0.0,0.0,BND
2024-08-08 00:00:00-04:00,68.71838684173531,68.839926998861,68.69033966186453,68.80252838134766,4357500,0.0,0.0,0.0,BND
2024-08-09 00:00:00-04:00,69.09238147439642,69.12978010034871,69.00823278273911,69.0456314086914,6093100,0.0,0.0,0.0,BND
2024-08-12 00:00:00-04:00,69.00822935729666,69.20456678400646,68.94278354839338,69.16717529296875,4822900,0.0,0.0,0.0,BND
2024-08-13 00:00:00-04:00,69.36350165027139,69.43829175346958,69.31675159434761,69.42894744873047,4049000,0.0,0.0,0.0,BND
2024-08-14 00:00:00-04:00,69.47570390964901,69.6346498509279,69.42896097767394,69.55985260009766,6333600,0.0,0.0,0.0,BND
2024-08-15 00:00:00-04:00,69.14847172454996,69.27001190185547,69.10172879469006,69.27001190185547,5108300,0.0,0.0,0.0,BND
2024-08-16 00:00:00-04:00,69.39156188421667,69.41960906982422,69.23262307706825,69.41960906982422,4647700,0.0,0.0,0.0,BND
2024-08-19 00:00:00-04:00,69.41025304251639,69.57854327809677,69.38220585876265,69.50374603271484,4964700,0.0,0.0,0.0,BND
2024-08-20 00:00:00-04:00,69.64399632542276,69.72814501849085,69.56920620532283,69.70944213867188,4444000,0.0,0.0,0.0,BND
2024-08-21 00:00:00-04:00,69.79357824640378,69.97121277430067,69.65333520528503,69.85902404785156,4541800,0.0,0.0,0.0,BND
2024-08-22 00:00:00-04:00,69.70940565711884,69.7281085271499,69.49437258314609,69.5785140991211,3999700,0.0,0.0,0.0,BND
2024-08-23 00:00:00-04:00,69.72813853315766,69.91512451560415,69.63464554193442,69.88707733154297,4292000,0.0,0.0,0.0,BND
2024-08-26 00:00:00-04:00,69.98056133397273,69.98056133397273,69.81227111816406,69.81227111816406,4427200,0.0,0.0,0.0,BND
2024-08-27 00:00:00-04:00,69.66268377803253,69.84031829862266,69.64398090235541,69.81227111816406,3715900,0.0,0.0,0.0,BND
2024-08-28 00:00:00-04:00,69.81229164287566,69.8683931533437,69.74684582487895,69.76554870605469,5179900,0.0,0.0,0.0,BND
2024-08-29 00:00:00-04:00,69.66268157958984,69.70942450119334,69.57853290781257,69.66268157958984,3840800,0.0,0.0,0.0,BND
2024-08-30 00:00:00-04:00,69.70009499385948,69.78423655044293,69.48505468304892,69.52245330810547,5037400,0.0,0.0,0.0,BND
2024-09-03 00:00:00-04:00,69.78128876854919,69.92195221283049,69.70626349506324,69.81879425048828,6220100,0.226,0.0,0.0,BND
2024-09-04 00:00:00-04:00,69.85628894165156,70.15638280369949,69.83753620549945,70.12825012207031,7338600,0.0,0.0,0.0,BND
2024-09-05 00:00:00-04:00,70.26892542194311,70.32519078899439,70.08136942857051,70.29705810546875,9994300,0.0,0.0,0.0,BND
2024-09-06 00:00:00-04:00,70.33456189792084,70.672168367415,70.21265123302636,70.38145446777344,22536000,0.0,0.0,0.0,BND
2024-09-09 00:00:00-04:00,70.36270472375361,70.531507982841,70.27830667161123,70.4752426147461,5040900,0.0,0.0,0.0,BND
2024-09-10 00:00:00-04:00,70.50337801133539,70.72844664717698,70.46586537956131,70.7096939086914,5653900,0.0,0.0,0.0,BND
2024-09-11 00:00:00-04:00,70.59716253469723,70.81285839862215,70.55027710675084,70.67218780517578,6471000,0.0,0.0,0.0,BND
2024-09-12 00:00:00-04:00,70.64405292064724,70.70031829435469,70.5127622787943,70.59716033935547,5685400,0.0,0.0,0.0,BND
2024-09-13 00:00:00-04:00,70.76595274896219,70.82221811402991,70.67217475558188,70.74720001220703,4786700,0.0,0.0,0.0,BND
2024-09-16 00:00:00-04:00,70.80347803160005,70.96290136431968,70.74721265647632,70.93476867675781,4734900,0.0,0.0,0.0,BND
2024-09-17 00:00:00-04:00,70.93475088701277,70.95351077721824,70.80346027478141,70.84097290039062,5398400,0.0,0.0,0.0,BND
2024-09-18 00:00:00-04:00,70.72844786744997,70.96289645398073,70.61591712498915,70.62528991699219,5695700,0.0,0.0,0.0,BND
2024-09-19 00:00:00-04:00,70.54089186014657,70.66280254941347,70.4939992809192,70.62528991699219,5135600,0.0,0.0,0.0,BND
2024-09-20 00:00:00-04:00,70.54087288766023,70.70029616647037,70.46584764299624,70.61589813232422,4265000,0.0,0.0,0.0,BND
2024-09-23 00:00:00-04:00,70.5033701933051,70.67217344016863,70.38145951966004,70.56901550292969,6632500,0.0,0.0,0.0,BND
2024-09-24 00:00:00-04:00,70.44711075759173,70.68155933380932,70.40021818042712,70.6534194946289,5017900,0.0,0.0,0.0,BND
2024-09-25 00:00:00-04:00,70.55026909340602,70.55026909340602,70.39083862304688,70.39083862304688,4793100,0.0,0.0,0.0,BND
2024-09-26 00:00:00-04:00,70.4658638850038,70.49399656953693,70.25954799202367,70.39083862304688,4919700,0.0,0.0,0.0,BND
2024-09-27 00:00:00-04:00,70.55027491286705,70.64405292064724,70.47524964472156,70.59716033935547,3927900,0.0,0.0,0.0,BND
2024-09-30 00:00:00-04:00,70.56902715215253,70.57840709930505,70.36271124361691,70.43773651123047,5661900,0.0,0.0,0.0,BND
2024-10-01 00:00:00-04:00,70.66440744436152,70.7866850743983,70.5891679519357,70.64559936523438,6267100,0.221,0.0,0.0,BND
2024-10-02 00:00:00-04:00,70.40105363872505,70.54213935261377,70.32580696786206,70.51392364501953,6902500,0.0,0.0,0.0,BND
2024-10-03 00:00:00-04:00,70.38223838902502,70.40104646686602,70.20352935791016,70.20352935791016,7733800,0.0,0.0,0.0,BND
2024-10-04 00:00:00-04:00,69.7614762329456,69.8837538757444,69.70504481375721,69.74266815185547,5218300,0.0,0.0,0.0,BND
2024-10-07 00:00:00-04:00,69.54514371150131,69.62038320388503,69.4981127498339,69.53573608398438,7044200,0.0,0.0,0.0,BND
2024-10-08 00:00:00-04:00,69.4886973540501,69.63919067382812,69.43226594709157,69.63919067382812,8642400,0.0,0.0,0.0,BND
2024-10-09 00:00:00-04:00,69.5451498833426,69.5451498833426,69.41347179008865,69.45108795166016,4997800,0.0,0.0,0.0,BND
2024-10-10 00:00:00-04:00,69.40405874197202,69.46049015584045,69.24416495206661,69.42286682128906,4579000,0.0,0.0,0.0,BND
2024-10-11 00:00:00-04:00,69.44167386185586,69.52632097264508,69.34761912456233,69.43226623535156,8508000,0.0,0.0,0.0,BND
2024-10-14 00:00:00-04:00,69.22534486870731,69.38523864746094,69.20653679070205,69.38523864746094,3380100,0.0,0.0,0.0,BND
2024-10-15 00:00:00-04:00,69.5921580994546,69.68621283417093,69.46048003566847,69.65799713134766,4456200,0.0,0.0,0.0,BND
2024-10-16 00:00:00-04:00,69.73325231112564,69.82730705733579,69.70503660485431,69.75206756591797,7437800,0.0,0.0,0.0,BND
2024-10-17 00:00:00-04:00,69.59216927912037,69.59216927912037,69.37584407211276,69.41346740722656,4250400,0.0,0.0,0.0,BND
2024-10-18 00:00:00-04:00,69.5075265458532,69.582773220832,69.45108795166016,69.45108795166016,3930300,0.0,0.0,0.0,BND
2024-10-21 00:00:00-04:00,69.27238350412895,69.27238350412895,68.96199636326986,68.98080444335938,5259900,0.0,0.0,0.0,BND
2024-10-22 00:00:00-04:00,69.08426506809417,69.12188840323473,68.92437127568483,69.00902557373047,4633000,0.0,0.0,0.0,BND
2024-10-23 00:00:00-04:00,68.9996078192355,69.00901544561928,68.73625168782043,68.83971405029297,6429400,0.0,0.0,0.0,BND
2024-10-24 00:00:00-04:00,68.92435998084147,69.07485329674195,68.82089762013896,68.95257568359375,6219500,0.0,0.0,0.0,BND
2024-10-25 00:00:00-04:00,69.11249534551342,69.11249534551342,68.78329292179248,68.81151580810547,4641400,0.0,0.0,0.0,BND
2024-10-28 00:00:00-04:00,68.88674620537401,68.92436953956688,68.61398241441354,68.72685241699219,4582800,0.0,0.0,0.0,BND
2024-10-29 00:00:00-04:00,68.5669466257068,68.79267941543148,68.46348426876717,68.78327178955078,5543800,0.0,0.0,0.0,BND
2024-10-30 00:00:00-04:00,68.91496249778866,69.06545583583933,68.67982203902248,68.71744537353516,4610300,0.0,0.0,0.0,BND
2024-10-31 00:00:00-04:00,68.61399165276163,68.81151597784873,68.50112881090412,68.70805358886719,6115700,0.0,0.0,0.0,BND
2024-11-01 00:00:00-04:00,68.91372413344861,68.95146526191499,68.41366677844158,68.44197082519531,6409800,0.228,0.0,0.0,BND
2024-11-04 00:00:00-05:00,68.70614672021699,68.88541526829671,68.59292334273763,68.71558380126953,6860100,0.0,0.0,0.0,BND
2024-11-05 00:00:00-05:00,68.49858057558045,68.90428871842713,68.49858057558045,68.88542175292969,6236900,0.0,0.0,0.0,BND
2024-11-06 00:00:00-05:00,68.1777856265004,68.48913731863513,68.14948158161394,68.3193130493164,6382500,0.0,0.0,0.0,BND
2024-11-07 00:00:00-05:00,68.4042440875066,68.90430154771494,68.4042440875066,68.82881927490234,6590200,0.0,0.0,0.0,BND
2024-11-08 00:00:00-05:00,68.83823846099092,69.10241914876353,68.83823846099092,68.96089172363281,5398500,0.0,0.0,0.0,BND
2024-11-11 00:00:00-05:00,68.87599749500664,68.87599749500664,68.73447003307949,68.82881927490234,4372000,0.0,0.0,0.0,BND
2024-11-12 00:00:00-05:00,68.63065295180307,68.70613519078947,68.36647231373318,68.41365051269531,7197800,0.0,0.0,0.0,BND
2024-11-13 00:00:00-05:00,68.80049104620018,68.80049104620018,68.31930792247212,68.3853530883789,5458100,0.0,0.0,0.0,BND
2024-11-14 00:00:00-05:00,68.49857594040006,68.61179932087623,68.3193145859593,68.36648559570312,6643300,0.0,0.0,0.0,BND
2024-11-15 00:00:00-05:00,68.25325555818213,68.55518454333681,68.12116522636856,68.3853530883789,18467300,0.0,0.0,0.0,BND
2024-11-18 00:00:00-05:00,68.3098885667069,68.50802411583821,68.24384338366313,68.451416015625,4964800,0.0,0.0,0.0,BND
2024-11-19 00:00:00-05:00,68.64953314894589,68.66840011116072,68.55518394110548,68.57405090332031,4900500,0.0,0.0,0.0,BND
2024-11-20 00:00:00-05:00,68.41366878985954,68.58350027375928,68.40423170786943,68.49858093261719,6557800,0.0,0.0,0.0,BND
2024-11-21 00:00:00-05:00,68.49857181302787,68.63066214976571,68.40422260084134,68.46083068847656,5115500,0.0,0.0,0.0,BND
2024-11-22 00:00:00-05:00,68.51744698480604,68.56461799240313,68.42309057284471,68.4891357421875,10409500,0.0,0.0,0.0,BND
2024-11-25 00:00:00-05:00,68.88541547591933,69.13072199695506,68.88541547591933,69.12129211425781,10207100,0.0,0.0,0.0,BND
2024-11-26 00:00:00-05:00,69.04580491262347,69.04580491262347,68.81936537159895,68.99862670898438,5537900,0.0,0.0,0.0,BND
2024-11-27 00:00:00-05:00,69.07411640080687,69.27225192035783,69.07411640080687,69.18733978271484,5366600,0.0,0.0,0.0,BND
2024-11-29 00:00:00-05:00,69.34775128256241,69.47040457776575,69.34775128256241,69.44210052490234,3870800,0.0,0.0,0.0,BND
2024-12-02 00:00:00-05:00,69.35974681444534,69.53956017323154,69.2461793425393,69.48277282714844,6212800,0.223,0.0,0.0,BND
2024-12-03 00:00:00-05:00,69.58687533522438,69.60580685755569,69.27457019909994,69.32189178466797,6249200,0.0,0.0,0.0,BND
2024-12-04 00:00:00-05:00,69.27458705529443,69.60582379434815,69.17048531792247,69.55850219726562,6769700,0.0,0.0,0.0,BND
2024-12-05 00:00:00-05:00,69.44492939157303,69.61527701969061,69.41653932359701,69.56796264648438,6146200,0.0,0.0,0.0,BND
2024-12-06 00:00:00-05:00,69.77614129659261,69.83292141235664,69.62471802754341,69.75720977783203,4880500,0.0,0.0,0.0,BND
2024-12-09 00:00:00-05:00,69.70044215605552,69.70044215605552,69.53009455796933,69.54901885986328,5432900,0.0,0.0,0.0,BND
2024-12-10 00:00:00-05:00,69.44491509553814,69.53009250219289,69.38813497127492,69.47331237792969,5751900,0.0,0.0,0.0,BND
2024-12-11 00:00:00-05:00,69.64365546169783,69.64365546169783,69.29350172143124,69.32189178466797,4642900,0.0,0.0,0.0,BND
2024-12-12 00:00:00-05:00,69.09477642802403,69.2840483636596,69.01906476566519,69.04745483398438,6880600,0.0,0.0,0.0,BND
2024-12-13 00:00:00-05:00,69.0001299475882,69.0001299475882,68.74460493112342,68.77299499511719,5171400,0.0,0.0,0.0,BND
2024-12-16 00:00:00-05:00,68.84870147705078,68.98119324591504,68.7540655307563,68.84870147705078,7871100,0.0,0.0,0.0,BND
2024-12-17 00:00:00-05:00,68.83925328820585,68.93388925865705,68.81086321909666,68.85818481445312,6084800,0.0,0.0,0.0,BND
2024-12-18 00:00:00-05:00,68.85815066286015,68.91493077291727,68.30925219811407,68.31871795654297,7962700,0.0,0.0,0.0,BND
2024-12-19 00:00:00-05:00,68.17676951518251,68.25248115215214,68.02534624124326,68.12944793701172,7669100,0.0,0.0,0.0,BND
2024-12-20 00:00:00-05:00,68.42283915280065,68.52694086443414,68.31873744116716,68.33766174316406,6696400,0.0,0.0,0.0,BND
2024-12-23 00:00:00-05:00,68.2619530683932,68.33766472019951,68.08214692067888,68.12000274658203,7605400,0.0,0.0,0.0,BND
2024-12-24 00:00:00-05:00,68.02789452104935,68.21778106689453,67.9994122635433,68.21778106689453,4185300,0.233,0.0,0.0,BND
2024-12-26 00:00:00-05:00,68.00891917632903,68.2842598098821,68.00891917632903,68.26527404785156,8714400,0.0,0.0,0.0,BND
2024-12-27 00:00:00-05:00,68.25577056248598,68.29374932637114,68.11335200884376,68.12284851074219,9018700,0.0,0.0,0.0,BND
2024-12-30 00:00:00-05:00,68.26526920945987,68.43617003045898,68.26526920945987,68.3886947631836,8054500,0.0,0.0,0.0,BND
2024-12-31 00:00:00-05:00,68.44565859019414,68.52161611957581,68.24627550834879,68.27476501464844,8724200,0.0,0.0,0.0,BND
2025-01-02 00:00:00-05:00,68.54059207313293,68.54059207313293,68.21777627542113,68.30323028564453,8053300,0.0,0.0,0.0,BND
2025-01-03 00:00:00-05:00,68.33171734062608,68.4171641131442,68.19879530979297,68.21778106689453,6857000,0.0,0.0,0.0,BND
2025-01-06 00:00:00-05:00,68.15132904052734,68.2462723259728,68.07537151468763,68.15132904052734,5375700,0.0,0.0,0.0,BND
2025-01-07 00:00:00-05:00,68.09436062048792,68.14182863863954,67.8285165389734,67.9139633178711,7875900,0.0,0.0,0.0,BND
2025-01-08 00:00:00-05:00,67.86649602885441,68.03739683219383,67.83800652520783,67.98992156982422,5844300,0.0,0.0,0.0,BND
2025-01-10 00:00:00-05:00,68.11333440011946,68.11333440011946,67.5816463305968,67.63861083984375,9602400,0.0,0.0,0.0,BND
2025-01-13 00:00:00-05:00,67.63862746789998,67.64812396967795,67.50570541784221,67.5721664428711,11856300,0.0,0.0,0.0,BND
2025-01-14 00:00:00-05:00,67.55318313759528,67.64812642769944,67.51520437281188,67.61964416503906,5166000,0.0,0.0,0.0,BND
2025-01-15 00:00:00-05:00,67.98044553663756,68.24628970105044,67.98044553663756,68.16084289550781,5867900,0.0,0.0,0.0,BND
2025-01-16 00:00:00-05:00,68.07537087443396,68.3886902327947,68.01840635244412,68.29374694824219,8494100,0.0,0.0,0.0,BND
2025-01-17 00:00:00-05:00,68.45515506784305,68.45515506784305,68.2747649902619,68.31273651123047,5600200,0.0,0.0,0.0,BND
2025-01-21 00:00:00-05:00,68.55959112839176,68.55959112839176,68.42666908111,68.51212310791016,8491600,0.0,0.0,0.0,BND
2025-01-22 00:00:00-05:00,68.5026348929509,68.55010291917459,68.33173406238538,68.36971282958984,6616600,0.0,0.0,0.0,BND
2025-01-23 00:00:00-05:00,68.3602173454228,68.3602173454228,68.17033075028033,68.26527404785156,7529700,0.0,0.0,0.0,BND
2025-01-24 00:00:00-05:00,68.36022221829198,68.44566901908414,68.23679664702225,68.39820098876953,5555700,0.0,0.0,0.0,BND
2025-01-27 00:00:00-05:00,68.68302988692504,68.77798043357085,68.60707959080196,68.75898742675781,8621200,0.0,0.0,0.0,BND
2025-01-28 00:00:00-05:00,68.73048191279207,68.73048191279207,68.5595811278288,68.72098541259766,4424300,0.0,0.0,0.0,BND
2025-01-29 00:00:00-05:00,68.76847557827111,68.82544010437252,68.52161722565025,68.68302154541016,5780200,0.0,0.0,0.0,BND
2025-01-30 00:00:00-05:00,68.79696275189879,68.86342378499724,68.72100521586934,68.7779769897461,5622300,0.0,0.0,0.0,BND
2025-01-31 00:00:00-05:00,68.81595084582816,68.87291537192958,68.55009948870097,68.68302154541016,6738300,0.0,0.0,0.0,BND
2025-02-03 00:00:00-05:00,68.80209152691822,68.99259696369725,68.64015391160781,68.74493408203125,7163800,0.235,0.0,0.0,BND
2025-02-04 00:00:00-05:00,68.62111415143735,68.85924960840347,68.55443651417953,68.84019470214844,7296200,0.0,0.0,0.0,BND
2025-02-05 00:00:00-05:00,69.07831933545748,69.30693457079252,69.05927169950436,69.192626953125,8981700,0.0,0.0,0.0,BND
2025-02-06 00:00:00-05:00,69.11642456054688,69.20215709395815,69.04022674645708,69.11642456054688,5722100,0.0,0.0,0.0,BND
2025-02-07 00:00:00-05:00,68.95448270692827,69.00211269168858,68.84017510389275,68.90685272216797,6415300,0.0,0.0,0.0,BND
2025-02-10 00:00:00-05:00,69.01164384451815,69.06880128877904,68.88781603869981,68.92591857910156,5439200,0.0,0.0,0.0,BND
2025-02-11 00:00:00-05:00,68.87829262301561,68.87829262301561,68.754464809941,68.81161499023438,6870800,0.0,0.0,0.0,BND
2025-02-12 00:00:00-05:00,68.51632528675164,68.57347546364,68.34486748877008,68.45917510986328,5279600,0.0,0.0,0.0,BND
2025-02-13 00:00:00-05:00,68.73541153005212,68.9354444119759,68.6496789993326,68.86876678466797,6452900,0.0,0.0,0.0,BND
2025-02-14 00:00:00-05:00,69.02117484572463,69.23073519505228,69.02117484572463,69.08785247802734,6131500,0.0,0.0,0.0,BND
2025-02-18 00:00:00-05:00,68.91639849235159,69.0116512198775,68.82114576482566,68.83067321777344,7151700,0.0,0.0,0.0,BND
2025-02-19 00:00:00-05:00,68.85924095022762,68.95449366757376,68.7830358694241,68.92591857910156,4720700,0.0,0.0,0.0,BND
2025-02-20 00:00:00-05:00,69.02116227734476,69.0592648127676,68.9830597419219,69.01163482666016,6199000,0.0,0.0,0.0,BND
2025-02-21 00:00:00-05:00,69.09738672916991,69.40219983073347,69.08785927581297,69.31646728515625,4460600,0.0,0.0,0.0,BND
2025-02-24 00:00:00-05:00,69.24978265443157,69.45934300322013,69.24026246935342,69.4117202758789,5580100,0.0,0.0,0.0,BND
2025-02-25 00:00:00-05:00,69.64033130465363,69.84989166259766,69.58318112242058,69.84989166259766,4835300,0.0,0.0,0.0,BND
2025-02-26 00:00:00-05:00,69.83083106319795,69.99276867851631,69.73557834480376,69.95466613769531,5825400,0.0,0.0,0.0,BND
2025-02-27 00:00:00-05:00,69.83081683949864,69.93559698858476,69.74509159060004,69.8689193725586,14908500,0.0,0.0,0.0,BND
2025-02-28 00:00:00-05:00,70.03086019790251,70.19279780453994,69.92608730040702,70.16422271728516,8363500,0.0,0.0,0.0,BND
2025-03-03 00:00:00-05:00,69.98174542220785,70.34478803039671,69.95308512274394,70.32568359375,7549300,0.219,0.0,0.0,BND
2025-03-04 00:00:00-05:00,70.32567513747759,70.45942804488453,70.04861346099557,70.12504577636719,7693100,0.0,0.0,0.0,BND
2025-03-05 00:00:00-05:00,70.02950494165047,70.23968286318205,69.86708445871349,69.87664031982422,7758400,0.0,0.0,0.0,BND
2025-03-06 00:00:00-05:00,69.84798860597208,69.93396949957193,69.64735923191851,69.81932830810547,7196400,0.0,0.0,0.0,BND
2025-03-07 00:00:00-05:00,70.05819022069424,70.09640638977974,69.69514025887634,69.74291229248047,5036100,0.0,0.0,0.0,BND
2025-03-10 00:00:00-04:00,70.02950963682743,70.19192284166716,70.0008420515732,70.06771850585938,8167000,0.0,0.0,0.0,BND
2025-03-11 00:00:00-04:00,69.93397723502946,70.15371835795803,69.78111986650407,69.80022430419922,8359200,0.0,0.0,0.0,BND
2025-03-12 00:00:00-04:00,69.65691375732422,69.800215243907,69.63780203312177,69.65691375732422,6193000,0.0,0.0,0.0,BND
2025-03-13 00:00:00-04:00,69.66647417235413,69.88621530411122,69.52316537242457,69.86710357666016,4711400,0.0,0.0,0.0,BND
2025-03-14 00:00:00-04:00,69.76200585775871,69.80977788391594,69.68558082049006,69.69512939453125,5094900,0.0,0.0,0.0,BND
2025-03-17 00:00:00-04:00,69.86709733826133,69.97218996289344,69.75245613974462,69.7906723022461,4772900,0.0,0.0,0.0,BND
2025-03-18 00:00:00-04:00,69.72380206571896,69.95309177221323,69.71424620199342,69.86710357666016,4196100,0.0,0.0,0.0,BND
2025-03-19 00:00:00-04:00,69.80977230567265,70.10593843501611,69.74289584778906,70.07727813720703,4201600,0.0,0.0,0.0,BND
2025-03-20 00:00:00-04:00,70.36389138553021,70.38299581990427,70.07727384701194,70.1059341430664,3760700,0.0,0.0,0.0,BND
2025-03-21 00:00:00-04:00,70.16327826047738,70.23970330464572,70.02952532194723,70.04862976074219,7078500,0.0,0.0,0.0,BND
2025-03-24 00:00:00-04:00,69.92443727338942,69.95309757795631,69.72380785243219,69.74291229248047,5637000,0.0,0.0,0.0,BND
2025-03-25 00:00:00-04:00,69.74289941223701,69.90531263411395,69.73334354948318,69.8288803100586,6133700,0.0,0.0,0.0,BND
2025-03-26 00:00:00-04:00,69.76202156907574,69.80023774081076,69.63782447767905,69.67604064941406,4856900,0.0,0.0,0.0,BND
2025-03-27 00:00:00-04:00,69.6282500301094,69.66646619164528,69.57092943229934,69.6473617553711,5567900,0.0,0.0,0.0,BND
2025-03-28 00:00:00-04:00,69.89577238341707,70.07729006342888,69.80978418636855,70.04862976074219,4850500,0.0,0.0,0.0,BND
2025-03-31 00:00:00-04:00,70.22059307144998,70.27791367209342,70.0008519540037,70.17282104492188,7106000,0.0,0.0,0.0,BND
2025-04-01 00:00:00-04:00,70.18239814415021,70.5274637784934,70.17281095628466,70.39327239990234,4667900,0.24,0.0,0.0,BND
2025-04-02 00:00:00-04:00,70.55622348458947,70.5658106731963,70.14406212908258,70.33576202392578,5313100,0.0,0.0,0.0,BND
2025-04-03 00:00:00-04:00,70.70000457763672,70.93004592220976,70.56581318389557,70.70000457763672,7426200,0.0,0.0,0.0,BND
2025-04-04 00:00:00-04:00,71.121763038879,71.25595446510115,70.65209304710147,70.75753021240234,12678000,0.0,0.0,0.0,BND
2025-04-07 00:00:00-04:00,70.59457323678797,70.63291468284675,69.82775894137853,69.9044418334961,14283000,0.0,0.0,0.0,BND
2025-04-08 00:00:00-04:00,69.8948485626313,70.0194600797014,69.45393294064135,69.50186157226562,12629200,0.0,0.0,0.0,BND
2025-04-09 00:00:00-04:00,68.52419098699033,69.68399250938634,68.5146111084659,69.66482543945312,20862000,0.0,0.0,0.0,BND
2025-04-10 00:00:00-04:00,69.41559570746243,69.59771574321994,69.07053001491289,69.10887145996094,8058500,0.0,0.0,0.0,BND
2025-04-11 00:00:00-04:00,68.71587669769639,69.15679229670911,68.44749392550447,69.03218078613281,7260400,0.0,0.0,0.0,BND
2025-04-14 00:00:00-04:00,69.22390665320815,69.52104375783429,69.20473227123509,69.4251937866211,5409300,0.0,0.0,0.0,BND
2025-04-15 00:00:00-04:00,69.35808112983302,69.72231385660703,69.34849394118885,69.59770965576172,5667500,0.0,0.0,0.0,BND
2025-04-16 00:00:00-04:00,69.6456421788611,69.82775489598595,69.5018635926911,69.78941345214844,33963000,0.0,0.0,0.0,BND
2025-04-17 00:00:00-04:00,69.77025403376818,69.80859548180807,69.58813398379958,69.63606262207031,7613800,0.0,0.0,0.0,BND
2025-04-21 00:00:00-04:00,69.4826887485025,69.62646733370858,69.25264739990234,69.25264739990234,6092900,0.0,0.0,0.0,BND
2025-04-22 00:00:00-04:00,69.48267252961178,69.52101396424244,69.36765553860067,69.37723541259766,5408200,0.0,0.0,0.0,BND
2025-04-23 00:00:00-04:00,69.79899657830737,70.09613360964832,69.49227235834445,69.52102661132812,5283000,0.0,0.0,0.0,BND
2025-04-24 00:00:00-04:00,69.77983295722704,69.9236042292398,69.73190432463439,69.91402435302734,3751500,0.0,0.0,0.0,BND
2025-04-25 00:00:00-04:00,70.05780340066286,70.15366067648725,69.98112781804015,70.14407348632812,4021800,0.0,0.0,0.0,BND
2025-04-28 00:00:00-04:00,70.06738886643787,70.3453588711441,70.05780167651469,70.31660461425781,4685400,0.0,0.0,0.0,BND
2025-04-29 00:00:00-04:00,70.24951013893559,70.50830576832074,70.23992294884476,70.49872589111328,3790700,0.0,0.0,0.0,BND
2025-04-30 00:00:00-04:00,70.45079040527344,70.52747329277918,70.3261861977386,70.45079040527344,8020700,0.0,0.0,0.0,BND
2025-05-01 00:00:00-04:00,70.52387073655936,70.55272495245093,70.14884663080147,70.25462341308594,6295400,0.236,0.0,0.0,BND
2025-05-02 00:00:00-04:00,69.91807296818148,70.05269664668776,69.82191424588274,69.90845489501953,6960800,0.0,0.0,0.0,BND
2025-05-05 00:00:00-04:00,69.84113325595105,69.89883435038611,69.69689886096143,69.81228637695312,7575000,0.0,0.0,0.0,BND
2025-05-06 00:00:00-04:00,69.77383122479881,69.97576674258222,69.71613745870077,69.96615600585938,6994000,0.0,0.0,0.0,BND
2025-05-07 00:00:00-04:00,70.00461795418478,70.16808850873224,69.99499988143495,70.10077667236328,4357400,0.0,0.0,0.0,BND
2025-05-08 00:00:00-04:00,70.06231297204947,70.12000673670141,69.72575378417969,69.72575378417969,4283200,0.0,0.0,0.0,BND
2025-05-09 00:00:00-04:00,69.8218969535171,69.94690252790207,69.77381393605604,69.78343200683594,3730700,0.0,0.0,0.0,BND
2025-05-12 00:00:00-04:00,69.52381623510456,69.6680506425098,69.52381623510456,69.54304504394531,6982800,0.0,0.0,0.0,BND
2025-05-13 00:00:00-04:00,69.52381637588243,69.64882197470004,69.42765032216442,69.51419830322266,5610300,0.0,0.0,0.0,BND
2025-05-14 00:00:00-04:00,69.46610586063723,69.51418888097886,69.244941574519,69.27378845214844,6426700,0.0,0.0,0.0,BND
2025-05-15 00:00:00-04:00,69.4757303515178,69.66804777777664,69.39880044643844,69.64881896972656,5659000,0.0,0.0,0.0,BND
2025-05-16 00:00:00-04:00,69.83153071887845,69.88922448364762,69.66805282463237,69.69690704345703,5310000,0.0,0.0,0.0,BND
2025-05-19 00:00:00-04:00,69.39880030742482,69.6969018549003,69.29302352226249,69.67766571044922,5787700,0.0,0.0,0.0,BND
2025-05-20 00:00:00-04:00,69.52381882789237,69.61035947556292,69.42765277078271,69.55266571044922,5810300,0.0,0.0,0.0,BND
2025-05-21 00:00:00-04:00,69.37957067395502,69.42764636163166,69.04301151446073,69.11993408203125,10880400,0.0,0.0,0.0,BND
2025-05-22 00:00:00-04:00,69.11032037236822,69.32186659463308,69.00454359301622,69.312255859375,7067200,0.0,0.0,0.0,BND
2025-05-23 00:00:00-04:00,69.49496762195196,69.51420376878394,69.32187898266623,69.41804504394531,4272600,0.0,0.0,0.0,BND
2025-05-27 00:00:00-04:00,69.59112737988019,69.81229169333263,69.54304435359586,69.74497985839844,6148800,0.0,0.0,0.0,BND
2025-05-28 00:00:00-04:00,69.6295828073637,69.67765849063086,69.51418796193275,69.59111785888672,5214700,0.0,0.0,0.0,BND
2025-05-29 00:00:00-04:00,69.6969063366102,69.90845258409837,69.6969063366102,69.84114074707031,4685800,0.0,0.0,0.0,BND
2025-05-30 00:00:00-04:00,69.84113013058759,69.98537185556167,69.75458949746648,69.97575378417969,5995600,0.0,0.0,0.0,BND
2025-06-02 00:00:00-04:00,69.80208845160641,69.97574978523713,69.69596167212573,69.8213882446289,6888000,0.24,0.0,0.0,BND
2025-06-03 00:00:00-04:00,69.88894359621642,69.94682827108043,69.71528221090783,69.74422454833984,7436800,0.0,0.0,0.0,BND
2025-06-04 00:00:00-04:00,69.98541380985523,70.24590218252948,69.95647147519318,70.1783676147461,8343000,0.0,0.0,0.0,BND
2025-06-05 00:00:00-04:00,70.19766574278023,70.26520030895804,70.02400437822075,70.04329681396484,6620600,0.0,0.0,0.0,BND
2025-06-06 00:00:00-04:00,69.82140690644938,69.93717625266972,69.64774552640257,69.66703796386719,14677200,0.0,0.0,0.0,BND
2025-06-09 00:00:00-04:00,69.65738613806259,69.84069741212951,69.65738613806259,69.77316284179688,10147300,0.0,0.0,0.0,BND
2025-06-10 00:00:00-04:00,69.95646814246598,70.00470291103287,69.83104155061798,69.9082260131836,9257000,0.0,0.0,0.0,BND
2025-06-11 00:00:00-04:00,70.03365031696626,70.1590769178991,69.96611574750858,70.13013458251953,8034900,0.0,0.0,0.0,BND
2025-06-12 00:00:00-04:00,70.33273270444404,70.40026726853752,70.2555482424185,70.39061737060547,5950100,0.0,0.0,0.0,BND
2025-06-13 00:00:00-04:00,70.24590494228116,70.28449717691868,69.99506645821151,70.13977813720703,5656200,0.0,0.0,0.0,BND
2025-06-16 00:00:00-04:00,70.09152642476407,70.22659553299388,69.99504954184484,70.00469207763672,6415500,0.0,0.0,0.0,BND
2025-06-17 00:00:00-04:00,70.13012375702786,70.2555429778846,70.04328940357713,70.22660064697266,5123400,0.0,0.0,0.0,BND
2025-06-18 00:00:00-04:00,70.30379761829164,70.44850929861214,70.19767081224583,70.26520538330078,5176900,0.0,0.0,0.0,BND
2025-06-20 00:00:00-04:00,70.1494193298159,70.3906152458285,70.11082709996806,70.31343078613281,5396600,0.0,0.0,0.0,BND
2025-06-23 00:00:00-04:00,70.47745615602555,70.64146762759195,70.4099215876914,70.48709869384766,5391900,0.0,0.0,0.0,BND
2025-06-24 00:00:00-04:00,70.419545094656,70.7379254139245,70.419545094656,70.69933319091797,8789700,0.0,0.0,0.0,BND
2025-06-25 00:00:00-04:00,70.61251640007147,70.72828572508432,70.52568204559687,70.71864318847656,5346300,0.0,0.0,0.0,BND
2025-06-26 00:00:00-04:00,70.78618788005198,70.93089955703088,70.71865331055649,70.92125701904297,5373300,0.0,0.0,0.0,BND
2025-06-27 00:00:00-04:00,70.79581726355003,70.95983606817667,70.73793260351395,70.7572250366211,6928700,0.0,0.0,0.0,BND
2025-06-30 00:00:00-04:00,70.92126372851926,71.07562531880541,70.86337169153484,71.03703308105469,6986700,0.0,0.0,0.0,BND
2025-07-01 00:00:00-04:00,71.03217649568988,71.09024649441974,70.87732070431602,70.98377990722656,6286300,0.235,0.0,0.0,BND
2025-07-02 00:00:00-04:00,70.81925204780634,70.90636444091797,70.79021704486365,70.90636444091797,6342300,0.0,0.0,0.0,BND
2025-07-03 00:00:00-04:00,70.78054406167577,70.81925986463388,70.6934390432333,70.7321548461914,6428400,0.0,0.0,0.0,BND
2025-07-07 00:00:00-04:00,70.61600244216234,70.67407245034963,70.45146582944244,70.4998550415039,8191000,0.0,0.0,0.0,BND
2025-07-08 00:00:00-04:00,70.40308134997473,70.4611587524414,70.36436554309199,70.4611587524414,5934200,0.0,0.0,0.0,BND
2025-07-09 00:00:00-04:00,70.54824967762747,70.75150208491935,70.54824967762747,70.7418212890625,6720200,0.0,0.0,0.0,BND
2025-07-10 00:00:00-04:00,70.73214115573734,70.761176156265,70.6256745642806,70.75149536132812,6650900,0.0,0.0,0.0,BND
2025-07-11 00:00:00-04:00,70.54826377971375,70.55794457750571,70.43211635906552,70.4611587524414,4962400,0.0,0.0,0.0,BND
2025-07-14 00:00:00-04:00,70.4321002008501,70.51921259242262,70.36434940041966,70.45146179199219,5624700,0.0,0.0,0.0,BND
2025-07-15 00:00:00-04:00,70.53856358108777,70.53856358108777,70.21917118464934,70.238525390625,5908400,0.0,0.0,0.0,BND
2025-07-16 00:00:00-04:00,70.3643578995487,70.44178950490294,70.1901404796438,70.37403869628906,7874900,0.0,0.0,0.0,BND
2025-07-17 00:00:00-04:00,70.3837060459295,70.48049184198882,70.3449902506492,70.39338684082031,6857300,0.0,0.0,0.0,BND
2025-07-18 00:00:00-04:00,70.53856411509437,70.55792570549968,70.47081331724203,70.50952911376953,5206800,0.0,0.0,0.0,BND
2025-07-21 00:00:00-04:00,70.75150724483838,70.82893884877295,70.69343723402955,70.7127914428711,5338500,0.0,0.0,0.0,BND
2025-07-22 00:00:00-04:00,70.75150211749718,70.88700372242084,70.73214791005823,70.82893371582031,5507300,0.0,0.0,0.0,BND
2025-07-23 00:00:00-04:00,70.732150564124,70.77086636473828,70.65471896289542,70.68375396728516,5269400,0.0,0.0,0.0,BND
2025-07-24 00:00:00-04:00,70.49985597594831,70.6934349796115,70.48050176772396,70.59664916992188,6139200,0.0,0.0,0.0,BND
2025-07-25 00:00:00-04:00,70.60631478363713,70.77085876464844,70.5869605775504,70.77085876464844,4845900,0.0,0.0,0.0,BND
2025-07-28 00:00:00-04:00,70.67407069918747,70.70311308684535,70.61600069243904,70.65471649169922,5806600,0.0,0.0,0.0,BND
2025-07-29 00:00:00-04:00,70.73214169270878,71.03217987948301,70.73214169270878,71.02249908447266,7397900,0.0,0.0,0.0,BND
2025-07-30 00:00:00-04:00,70.83861541748047,70.9934712318232,70.78053802585367,70.83861541748047,5554600,0.0,0.0,0.0,BND
2025-07-31 00:00:00-04:00,70.99347189374109,71.00315268981643,70.8289352818792,70.8482894897461,6463200,0.0,0.0,0.0,BND
2025-08-01 00:00:00-04:00,71.3746116877478,71.4814314271935,71.25807904232256,71.46200561523438,10782300,0.242,0.0,0.0,BND
2025-08-04 00:00:00-04:00,71.50085380490631,71.52027961794525,71.37461565526077,71.51056671142578,6834400,0.0,0.0,0.0,BND
2025-08-05 00:00:00-04:00,71.43288361577333,71.56883468209944,71.41346521005994,71.53970336914062,8145300,0.0,0.0,0.0,BND
2025-08-06 00:00:00-04:00,71.44259346456415,71.52028190164678,71.21924106014586,71.48143768310547,8082200,0.0,0.0,0.0,BND
2025-08-07 00:00:00-04:00,71.56883390535575,71.56883390535575,71.4037515278625,71.45230865478516,4193100,0.0,0.0,0.0,BND
2025-08-08 00:00:00-04:00,71.37462447936291,71.38433738708319,71.27751762849348,71.29693603515625,5566300,0.0,0.0,0.0,BND
2025-08-11 00:00:00-04:00,71.36490027614784,71.42317030446888,71.3163505627864,71.3454818725586,8668100,0.0,0.0,0.0,BND
2025-08-12 00:00:00-04:00,71.26780037459451,71.3552017211914,71.2095377493815,71.3552017211914,5493400,0.0,0.0,0.0,BND
2025-08-13 00:00:00-04:00,71.55912324317684,71.6465171747983,71.53969743029862,71.61738586425781,6208900,0.0,0.0,0.0,BND
2025-08-14 00:00:00-04:00,71.61739401298989,71.61739401298989,71.36491027828295,71.41346740722656,6818100,0.0,0.0,0.0,BND
2025-08-15 00:00:00-04:00,71.40375441509455,71.46201704273572,71.26780334474672,71.31636047363281,4309100,0.0,0.0,0.0,BND
2025-08-18 00:00:00-04:00,71.34549010312654,71.51057248339768,71.19011322138134,71.2386703491211,6941600,0.0,0.0,0.0,BND
2025-08-19 00:00:00-04:00,71.31634828319685,71.38432380675138,71.31634828319685,71.3746109008789,5098500,0.0,0.0,0.0,BND
2025-08-20 00:00:00-04:00,71.36490959053853,71.47172934616289,71.33577827696418,71.42317962646484,5512500,0.0,0.0,0.0,BND
2025-08-21 00:00:00-04:00,71.3163504645986,71.3454817743307,71.1706865071615,71.24837493896484,5695500,0.0,0.0,0.0,BND
2025-08-22 00:00:00-04:00,71.37460814511866,71.67564153655502,71.35518974289985,71.607666015625,5828700,0.0,0.0,0.0,BND
2025-08-25 00:00:00-04:00,71.50085380490631,71.58825514602776,71.46200958760532,71.51056671142578,5361700,0.0,0.0,0.0,BND
2025-08-26 00:00:00-04:00,71.52028061948589,71.62710036636524,71.46201058832996,71.59796905517578,4648300,0.0,0.0,0.0,BND
2025-08-27 00:00:00-04:00,71.52998828295117,71.67564482822175,71.46200535012295,71.66593933105469,6053900,0.0,0.0,0.0,BND
2025-08-28 00:00:00-04:00,71.65623483030829,71.78247298727588,71.6271035178371,71.75334167480469,5857300,0.0,0.0,0.0,BND
2025-08-29 00:00:00-04:00,71.68535773416528,71.73391485510645,71.62709511605705,71.66593933105469,7736300,0.0,0.0,0.0,BND
2025-09-02 00:00:00-04:00,71.45451507182396,71.54220514760841,71.4252875243132,71.51297760009766,6222400,0.243,0.0,0.0,BND
2025-09-03 00:00:00-04:00,71.56169318699162,71.82475600125753,71.55195562590973,71.74681091308594,6005100,0.0,0.0,0.0,BND
2025-09-04 00:00:00-04:00,71.90268973400948,72.0293449073464,71.82474465814758,72.01959991455078,8842600,0.0,0.0,0.0,BND
2025-09-05 00:00:00-04:00,72.38010858181848,72.45805367735115,72.34113603405214,72.3606185913086,6321800,0.0,0.0,0.0,BND
2025-09-08 00:00:00-04:00,72.51649918968049,72.60418183561573,72.49701663500124,72.59444427490234,6414400,0.0,0.0,0.0,BND
2025-09-09 00:00:00-04:00,72.55547360188426,72.60418370646373,72.38984586645928,72.45804595947266,6613200,0.0,0.0,0.0,BND
2025-09-10 00:00:00-04:00,72.57494891544683,72.70161152787072,72.52623881572771,72.5846939086914,5680700,0.0,0.0,0.0,BND
2025-09-11 00:00:00-04:00,72.65290287312972,72.83802060113884,72.65290287312972,72.74059295654297,6437200,0.0,0.0,0.0,BND
2025-09-12 00:00:00-04:00,72.62367314662322,72.66264568994416,72.51650051080378,72.65290069580078,5493000,0.0,0.0,0.0,BND
2025-09-15 00:00:00-04:00,72.74059653255883,72.80879663045401,72.73085153764431,72.789306640625,7193600,0.0,0.0,0.0,BND
2025-09-16 00:00:00-04:00,72.78929675445593,72.8477518494973,72.73084165941457,72.79904174804688,7012200,0.0,0.0,0.0,BND
2025-09-17 00:00:00-04:00,72.87697858664906,72.99388876350727,72.61391582221542,72.67237091064453,8872000,0.0,0.0,0.0,BND
2025-09-18 00:00:00-04:00,72.47751391887833,72.56520398266629,72.38008629608706,72.48725891113281,7641400,0.0,0.0,0.0,BND
2025-09-19 00:00:00-04:00,72.49701982483462,72.53598493590755,72.42881229732507,72.5165023803711,5295700,0.0,0.0,0.0,BND
2025-09-22 00:00:00-04:00,72.47753171165056,72.49702170094416,72.36061407564779,72.3801040649414,7813900,0.0,0.0,0.0,BND
2025-09-23 00:00:00-04:00,72.45804502505362,72.53598267802623,72.39958249375849,72.5262451171875,6492000,0.0,0.0,0.0,BND
2025-09-24 00:00:00-04:00,72.45804915560991,72.46778671700375,72.35087651425395,72.3801040649414,5158400,0.0,0.0,0.0,BND
2025-09-25 00:00:00-04:00,72.28267198616958,72.31189953506491,72.1657543573357,72.30215454101562,7402700,0.0,0.0,0.0,BND
2025-09-26 00:00:00-04:00,72.31189953506491,72.4190721698495,72.24369944322494,72.30215454101562,5531400,0.0,0.0,0.0,BND
2025-09-29 00:00:00-04:00,72.39956884734485,72.52623144689954,72.38008629608706,72.48725891113281,5534500,0.0,0.0,0.0,BND
2025-09-30 00:00:00-04:00,72.51650105826909,72.62367369489763,72.42881097682181,72.45804595947266,8840700,0.0,0.0,0.0,BND
2025-10-01 00:00:00-04:00,72.64081573486328,72.67991287084254,72.53330047517436,72.64081573486328,8762900,0.237,0.0,0.0,BND
2025-10-02 00:00:00-04:00,72.61148652250874,72.73854660728723,72.57238939095797,72.71900177001953,7155600,0.0,0.0,0.0,BND
2025-10-03 00:00:00-04:00,72.73854246306489,72.76786344580358,72.61148238552553,72.63102722167969,8372400,0.0,0.0,0.0,BND
2025-10-06 00:00:00-04:00,72.49420288451915,72.60171814353376,72.4551057487851,72.46488189697266,8688800,0.0,0.0,0.0,BND
2025-10-07 00:00:00-04:00,72.54307311526573,72.67013320829162,72.51375212895329,72.60171508789062,7229500,0.0,0.0,0.0,BND
2025-10-08 00:00:00-04:00,72.71900649015625,72.72878263793235,72.58217024935428,72.60171508789062,6298400,0.0,0.0,0.0,BND
2025-10-09 00:00:00-04:00,72.56262513703979,72.58217743452754,72.50398315860971,72.5528564453125,9071000,0.0,0.0,0.0,BND
2025-10-10 00:00:00-04:00,72.74831787542558,72.89493024465432,72.67989976405416,72.8362808227539,7202600,0.0,0.0,0.0,BND
2025-10-13 00:00:00-04:00,72.85585127489094,72.9535903930664,72.7678808486213,72.9535903930664,4358400,0.0,0.0,0.0,BND
2025-10-14 00:00:00-04:00,72.94381240773308,73.09042480981357,72.88517042970749,73.06110382080078,6550100,0.0,0.0,0.0,BND
2025-10-15 00:00:00-04:00,73.08064040901546,73.17838697070947,72.9731326137803,73.01222229003906,6264800,0.0,0.0,0.0,BND
2025-10-16 00:00:00-04:00,72.98290300498039,73.30544876924888,72.98290300498039,73.28590393066406,8485100,0.0,0.0,0.0,BND
2025-10-17 00:00:00-04:00,73.2174845708343,73.22725326145344,73.11973800851705,73.18815612792969,20337500,0.0,0.0,0.0,BND
2025-10-20 00:00:00-04:00,73.25657548726304,73.29567262144855,73.2174858100934,73.28590393066406,6287200,0.0,0.0,0.0,BND
2025-10-21 00:00:00-04:00,73.40319947002023,73.45207275972547,73.35433363733205,73.3738784790039,6179900,0.0,0.0,0.0,BND
2025-10-22 00:00:00-04:00,73.33478133864313,73.38365462834837,73.27613935661049,73.3738784790039,7164500,0.0,0.0,0.0,BND
2025-10-23 00:00:00-04:00,73.29566726107481,73.32498824531562,73.20770430835238,73.22724914550781,6041700,0.0,0.0,0.0,BND
2025-10-24 00:00:00-04:00,73.3445492447336,73.3543253929793,73.21748914560423,73.32499694824219,6912300,0.0,0.0,0.0,BND
2025-10-27 00:00:00-04:00,73.26635085989858,73.36408996582031,73.19793274005178,73.36408996582031,7706600,0.0,0.0,0.0,BND
2025-10-28 00:00:00-04:00,73.34455626113576,73.42275054054936,73.3152352706099,73.4031982421875,7399700,0.0,0.0,0.0,BND
2025-10-29 00:00:00-04:00,73.37386412514881,73.3836402725808,73.02199738775322,73.04154968261719,8938700,0.0,0.0,0.0,BND
2025-10-30 00:00:00-04:00,72.82651916088267,73.03177351480355,72.8167430134534,72.91448211669922,7109500,0.0,0.0,0.0,BND
2025-10-31 00:00:00-04:00,72.97312987152061,72.99267470891553,72.85583847610492,72.89493560791016,7106700,0.0,0.0,0.0,BND
2025-11-03 00:00:00-05:00,72.80079967285873,72.84983337785334,72.73215697476208,72.81060791015625,7085100,0.244,0.0,0.0,BND
2025-11-04 00:00:00-05:00,72.82041339815247,72.92828155987371,72.80079692429806,72.8498306274414,11476200,0.0,0.0,0.0,BND
2025-11-05 00:00:00-05:00,72.80080002971287,72.82041650440406,72.60468017175907,72.64390563964844,10862500,0.0,0.0,0.0,BND
2025-11-06 00:00:00-05:00,72.85963337168143,72.95769328908297,72.84001689930582,72.92827606201172,6461200,0.0,0.0,0.0,BND
2025-11-07 00:00:00-05:00,72.82041827401987,72.98712090548095,72.82041827401987,72.8890609741211,7073200,0.0,0.0,0.0,BND
2025-11-10 00:00:00-05:00,72.87924640811897,72.92828011028769,72.8400209426825,72.86943817138672,7235100,0.0,0.0,0.0,BND
2025-11-11 00:00:00-05:00,73.01652870426281,73.08517139549657,72.97730324048747,73.07536315917969,5229400,0.0,0.0,0.0,BND
2025-11-12 00:00:00-05:00,73.03615108764389,73.0949855473222,72.99692562069409,73.04595184326172,7129700,0.0,0.0,0.0,BND
2025-11-13 00:00:00-05:00,72.91848226367729,72.9675159728328,72.8302230834961,72.8302230834961,7105100,0.0,0.0,0.0,BND
2025-11-14 00:00:00-05:00,72.9577040363437,72.97731303011572,72.72235870361328,72.72235870361328,6473000,0.0,0.0,0.0,BND
2025-11-17 00:00:00-05:00,72.77138202874566,72.84002472645207,72.7517730357551,72.7615737915039,6908300,0.0,0.0,0.0,BND
2025-11-18 00:00:00-05:00,72.88906201260265,72.93808823823447,72.74196837272055,72.82041931152344,8009200,0.0,0.0,0.0,BND
2025-11-19 00:00:00-05:00,72.8988686933587,72.92829340892112,72.76158328004304,72.79100799560547,7527500,0.0,0.0,0.0,BND
2025-11-20 00:00:00-05:00,72.8694475136181,72.95770669253857,72.84983851913216,72.89886474609375,8461100,0.0,0.0,0.0,BND
2025-11-21 00:00:00-05:00,73.10478786813036,73.10478786813036,72.95769424934592,73.07536315917969,6818400,0.0,0.0,0.0,BND
2025-11-24 00:00:00-05:00,73.17344073964028,73.23227520274253,73.10479803885659,73.2028579711914,5734400,0.0,0.0,0.0,BND
2025-11-25 00:00:00-05:00,73.2518762174252,73.43819530561127,73.2518762174252,73.36955261230469,7446200,0.0,0.0,0.0,BND
2025-11-26 00:00:00-05:00,73.33032927797093,73.44800567626953,73.23226935346844,73.44800567626953,7327100,0.0,0.0,0.0,BND
2025-11-28 00:00:00-05:00,73.4087884654354,73.428397459944,73.26169482139376,73.33033752441406,4812100,0.0,0.0,0.0,BND
2025-12-01 00:00:00-05:00,73.06373161861676,73.09325067463617,73.00470851753957,73.04405975341797,6891500,0.239,0.0,0.0,BND
2025-12-02 00:00:00-05:00,73.04406750412754,73.15228153790551,73.01455595045748,73.11293029785156,6756900,0.0,0.0,0.0,BND
2025-12-03 00:00:00-05:00,73.20146613490306,73.2604892371397,73.13259584165237,73.22113800048828,9774000,0.0,0.0,0.0,BND
2025-12-04 00:00:00-05:00,73.15227495794005,73.16211464343887,73.05390061939462,73.08341217041016,7337500,0.0,0.0,0.0,BND
2025-12-05 00:00:00-05:00,73.10308707541859,73.12276644723445,72.9456896282978,72.994873046875,7270500,0.0,0.0,0.0,BND
2025-12-08 00:00:00-05:00,72.99487938217388,73.00471906893581,72.77845881178459,72.88666534423828,8585700,0.0,0.0,0.0,BND
2025-12-09 00:00:00-05:00,73.00470813078738,73.00470813078738,72.80795945791853,72.83747100830078,6665200,0.0,0.0,0.0,BND
2025-12-10 00:00:00-05:00,72.80796206971438,73.06373385252289,72.79812238407374,73.05390167236328,8771100,0.0,0.0,0.0,BND
2025-12-11 00:00:00-05:00,73.20146693504883,73.22113880084908,73.03422230108198,73.05390167236328,8924600,0.0,0.0,0.0,BND
2025-12-12 00:00:00-05:00,72.84730845932724,72.88665218830971,72.80795722486424,72.82762908935547,8117600,0.0,0.0,0.0,BND
2025-12-15 00:00:00-05:00,72.96535925935564,73.03422204763912,72.87682460534016,72.91617584228516,10495500,0.0,0.0,0.0,BND
2025-12-16 00:00:00-05:00,72.91617609531838,73.06373385252289,72.85714548695553,73.05390167236328,6999300,0.0,0.0,0.0,BND
2025-12-17 00:00:00-05:00,72.97520235842936,73.0637370165861,72.9653626723626,73.03422546386719,10071300,0.0,0.0,0.0,BND
2025-12-18 00:00:00-05:00,73.18919372558594,73.23854132609087,73.12996606223004,73.18919372558594,6940500,0.247,0.0,0.0,BND
2025-12-19 00:00:00-05:00,73.11022987896891,73.16945001288329,73.06087474701636,73.08061981201172,7540400,0.0,0.0,0.0,BND
2025-12-22 00:00:00-05:00,73.07074747148846,73.08062000401208,73.0115273374185,73.06087493896484,9855300,0.0,0.0,0.0,BND
2025-12-23 00:00:00-05:00,72.90294465179873,73.06086750342517,72.89307212027985,73.0510025024414,10188700,0.0,0.0,0.0,BND
2025-12-24 00:00:00-05:00,73.1200929610565,73.23853321357745,73.09048289792626,73.22866821289062,5341700,0.0,0.0,0.0,BND
2025-12-26 00:00:00-05:00,73.28788833915111,73.31749840228134,73.17931308731698,73.22866821289062,6730500,0.0,0.0,0.0,BND
2025-12-29 00:00:00-05:00,73.29776715812048,73.33724975585938,73.24841202831297,73.33724975585938,9105700,0.0,0.0,0.0,BND
2025-12-30 00:00:00-05:00,73.26815737893133,73.32737751050348,73.21880224893084,73.30763244628906,7743200,0.0,0.0,0.0,BND
2025-12-31 00:00:00-05:00,73.20893222503457,73.28789742352657,73.10035695974204,73.1102294921875,8846700,0.0,0.0,0.0,BND
2026-01-02 00:00:00-05:00,73.16945001288329,73.19906761037633,73.06087474701636,73.08061981201172,7453500,0.0,0.0,0.0,BND
2026-01-05 00:00:00-05:00,73.14971074099073,73.24841347201563,73.12010067473682,73.21880340576172,11059100,0.0,0.0,0.0,BND
2026-01-06 00:00:00-05:00,73.16944827498143,73.2286759380249,73.07074554395653,73.21880340576172,9079000,0.0,0.0,0.0,BND
2026-01-07 00:00:00-05:00,73.33725787066236,73.35699540644802,73.238547600125,73.29777526855469,11576600,0.0,0.0,0.0,BND
2026-01-08 00:00:00-05:00,73.15957622236776,73.21879634916812,73.13983115974435,73.16944122314453,9906800,0.0,0.0,0.0,BND
2026-01-09 00:00:00-05:00,73.2188096761441,73.39647761941849,73.1694545411371,73.32738494873047,10536800,0.0,0.0,0.0,BND
2026-01-12 00:00:00-05:00,73.24841299026268,73.33725071897577,73.19906539034262,73.25828552246094,9851000,0.0,0.0,0.0,BND
2026-01-13 00:00:00-05:00,73.34711494855998,73.35698748065431,73.25828475131756,73.3175048828125,11835200,0.0,0.0,0.0,BND
2026-01-14 00:00:00-05:00,73.35699327247694,73.49517861056577,73.35699327247694,73.46556854248047,8765900,0.0,0.0,0.0,BND
2026-01-15 00:00:00-05:00,73.48530743649387,73.5050525026066,73.35699462890625,73.35699462890625,9959500,0.0,0.0,0.0,BND
2026-01-16 00:00:00-05:00,73.35698080276232,73.36685333395793,73.21879548816317,73.23853302001953,16105100,0.0,0.0,0.0,BND
2026-01-20 00:00:00-05:00,72.95230836361222,73.07074863363589,72.94243583093159,72.9720458984375,12982700,0.0,0.0,0.0,BND
2026-01-21 00:00:00-05:00,73.05100849093888,73.19906635371888,72.99178082750545,73.1793212890625,11453200,0.0,0.0,0.0,BND
2026-01-22 00:00:00-05:00,73.12995815093558,73.24840593429784,73.09048308701638,73.20892333984375,13512400,0.0,0.0,0.0,BND
2026-01-23 00:00:00-05:00,73.2385476966975,73.29777536520528,73.15959002291439,73.28790283203125,8079700,0.0,0.0,0.0,BND
2026-01-26 00:00:00-05:00,73.37672424316406,73.41620684059093,73.34711417772778,73.37672424316406,7137300,0.0,0.0,0.0,BND
2026-01-27 00:00:00-05:00,73.34711494855998,73.41620761214925,73.28789481706502,73.3175048828125,9827900,0.0,0.0,0.0,BND
2026-01-28 00:00:00-05:00,73.27803029885723,73.29777536520528,73.1892000919001,73.28790283203125,9328300,0.0,0.0,0.0,BND
2026-01-29 00:00:00-05:00,73.18919999539268,73.35699540644802,73.17932746223167,73.29777526855469,16397300,0.0,0.0,0.0,BND
2026-01-30 00:00:00-05:00,73.2878954928195,73.33725062321072,73.20893029640779,73.26815795898438,8977500,0.0,0.0,0.0,BND
2026-02-02 00:00:00-05:00,73.31271828149607,73.32262350650984,73.17407535319514,73.19388580322266,8636400,0.245,0.0,0.0,BND
2026-02-03 00:00:00-05:00,73.14437024442188,73.22359693684727,73.1245597935789,73.21369171142578,11287100,0.0,0.0,0.0,BND
2026-02-04 00:00:00-05:00,73.17407762379997,73.2433990901015,73.13446427798864,73.1839828491211,11709600,0.0,0.0,0.0,BND
2026-02-05 00:00:00-05:00,73.34242400721443,73.52068027427933,73.29291299470749,73.5008773803711,12216700,0.0,0.0,0.0,BND
2026-02-06 00:00:00-05:00,73.51078796386719,73.53059085921902,73.4117508206883,73.51078796386719,8257200,0.0,0.0,0.0,BND
2026-02-09 00:00:00-05:00,73.45136717647026,73.55039676823355,73.42165905448863,73.53059387207031,9429800,0.0,0.0,0.0,BND
2026-02-10 00:00:00-05:00,73.72864078457053,73.79796224281466,73.70883789170318,73.74845123291016,8288400,0.0,0.0,0.0,BND
2026-02-11 00:00:00-05:00,73.59000932506932,73.75836794027826,73.57020642911893,73.59991455078125,7968800,0.0,0.0,0.0,BND
2026-02-12 00:00:00-05:00,73.73855588706017,73.95642551514914,73.70884776604318,73.9366226196289,9884300,0.0,0.0,0.0,BND
2026-02-13 00:00:00-05:00,74.11486663647203,74.17429043020351,74.0851585173427,74.15447998046875,8307900,0.0,0.0,0.0,BND
2026-02-17 00:00:00-05:00,74.16438755064989,74.18419800101114,74.1049713105123,74.14458465576172,9689000,0.0,0.0,0.0,BND
2026-02-18 00:00:00-05:00,74.06535339355469,74.13467485459401,74.04554294441625,74.06535339355469,6972500,0.0,0.0,0.0,BND
2026-02-19 00:00:00-05:00,73.99603267559053,74.12477037439275,73.99603267559053,74.09506225585938,8147900,0.0,0.0,0.0,BND
2026-02-20 00:00:00-05:00,74.1148674212017,74.1148674212017,73.96632682398229,74.08515930175781,9131300,0.0,0.0,0.0,BND
2026-02-23 00:00:00-05:00,74.11486131976096,74.29311757722238,74.11486131976096,74.24360656738281,6286900,0.0,0.0,0.0,BND
2026-02-24 00:00:00-05:00,74.22379764422485,74.24360809294555,74.16438140900758,74.20399475097656,9854400,0.0,0.0,0.0,BND
2026-02-25 00:00:00-05:00,74.15448079723852,74.24361271108107,74.14458312773493,74.18419647216797,7002000,0.0,0.0,0.0,BND
2026-02-26 00:00:00-05:00,74.20399698238464,74.30302656254884,74.20399698238464,74.29312133789062,14876200,0.0,0.0,0.0,BND
2026-02-27 00:00:00-05:00,74.42187038395582,74.501097074313,74.40205993363001,74.4416732788086,8500900,0.0,0.0,0.0,BND
2026-03-02 00:00:00-05:00,74.22115320616207,74.24101634701317,74.05228998432153,74.14168548583984,8732600,0.228,0.0,0.0,BND
2026-03-03 00:00:00-05:00,73.83376509557353,74.16156379159106,73.81389437423081,74.06222534179688,8939900,0.0,0.0,0.0,BND
2026-03-04 00:00:00-05:00,74.07215498590776,74.10195348716242,74.00262262349383,74.01255798339844,11305400,0.0,0.0,0.0,BND
2026-03-05 00:00:00-05:00,73.78408433765594,73.87348741280438,73.74435047964091,73.84368133544922,10025800,0.0,0.0,0.0,BND
2026-03-06 00:00:00-05:00,73.62516024636939,73.92315282902202,73.57549102669783,73.74435424804688,10878000,0.0,0.0,0.0,BND
2026-03-09 00:00:00-04:00,73.65495694854846,74.0026187423847,73.61522308947308,73.95294952392578,8201800,0.0,0.0,0.0,BND
2026-03-10 00:00:00-04:00,73.89335816419629,73.95295516812854,73.71455957394022,73.72449493408203,8622900,0.0,0.0,0.0,BND
2026-03-11 00:00:00-04:00,73.59535973484368,73.60529509522138,73.35696413499562,73.39669799804688,9003400,0.0,0.0,0.0,BND
2026-03-12 00:00:00-04:00,73.28742976148139,73.3370989835496,73.06889730991614,73.12850189208984,12383500,0.0,0.0,0.0,BND
2026-03-13 00:00:00-04:00,73.2476939565747,73.30729853716734,73.01923372942329,73.05896759033203,7060100,0.0,0.0,0.0,BND
2026-03-16 00:00:00-04:00,73.33708953857422,73.3867511757873,73.2476864660574,73.33708953857422,7716600,0.0,0.0,0.0,BND
2026-03-17 00:00:00-04:00,73.4364300209797,73.51589774509097,73.4364300209797,73.48609924316406,5948100,0.0,0.0,0.0,BND
2026-03-18 00:00:00-04:00,73.40662753298321,73.4562891740116,73.17815973318422,73.18809509277344,9210900,0.0,0.0,0.0,BND
2026-03-19 00:00:00-04:00,73.02916731121763,73.36690136653723,73.00930416841516,73.26757049560547,8861500,0.0,0.0,0.0,BND
2026-03-20 00:00:00-04:00,73.01922967625161,73.03909281637388,72.67156788567209,72.6814956665039,12983200,0.0,0.0,0.0,BND
2026-03-23 00:00:00-04:00,72.81063274678054,73.11856067926959,72.75102816937785,72.95962524414062,14898800,0.0,0.0,0.0,BND
2026-03-24 00:00:00-04:00,72.6914368172779,72.91990462840904,72.63183981370423,72.77090454101562,11800800,0.0,0.0,0.0,BND
2026-03-25 00:00:00-04:00,73.0788249879826,73.12849420482958,72.95962341462494,73.04902648925781,9313300,0.0,0.0,0.0,BND
2026-03-26 00:00:00-04:00,72.84043491088778,72.93976577361143,72.61196710601024,72.62190246582031,8602900,0.0,0.0,0.0,BND
2026-03-27 00:00:00-04:00,72.49277310212547,72.72123332854397,72.4530392413442,72.62190246582031,13021800,0.0,0.0,0.0,BND
2026-03-30 00:00:00-04:00,72.98943328857422,73.10862728967363,72.92982870956564,72.98943328857422,10353800,0.0,0.0,0.0,BND
2026-03-31 00:00:00-04:00,73.17815970635257,73.2874259264174,73.07882884587333,73.14836120605469,10948300,0.0,0.0,0.0,BND
2026-04-01 00:00:00-04:00,73.18823000714416,73.31779924102554,73.14836079573269,73.17826080322266,9624800,0.25,0.0,0.0,BND
2026-04-02 00:00:00-04:00,73.11846117532272,73.40750725638017,73.09852276737416,73.33773803710938,7975600,0.0,0.0,0.0,BND
2026-04-06 00:00:00-04:00,73.20816522864907,73.3178036655784,73.17826521935471,73.22810363769531,9844300,0.0,0.0,0.0,BND
2026-04-07 00:00:00-04:00,73.24803040989002,73.35766884078335,73.0088227444294,73.33773803710938,7270000,0.0,0.0,0.0,BND
2026-04-08 00:00:00-04:00,73.6965565343848,73.70651813451663,73.42744124532713,73.47727966308594,5760200,0.0,0.0,0.0,BND
2026-04-09 00:00:00-04:00,73.43741003834737,73.64671770406697,73.33774080766301,73.5071792602539,5646600,0.0,0.0,0.0,BND
2026-04-10 00:00:00-04:00,73.49720645724955,73.52710646456336,73.38756802758253,73.39753723144531,6334300,0.0,0.0,0.0,BND
2026-04-13 00:00:00-04:00,73.39753761978189,73.57694526888854,73.35766840839435,73.55701446533203,6438100,0.0,0.0,0.0,BND
2026-04-14 00:00:00-04:00,73.5968812553081,73.74638890747141,73.53708123615282,73.7364273071289,5600100,0.0,0.0,0.0,BND
2026-04-15 00:00:00-04:00,73.65668767648782,73.68658768557744,73.57694924939891,73.63674926757812,6724300,0.0,0.0,0.0,BND
2026-04-16 00:00:00-04:00,73.70651488881603,73.71648409278377,73.47727642747996,73.52710723876953,7582500,0.0,0.0,0.0,BND
2026-04-17 00:00:00-04:00,73.81615447998047,73.90586210855115,73.76632366790759,73.81615447998047,5806900,0.0,0.0,0.0,BND
2026-04-20 00:00:00-04:00,73.8061961182692,73.816157718556,73.68658847635223,73.76632690429688,7609600,0.0,0.0,0.0,BND
2026-04-21 00:00:00-04:00,73.69655570904409,73.73642492194965,73.52710965312677,73.53707885742188,5852600,0.0,0.0,0.0,BND
2026-04-22 00:00:00-04:00,73.71648288488852,73.73642129249731,73.60684445586358,73.61681365966797,5936800,0.0,0.0,0.0,BND
2026-04-23 00:00:00-04:00,73.61681288333665,73.68658210068273,73.377605224475,73.48724365234375,6181500,0.0,0.0,0.0,BND
2026-04-24 00:00:00-04:00,73.50717523064301,73.64671366680669,73.41747520922685,73.61681365966797,5118200,0.0,0.0,0.0,BND
2026-04-27 00:00:00-04:00,73.55701526146746,73.60684607303531,73.45733842978251,73.49720764160156,6095200,0.0,0.0,0.0,BND
2026-04-28 00:00:00-04:00,73.40751044078856,73.47727966308594,73.35767202302976,73.47727966308594,7242000,0.0,0.0,0.0,BND
2026-04-29 00:00:00-04:00,73.30783805259516,73.30783805259516,73.07859198676188,73.14836120605469,7207000,0.0,0.0,0.0,BND
2026-04-30 00:00:00-04:00,73.28790324398943,73.33774166204967,73.20816481680305,73.25800323486328,7829100,0.0,0.0,0.0,BND
2026-05-01 00:00:00-04:00,73.30000305175781,73.52999877929688,73.26000213623047,73.36000061035156,6933100,0.242,0.0,0.0,BND
2026-05-04 00:00:00-04:00,73.26000213623047,73.27999877929688,72.9800033569336,73.11000061035156,7912200,0.0,0.0,0.0,BND
2026-05-05 00:00:00-04:00,73.19000244140625,73.30999755859375,73.18000030517578,73.23999786376953,8336200,0.0,0.0,0.0,BND
2026-05-06 00:00:00-04:00,73.5,73.56999969482422,73.47000122070312,73.55000305175781,7658300,0.0,0.0,0.0,BND
2026-05-07 00:00:00-04:00,73.6500015258789,73.6500015258789,73.31999969482422,73.36000061035156,9777000,0.0,0.0,0.0,BND
2026-05-08 00:00:00-04:00,73.55999755859375,73.61000061035156,73.5199966430664,73.55000305175781,7379700,0.0,0.0,0.0,BND
